{
    "0.0625": {
        "em_test": {
            "acc": [
                0.32474781439139205,
                0.01862750333437832
            ]
        },
        "em_val": {
            "acc": [
                0.37480314960629924,
                0.025196850393700784
            ]
        },
        "lm_val": [
            {
                "acc": [
                    0.21102362204724406,
                    0.020773080249248697
                ]
            }
        ],
        "lm_test": {
            "acc": [
                0.20208473436449226,
                0.0
            ]
        },
        "tuned_em_val": [
            {
                "acc": [
                    1.0,
                    0.0
                ]
            }
        ],
        "tuned_em_test": {
            "acc": [
                0.5850706119704102,
                0.019106432663972862
            ]
        }
    },
    "0.125": {
        "em_test": {
            "acc": [
                0.32602555480833895,
                0.01807072908290885
            ]
        },
        "em_val": {
            "acc": [
                0.38188976377952755,
                0.02914449688712085
            ]
        },
        "lm_val": [
            {
                "acc": [
                    0.20866141732283464,
                    0.029037935298560275
                ]
            }
        ],
        "lm_test": {
            "acc": [
                0.20208473436449226,
                0.0
            ]
        },
        "tuned_em_val": [
            {
                "acc": [
                    1.0,
                    0.0
                ]
            }
        ],
        "tuned_em_test": {
            "acc": [
                0.6864156018829859,
                0.01251202122884489
            ]
        }
    },
    "0.25": {
        "em_test": {
            "acc": [
                0.33100201748486885,
                0.014683816108935674
            ]
        },
        "em_val": {
            "acc": [
                0.37401574803149606,
                0.016933711155595724
            ]
        },
        "lm_val": [
            {
                "acc": [
                    0.20590551181102362,
                    0.018280609080699055
                ]
            }
        ],
        "lm_test": {
            "acc": [
                0.20208473436449226,
                0.0
            ]
        },
        "tuned_em_val": [
            {
                "acc": [
                    1.0,
                    0.0
                ]
            }
        ],
        "tuned_em_test": {
            "acc": [
                0.7611297915265635,
                0.010021303132407662
            ]
        }
    },
    "0.5": {
        "em_test": {
            "acc": [
                0.33644922663080024,
                0.015943379033024233
            ]
        },
        "em_val": {
            "acc": [
                0.3559055118110236,
                0.01375982843881991
            ]
        },
        "lm_val": [
            {
                "acc": [
                    0.21003937007874018,
                    0.006976395727035176
                ]
            }
        ],
        "lm_test": {
            "acc": [
                0.20208473436449226,
                0.0
            ]
        },
        "tuned_em_val": [
            {
                "acc": [
                    1.0,
                    0.0
                ]
            }
        ],
        "tuned_em_test": {
            "acc": [
                0.8098856758574311,
                0.00843331198638668
            ]
        }
    },
    "1.0": {
        "em_test": {
            "acc": [
                0.3410221923335575,
                0.020014380885274314
            ]
        },
        "em_val": {
            "acc": [
                0.35405804230201676,
                0.012557595019357002
            ]
        },
        "lm_val": [
            {
                "acc": [
                    0.20639449090014755,
                    0.001882058678771174
                ]
            }
        ],
        "lm_test": {
            "acc": [
                0.20208473436449226,
                0.0
            ]
        },
        "tuned_em_val": [
            {
                "acc": [
                    1.0,
                    0.0
                ]
            }
        ],
        "tuned_em_test": {
            "acc": [
                0.8439139206455952,
                0.004025993153220118
            ]
        }
    }
}