{
    "0.5": {
        "em_test": {
            "acc": [
                0.9583999999999999,
                0.007525955088890718
            ]
        },
        "em_val": {
            "acc": [
                0.9419999999999998,
                0.009879271228182756
            ]
        }
    },
    "0.25": {
        "em_test": {
            "acc": [
                0.952,
                0.004732863826479697
            ]
        },
        "em_val": {
            "acc": [
                0.9276000000000002,
                0.006621178142898745
            ]
        }
    },
    "0.125": {
        "em_test": {
            "acc": [
                0.9404,
                0.008890444308357113
            ]
        },
        "em_val": {
            "acc": [
                0.908,
                0.012066482503198696
            ]
        }
    },
    "0.1875": {
        "em_test": {
            "acc": [
                0.9456,
                0.01694225486763787
            ]
        },
        "em_val": {
            "acc": [
                0.9224,
                0.0046303347611160945
            ]
        }
    },
    "0.15625": {
        "em_test": {
            "acc": [
                0.9436,
                0.010910545357588647
            ]
        },
        "em_val": {
            "acc": [
                0.9180000000000001,
                0.009465727652959393
            ]
        }
    }
}