{
    "30": {
        "em_test": {
            "acc": [
                0.5204000000000001,
                0.04130665805896187
            ]
        },
        "em_val": {
            "acc": [
                0.6333333333333333,
                0.16329931618554525
            ]
        },
        "lm_val": [
            {}
        ],
        "lm_test": {}
    }
}