{"0.0625": {"lm_val": {"acc": [0.4516129032258064, 5.551115123125783e-17]}, "lm_test": {"acc": [0.608, 0.0]}, "em_test": {"acc": [0.636, 0.03566510900025405]}, "em_val": {"acc": [0.5419354838709677, 0.024139725075960922]}}, "0.125": {"lm_val": {"acc": [0.5161290322580645, 0.0]}, "lm_test": {"acc": [0.608, 0.0]}, "em_test": {"acc": [0.6288, 0.02869425029513755]}, "em_val": {"acc": [0.6, 0.0064516129032258]}}, "0.25": {"lm_val": {"acc": [0.496, 0.0]}, "lm_test": {"acc": [0.608, 0.0]}, "em_test": {"acc": [0.6676000000000001, 0.009666436778875666]}, "em_val": {"acc": [0.5984, 0.021703455946000875]}}, "0.5": {"lm_val": {"acc": [0.556, 0.0]}, "lm_test": {"acc": [0.608, 0.0]}, "em_test": {"acc": [0.6464000000000001, 0.02846471499945154]}, "em_val": {"acc": [0.6168, 0.011426285485668571]}}, "1.0": {"lm_val": {"acc": [0.512, 0.0]}, "lm_test": {"acc": [0.608, 0.0]}, "em_test": {"acc": [0.6596, 0.02080000000000002]}, "em_val": {"acc": [0.5871999999999999, 0.00844748483277716]}}}