{
    "300": {
        "em_test": {
            "acc": [
                0.6784,
                0.009666436778875614
            ]
        },
        "em_val": {
            "acc": [
                0.6046666666666667,
                0.010456258094238741
            ]
        },
        "lm_val": [
            {
                "acc": [
                    0.4406666666666667,
                    0.0190204568235828
                ]
            }
        ],
        "lm_test": {
            "acc": [
                0.608,
                0.0
            ]
        },
        "tuned_em_val": [
            {
                "acc": [
                    1.0,
                    0.0
                ]
            }
        ],
        "tuned_em_test": {
            "acc": [
                0.9104000000000001,
                0.013169662106523473
            ]
        }
    }
}