{
    "300": {
        "em_test": {
            "acc": [
                0.6648000000000001,
                0.015929846201391915
            ]
        },
        "em_val": {
            "acc": [
                0.6066666666666667,
                0.01801234144814174
            ]
        },
        "lm_val": [
            {
                "acc": [
                    0.506,
                    0.021123972690339804
                ]
            }
        ],
        "lm_test": {
            "acc": [
                0.608,
                0.0
            ]
        },
        "tuned_em_val": [
            {
                "acc": [
                    0.978,
                    0.012400716825158826
                ]
            }
        ],
        "tuned_em_test": {
            "acc": [
                0.9096,
                0.02260619384151169
            ]
        }
    }
}