{"0.0625": {"lm_val": {"acc": [0.4516129032258064, 5.551115123125783e-17]}, "lm_test": {"acc": [0.608, 0.0]}, "em_test": {"acc": [0.5975999999999999, 0.044007272126320204]}, "em_val": {"acc": [0.5612903225806452, 0.015803159630859254]}}, "0.125": {"lm_val": {"acc": [0.5161290322580645, 0.0]}, "lm_test": {"acc": [0.608, 0.0]}, "em_test": {"acc": [0.5868, 0.07406591658786112]}, "em_val": {"acc": [0.603225806451613, 0.0079015798154296]}}, "0.25": {"lm_val": {"acc": [0.496, 0.0]}, "lm_test": {"acc": [0.608, 0.0]}, "em_test": {"acc": [0.634, 0.04216159389776436]}, "em_val": {"acc": [0.5856000000000001, 0.043347894989261004]}}, "0.5": {"lm_val": {"acc": [0.556, 0.0]}, "lm_test": {"acc": [0.608, 0.0]}, "em_test": {"acc": [0.6392, 0.05775257570013652]}, "em_val": {"acc": [0.6176, 0.018693314312876692]}}, "1.0": {"lm_val": {"acc": [0.512, 0.0]}, "lm_test": {"acc": [0.608, 0.0]}, "em_test": {"acc": [0.6404, 0.03688685402687525]}, "em_val": {"acc": [0.584, 0.008099382692526642]}}}