{
    "300": {
        "em_test": {
            "acc": [
                0.6708000000000001,
                0.007332121111929351
            ]
        },
        "em_val": {
            "acc": [
                0.6033333333333333,
                0.012823589374447542
            ]
        },
        "lm_val": [
            {
                "acc": [
                    0.506,
                    0.021123972690339804
                ]
            }
        ],
        "lm_test": {
            "acc": [
                0.608,
                0.0
            ]
        }
    }
}