{
    "0.0625": {
        "em_test": {
            "acc": [
                0.6736000000000001,
                0.010071742649611345
            ]
        },
        "em_val": {
            "acc": [
                0.6387096774193549,
                0.06255070783763005
            ]
        },
        "lm_val": [
            {
                "acc": [
                    0.5096774193548387,
                    0.024139725075960888
                ]
            }
        ],
        "lm_test": {
            "acc": [
                0.608,
                0.0
            ]
        },
        "tuned_em_val": [
            {
                "acc": [
                    1.0,
                    0.0
                ]
            }
        ],
        "tuned_em_test": {
            "acc": [
                0.772,
                0.03906916943063929
            ]
        }
    },
    "0.125": {
        "em_test": {
            "acc": [
                0.6852,
                0.009846826900072901
            ]
        },
        "em_val": {
            "acc": [
                0.603225806451613,
                0.02991489837256676
            ]
        },
        "lm_val": [
            {
                "acc": [
                    0.4903225806451613,
                    0.029914898372566782
                ]
            }
        ],
        "lm_test": {
            "acc": [
                0.608,
                0.0
            ]
        },
        "tuned_em_val": [
            {
                "acc": [
                    1.0,
                    0.0
                ]
            }
        ],
        "tuned_em_test": {
            "acc": [
                0.8075999999999999,
                0.07145795966860516
            ]
        }
    },
    "0.25": {
        "em_test": {
            "acc": [
                0.6908000000000001,
                0.007222188034107074
            ]
        },
        "em_val": {
            "acc": [
                0.6208,
                0.0322391066873758
            ]
        },
        "lm_val": [
            {
                "acc": [
                    0.5104,
                    0.03333226664959947
                ]
            }
        ],
        "lm_test": {
            "acc": [
                0.608,
                0.0
            ]
        },
        "tuned_em_val": [
            {
                "acc": [
                    1.0,
                    0.0
                ]
            }
        ],
        "tuned_em_test": {
            "acc": [
                0.898,
                0.02007984063681783
            ]
        }
    },
    "0.5": {
        "em_test": {
            "acc": [
                0.6908000000000001,
                0.007222188034107074
            ]
        },
        "em_val": {
            "acc": [
                0.6192,
                0.026581196361337864
            ]
        },
        "lm_val": [
            {
                "acc": [
                    0.5184,
                    0.028352072234670987
                ]
            }
        ],
        "lm_test": {
            "acc": [
                0.608,
                0.0
            ]
        },
        "tuned_em_val": [
            {
                "acc": [
                    1.0,
                    0.0
                ]
            }
        ],
        "tuned_em_test": {
            "acc": [
                0.9112,
                0.020536796244789515
            ]
        }
    },
    "1.0": {
        "em_test": {
            "acc": [
                0.6924,
                0.009583318840568716
            ]
        },
        "em_val": {
            "acc": [
                0.6104,
                0.0029393876913398165
            ]
        },
        "lm_val": [
            {
                "acc": [
                    0.5096,
                    0.004963869458396347
                ]
            }
        ],
        "lm_test": {
            "acc": [
                0.608,
                0.0
            ]
        },
        "tuned_em_val": [
            {
                "acc": [
                    1.0,
                    0.0
                ]
            }
        ],
        "tuned_em_test": {
            "acc": [
                0.9380000000000001,
                0.006066300355241202
            ]
        }
    }
}