{"0.0625": {"lm_val": {"acc": [0.4516129032258064, 5.551115123125783e-17]}, "lm_test": {"acc": [0.608, 0.0]}, "em_test": {"acc": [0.6355999999999999, 0.03664751014734838]}, "em_val": {"acc": [0.5225806451612903, 0.024139725075960888]}}, "0.125": {"lm_val": {"acc": [0.5161290322580645, 0.0]}, "lm_test": {"acc": [0.608, 0.0]}, "em_test": {"acc": [0.5551999999999999, 0.06460464379593775]}, "em_val": {"acc": [0.5935483870967742, 0.012069862537980446]}}, "0.25": {"lm_val": {"acc": [0.496, 0.0]}, "lm_test": {"acc": [0.608, 0.0]}, "em_test": {"acc": [0.634, 0.08779066009547941]}, "em_val": {"acc": [0.5888000000000001, 0.038731898998112635]}}, "0.5": {"lm_val": {"acc": [0.556, 0.0]}, "lm_test": {"acc": [0.608, 0.0]}, "em_test": {"acc": [0.6024, 0.03847908522821196]}, "em_val": {"acc": [0.608, 0.014310835055998667]}}, "1.0": {"lm_val": {"acc": [0.512, 0.0]}, "lm_test": {"acc": [0.608, 0.0]}, "em_test": {"acc": [0.6352, 0.04243771907159954]}, "em_val": {"acc": [0.5968, 0.01844342701343762]}}}