{
    "30": {
        "em_test": {
            "acc": [
                0.6704000000000001,
                0.01890608367695434
            ]
        },
        "em_val": {
            "acc": [
                0.6799999999999999,
                0.05416025603090639
            ]
        },
        "lm_val": [
            {
                "acc": [
                    0.47333333333333333,
                    0.05734883511361751
                ]
            }
        ],
        "lm_test": {
            "acc": [
                0.608,
                0.0
            ]
        },
        "tuned_em_val": [
            {
                "acc": [
                    1.0,
                    0.0
                ]
            }
        ],
        "tuned_em_test": {
            "acc": [
                0.5732,
                0.08889184439530996
            ]
        }
    }
}