{
    "30": {
        "em_test": {
            "acc": [
                0.6612,
                0.018701871564097552
            ]
        },
        "em_val": {
            "acc": [
                0.5866666666666667,
                0.04988876515698587
            ]
        },
        "lm_val": [
            {
                "acc": [
                    0.44000000000000006,
                    0.03265986323710903
                ]
            }
        ],
        "lm_test": {
            "acc": [
                0.608,
                0.0
            ]
        },
        "tuned_em_val": [
            {
                "acc": [
                    1.0,
                    0.0
                ]
            }
        ],
        "tuned_em_test": {
            "acc": [
                0.7788,
                0.058495811815889844
            ]
        }
    }
}