{"0.0625": {"em_val": {"acc": [0.8903225806451612, 0.0158031596308592]}, "em_test": {"acc": [0.42279999999999995, 0.05316540228381612]}}, "0.125": {"em_val": {"acc": [0.9225806451612903, 0.01880952224143647]}, "em_test": {"acc": [0.5448, 0.07767213142434036]}}, "0.25": {"em_val": {"acc": [0.9648, 0.0064000000000000055]}, "em_test": {"acc": [0.7607999999999999, 0.03647684196856962]}}, "0.5": {"em_val": {"acc": [0.9751999999999998, 0.009927738916792694]}, "em_test": {"acc": [0.8692, 0.027672368890284786]}}, "1.0": {"em_val": {"acc": [0.9739999999999999, 0.006811754546370567]}, "em_test": {"acc": [0.9244, 0.012092973166264754]}}}