{
    "30": {
        "em_test": {
            "acc": [
                0.5351999999999999,
                0.10232966334352911
            ]
        },
        "em_val": {
            "acc": [
                1.0,
                0.0
            ]
        },
        "lm_val": [
            {}
        ],
        "lm_test": {}
    }
}