{"em_val": {"acc": [0.9548, 0.003709447398198285]}, "em_test": {"acc": [0.9648, 0.00271293199325011]}}