{
    "30": {
        "em_test": {
            "acc": [
                0.5488000000000001,
                0.11118704960560831
            ]
        },
        "em_val": {
            "acc": [
                1.0,
                0.0
            ]
        },
        "lm_val": [
            {}
        ],
        "lm_test": {}
    }
}