{
    "300": {
        "em_test": {
            "acc": [
                0.9176,
                0.014108153670838732
            ]
        },
        "em_val": {
            "acc": [
                0.9133333333333333,
                0.012472191289246464
            ]
        },
        "lm_val": [
            {}
        ],
        "lm_test": {}
    }
}