{"0.0625": {"lm_val": {"acc": [0.4129032258064516, 0.012903225806451623]}, "lm_test": {"acc": [0.5632, 0.02869425029513751]}, "em_test": {"acc": [0.5336000000000001, 0.06554876047645752]}, "em_val": {"acc": [0.4838709677419355, 0.0]}}, "0.125": {"lm_val": {"acc": [0.5161290322580645, 0.0]}, "lm_test": {"acc": [0.5656000000000001, 0.018863721796082526]}, "em_test": {"acc": [0.5648, 0.02096091601051822]}, "em_val": {"acc": [0.5774193548387097, 0.012069862537980446]}}, "0.25": {"lm_val": {"acc": [0.5088, 0.015676734353812352]}, "lm_test": {"acc": [0.5763999999999999, 0.004454211490264022]}, "em_test": {"acc": [0.5519999999999999, 0.05778581140729963]}, "em_val": {"acc": [0.544, 0.03505424368033061]}}, "0.5": {"lm_val": {"acc": [0.552, 0.0]}, "lm_test": {"acc": [0.576, 0.0]}, "em_test": {"acc": [0.5316, 0.058861192648467446]}, "em_val": {"acc": [0.5711999999999999, 0.005878775382679633]}}, "1.0": {"lm_val": {"acc": [0.496, 0.0030983866769659363]}, "lm_test": {"acc": [0.5771999999999999, 0.0024000000000000024]}, "em_test": {"acc": [0.5591999999999999, 0.059040325202356386]}, "em_val": {"acc": [0.5307999999999999, 0.008634813257969168]}}}