{
    "300": {
        "em_test": {
            "acc": [
                0.6696,
                0.01812843070979945
            ]
        },
        "em_val": {
            "acc": [
                0.5980000000000001,
                0.018926759422104523
            ]
        },
        "lm_val": [
            {
                "acc": [
                    0.506,
                    0.021123972690339804
                ]
            }
        ],
        "lm_test": {
            "acc": [
                0.608,
                0.0
            ]
        }
    }
}