{"0.0625": {"lm_val": {"acc": [0.3870967741935484, 0.0]}, "lm_test": {"acc": [0.5, 0.0]}, "em_test": {"acc": [0.4312, 0.024350770008359085]}, "em_val": {"acc": [0.4193548387096774, 5.551115123125783e-17]}}, "0.125": {"lm_val": {"acc": [0.5, 0.0]}, "lm_test": {"acc": [0.5, 0.0]}, "em_test": {"acc": [0.4812, 0.027614488950549132]}, "em_val": {"acc": [0.5161290322580645, 0.0]}}, "0.25": {"lm_val": {"acc": [0.472, 0.0]}, "lm_test": {"acc": [0.5, 0.0]}, "em_test": {"acc": [0.49319999999999997, 0.04584495610206207]}, "em_val": {"acc": [0.4864, 0.0032000000000000028]}}, "0.5": {"lm_val": {"acc": [0.548, 0.0]}, "lm_test": {"acc": [0.5, 0.0]}, "em_test": {"acc": [0.46160000000000007, 0.05546025603979845]}, "em_val": {"acc": [0.5496000000000001, 0.00741889479639657]}}, "1.0": {"lm_val": {"acc": [0.488, 0.0]}, "lm_test": {"acc": [0.5, 0.0]}, "em_test": {"acc": [0.47359999999999997, 0.039342597778997776]}, "em_val": {"acc": [0.49160000000000004, 0.002332380757938122]}}}