{
    "30": {
        "em_test": {
            "acc": [
                0.6624000000000001,
                0.03616407056734626
            ]
        },
        "em_val": {
            "acc": [
                0.6399999999999999,
                0.06798692684790378
            ]
        },
        "lm_val": [
            {
                "acc": [
                    0.5066666666666666,
                    0.024944382578492935
                ]
            }
        ],
        "lm_test": {
            "acc": [
                0.608,
                0.0
            ]
        },
        "tuned_em_val": [
            {
                "acc": [
                    1.0,
                    0.0
                ]
            }
        ],
        "tuned_em_test": {
            "acc": [
                0.8148,
                0.04040989977715855
            ]
        }
    }
}