{
    "em_test": {
        "acc": [
            0.9655999999999999,
            0.0032000000000000028
        ]
    },
    "em_val": {
        "acc": [
            0.9620000000000001,
            0.0028284271247461927
        ]
    },
    "lm_val": [
        {}
    ],
    "lm_test": {}
}