{
    "30": {
        "em_test": {
            "acc": [
                0.6519999999999999,
                0.01338656042454522
            ]
        },
        "em_val": {
            "acc": [
                0.6333333333333332,
                0.06324555320336757
            ]
        },
        "lm_val": [
            {
                "acc": [
                    0.5066666666666666,
                    0.024944382578492935
                ]
            }
        ],
        "lm_test": {
            "acc": [
                0.608,
                0.0
            ]
        },
        "tuned_em_val": [
            {
                "acc": [
                    0.9133333333333333,
                    0.026666666666666658
                ]
            }
        ],
        "tuned_em_test": {
            "acc": [
                0.49879999999999997,
                0.05826285265930599
            ]
        }
    }
}