{
    "30": {
        "em_test": {
            "acc": [
                0.6036000000000001,
                0.04580654975000846
            ]
        },
        "em_val": {
            "acc": [
                1.0,
                0.0
            ]
        },
        "lm_val": [
            {}
        ],
        "lm_test": {}
    }
}