{
    "300": {
        "em_test": {
            "acc": [
                0.9119999999999999,
                0.036287738976133514
            ]
        },
        "em_val": {
            "acc": [
                0.9266666666666667,
                0.027080128015453217
            ]
        },
        "lm_val": [
            {}
        ],
        "lm_test": {}
    }
}