{
    "30": {
        "em_test": {
            "acc": [
                0.668,
                0.010353743284435836
            ]
        },
        "em_val": {
            "acc": [
                0.6666666666666666,
                0.029814239699997188
            ]
        },
        "lm_val": [
            {
                "acc": [
                    0.47333333333333333,
                    0.05734883511361751
                ]
            }
        ],
        "lm_test": {
            "acc": [
                0.608,
                0.0
            ]
        },
        "tuned_em_val": [
            {
                "acc": [
                    1.0,
                    0.0
                ]
            }
        ],
        "tuned_em_test": {
            "acc": [
                0.562,
                0.08893143426258233
            ]
        }
    }
}