{
    "em_test": {
        "acc": [
            0.9696,
            0.0014966629547095778
        ]
    },
    "em_val": {
        "acc": [
            0.9628,
            0.0029933259094191557
        ]
    },
    "lm_val": [
        {}
    ],
    "lm_test": {}
}