{"0.0625": {"lm_val": {"acc": [0.2903225806451613, 0.0]}, "lm_test": {"acc": [0.244, 0.0]}, "em_test": {"acc": [0.18880000000000002, 0.02902688409044278]}, "em_val": {"acc": [0.4064516129032258, 0.02580645161290323]}}, "0.125": {"lm_val": {"acc": [0.25806451612903225, 0.0]}, "lm_test": {"acc": [0.31, 0.0]}, "em_test": {"acc": [0.31, 0.02403331021727969]}, "em_val": {"acc": [0.3290322580645161, 0.019354838709677417]}}, "0.25": {"lm_val": {"acc": [0.256, 0.0]}, "lm_test": {"acc": [0.294, 0.0]}, "em_test": {"acc": [0.29800000000000004, 0.022199099080818574]}, "em_val": {"acc": [0.2864, 0.013763720427268191]}}, "0.5": {"lm_val": {"acc": [0.252, 0.0]}, "lm_test": {"acc": [0.276, 0.0]}, "em_test": {"acc": [0.276, 0.0]}, "em_val": {"acc": [0.292, 0.0]}}, "1.0": {"lm_val": {"acc": [0.24, 0.0]}, "lm_test": {"acc": [0.314, 0.0]}, "em_test": {"acc": [0.278, 0.0025298221281346883]}, "em_val": {"acc": [0.27040000000000003, 0.027170572316386712]}}}