{
    "300": {
        "em_test": {
            "acc": [
                0.6652,
                0.01690443728729237
            ]
        },
        "em_val": {
            "acc": [
                0.6020000000000001,
                0.012036980056845179
            ]
        },
        "lm_val": [
            {
                "acc": [
                    0.506,
                    0.021123972690339804
                ]
            }
        ],
        "lm_test": {
            "acc": [
                0.608,
                0.0
            ]
        },
        "tuned_em_val": [
            {
                "acc": [
                    0.9826666666666666,
                    0.003265986323710898
                ]
            }
        ],
        "tuned_em_test": {
            "acc": [
                0.9252,
                0.011634431657799172
            ]
        }
    }
}