{
    "300": {
        "em_test": {
            "acc": [
                0.6668000000000001,
                0.009516301802696263
            ]
        },
        "em_val": {
            "acc": [
                0.6006666666666666,
                0.009521904571390452
            ]
        },
        "lm_val": [
            {
                "acc": [
                    0.506,
                    0.021123972690339804
                ]
            }
        ],
        "lm_test": {
            "acc": [
                0.608,
                0.0
            ]
        },
        "tuned_em_val": [
            {
                "acc": [
                    0.9853333333333334,
                    0.002666666666666689
                ]
            }
        ],
        "tuned_em_test": {
            "acc": [
                0.9303999999999999,
                0.0194072151531331
            ]
        }
    }
}