{
    "0.0625": {
        "em_test": {
            "acc": [
                0.7829297820823246,
                0.004221693892049063
            ]
        },
        "em_val": {
            "acc": [
                0.7922330097087379,
                0.031519772972326054
            ]
        },
        "lm_val": [
            {
                "acc": [
                    0.541747572815534,
                    0.028570755280703214
                ]
            }
        ],
        "lm_test": {
            "acc": [
                0.5550847457627118,
                0.0
            ]
        },
        "tuned_em_val": [
            {
                "acc": [
                    1.0,
                    0.0
                ]
            }
        ],
        "tuned_em_test": {
            "acc": [
                0.8296610169491526,
                0.006435851748184984
            ]
        }
    },
    "0.125": {
        "em_test": {
            "acc": [
                0.7826876513317191,
                0.006348721841223678
            ]
        },
        "em_val": {
            "acc": [
                0.7956416464891041,
                0.0256521503886664
            ]
        },
        "lm_val": [
            {
                "acc": [
                    0.5602905569007264,
                    0.02677050839919664
                ]
            }
        ],
        "lm_test": {
            "acc": [
                0.5550847457627118,
                0.0
            ]
        },
        "tuned_em_val": [
            {
                "acc": [
                    1.0,
                    0.0
                ]
            }
        ],
        "tuned_em_test": {
            "acc": [
                0.845278450363196,
                0.005963007436331598
            ]
        }
    },
    "0.25": {
        "em_test": {
            "acc": [
                0.784503631961259,
                0.009931789008229363
            ]
        },
        "em_val": {
            "acc": [
                0.7953995157384988,
                0.014097749760784171
            ]
        },
        "lm_val": [
            {
                "acc": [
                    0.552542372881356,
                    0.017301762794140283
                ]
            }
        ],
        "lm_test": {
            "acc": [
                0.5550847457627118,
                0.0
            ]
        },
        "tuned_em_val": [
            {
                "acc": [
                    1.0,
                    0.0
                ]
            }
        ],
        "tuned_em_test": {
            "acc": [
                0.8594430992736077,
                0.005898754341443004
            ]
        }
    },
    "0.5": {
        "em_test": {
            "acc": [
                0.7897094430992736,
                0.006048424211523869
            ]
        },
        "em_val": {
            "acc": [
                0.7911622276029056,
                0.010609637917775607
            ]
        },
        "lm_val": [
            {
                "acc": [
                    0.5475786924939468,
                    0.00894246262112319
                ]
            }
        ],
        "lm_test": {
            "acc": [
                0.5550847457627118,
                0.0
            ]
        },
        "tuned_em_val": [
            {
                "acc": [
                    1.0,
                    0.0
                ]
            }
        ],
        "tuned_em_test": {
            "acc": [
                0.877360774818402,
                0.001779290370060396
            ]
        }
    },
    "1.0": {
        "em_test": {
            "acc": [
                0.7887409200968524,
                0.0058312806676960255
            ]
        },
        "em_val": {
            "acc": [
                0.7934644478063541,
                0.0033725566821404557
            ]
        },
        "lm_val": [
            {
                "acc": [
                    0.550196671709531,
                    0.0025716828273374395
                ]
            }
        ],
        "lm_test": {
            "acc": [
                0.5550847457627118,
                0.0
            ]
        },
        "tuned_em_val": [
            {
                "acc": [
                    1.0,
                    0.0
                ]
            }
        ],
        "tuned_em_test": {
            "acc": [
                0.8864406779661017,
                0.0036036019530598395
            ]
        }
    }
}