{
    "0.0625": {
        "em_test": {
            "acc": [
                0.7863111111111111,
                0.008201896799589173
            ]
        },
        "em_val": {
            "acc": [
                0.7985714285714286,
                0.013850513878332372
            ]
        },
        "lm_val": [
            {
                "acc": [
                    0.5314285714285714,
                    0.027701027756664737
                ]
            }
        ],
        "lm_test": {
            "acc": [
                0.5657777777777778,
                0.0
            ]
        },
        "tuned_em_val": [
            {
                "acc": [
                    1.0,
                    0.0
                ]
            }
        ],
        "tuned_em_test": {
            "acc": [
                0.8179555555555555,
                0.006583781044316869
            ]
        }
    },
    "0.125": {
        "em_test": {
            "acc": [
                0.7835555555555557,
                0.006740333728045813
            ]
        },
        "em_val": {
            "acc": [
                0.7950177935943061,
                0.012850868388090953
            ]
        },
        "lm_val": [
            {
                "acc": [
                    0.5352313167259786,
                    0.028255420984027346
                ]
            }
        ],
        "lm_test": {
            "acc": [
                0.5657777777777778,
                0.0
            ]
        },
        "tuned_em_val": [
            {
                "acc": [
                    1.0,
                    0.0
                ]
            }
        ],
        "tuned_em_test": {
            "acc": [
                0.8393777777777778,
                0.007103329075202527
            ]
        }
    },
    "0.25": {
        "em_test": {
            "acc": [
                0.7871111111111111,
                0.0037607459202322092
            ]
        },
        "em_val": {
            "acc": [
                0.7957295373665481,
                0.014028756828773694
            ]
        },
        "lm_val": [
            {
                "acc": [
                    0.5537366548042705,
                    0.019439858055156814
                ]
            }
        ],
        "lm_test": {
            "acc": [
                0.5657777777777778,
                0.0
            ]
        },
        "tuned_em_val": [
            {
                "acc": [
                    1.0,
                    0.0
                ]
            }
        ],
        "tuned_em_test": {
            "acc": [
                0.8531555555555554,
                0.0074930749922515775
            ]
        }
    },
    "0.5": {
        "em_test": {
            "acc": [
                0.7896,
                0.0033211629675145597
            ]
        },
        "em_val": {
            "acc": [
                0.7918222222222223,
                0.009999901234080158
            ]
        },
        "lm_val": [
            {
                "acc": [
                    0.5584,
                    0.009464058065213289
                ]
            }
        ],
        "lm_test": {
            "acc": [
                0.5657777777777778,
                0.0
            ]
        },
        "tuned_em_val": [
            {
                "acc": [
                    1.0,
                    0.0
                ]
            }
        ],
        "tuned_em_test": {
            "acc": [
                0.8725333333333334,
                0.004275915900730908
            ]
        }
    },
    "1.0": {
        "em_test": {
            "acc": [
                0.7890666666666666,
                0.0017910614826320114
            ]
        },
        "em_val": {
            "acc": [
                0.7972444444444445,
                0.0031351452601863813
            ]
        },
        "lm_val": [
            {
                "acc": [
                    0.5659555555555555,
                    0.0029427458412883307
                ]
            }
        ],
        "lm_test": {
            "acc": [
                0.5657777777777778,
                0.0
            ]
        },
        "tuned_em_val": [
            {
                "acc": [
                    1.0,
                    0.0
                ]
            }
        ],
        "tuned_em_test": {
            "acc": [
                0.8841777777777778,
                0.00045324617898601603
            ]
        }
    }
}