{"em_val": {"f1_binary": [0.8927871267711656, 0.009669176962083243]}, "em_test": {"f1_binary": [0.6406123048070775, 0.05421137360566056]}}