{"0.0625": {"em_val": {"f1_binary": [0.9285714285714286, 0.0]}, "em_test": {"f1_binary": [0.09770818286638837, 0.03778906635675872]}}, "0.125": {"em_val": {"f1_binary": [0.9116216137404134, 0.011061322628330126]}, "em_test": {"f1_binary": [0.3519347149470523, 0.03967402508246041]}}, "0.25": {"em_val": {"f1_binary": [0.9371871683549535, 0.010470078404854073]}, "em_test": {"f1_binary": [0.3824501442339079, 0.04349830992280855]}}, "0.5": {"em_val": {"f1_binary": [0.946783018466901, 0.0022824741331187526]}, "em_test": {"f1_binary": [0.42524629571035205, 0.01813908147255489]}}, "1": {"em_val": {"f1_binary": [0.9370214529926454, 0.0015899903774516462]}, "em_test": {"f1_binary": [0.45214869998363805, 0.010781826076067074]}}}