{"0.0625": {"lm_val": {"f1_binary": [0.5333333333333333, 0.0]}, "em_test": {"f1_binary": [0.5285693285531505, 0.023514080684791227]}, "lm_test": {"f1_binary": [0.69598635976438, 0.00017538809774915774]}, "em_val": {"f1_binary": [0.4814609929078014, 0.03387962191714111]}}, "0.125": {"lm_val": {"f1_binary": [0.6153846153846154, 0.0]}, "em_test": {"f1_binary": [0.5634373407446993, 0.008866459006333424]}, "lm_test": {"f1_binary": [0.69598635976438, 0.00017538809774915774]}, "em_val": {"f1_binary": [0.5559892845835541, 0.013129947793926205]}}, "0.25": {"lm_val": {"f1_binary": [0.6229508196721311, 0.0]}, "em_test": {"f1_binary": [0.5579875142130811, 0.01137992922272917]}, "lm_test": {"f1_binary": [0.69598635976438, 0.00017538809774915774]}, "em_val": {"f1_binary": [0.5519270793377486, 0.013815030002858808]}}, "0.5": {"lm_val": {"f1_binary": [0.6105263157894737, 0.0]}, "em_test": {"f1_binary": [0.5556505128591889, 0.011306747421182954]}, "lm_test": {"f1_binary": [0.69598635976438, 0.00017538809774915774]}, "em_val": {"f1_binary": [0.5766830962947612, 0.006809214501674649]}}, "1": {"lm_val": {"f1_binary": [0.6406112889718758, 0.0007693201533832017]}, "em_test": {"f1_binary": [0.5688253959899058, 0.009817244981446477]}, "lm_test": {"f1_binary": [0.69598635976438, 0.00017538809774915774]}, "em_val": {"f1_binary": [0.5739940452443998, 0.004372249082785175]}}}