{"em_val": {"f1_binary": [0.9812494277604834, 0.003829780074491222]}, "em_test": {"f1_binary": [0.9478385848535102, 0.00667662414683747]}}