{"em_val": {"acc": [0.798, 0.008671793355471528]}, "em_test": {"acc": [0.7648000000000001, 0.01541946821391712]}}