{"em_val": {"acc": [0.9066666666666666, 0.006236095644623214]}, "em_test": {"acc": [0.9128000000000001, 0.013948476619330168]}}