{
    "0.0625": {
        "em_test": {
            "acc": [
                0.579215930304916,
                0.024297208681019238
            ]
        },
        "em_val": {
            "acc": [
                0.642,
                0.019390719429665335
            ]
        },
        "lm_val": [
            {
                "acc": [
                    0.55,
                    0.021908902300206635
                ]
            }
        ],
        "lm_test": {
            "acc": [
                0.5252022401991289,
                0.0
            ]
        },
        "tuned_em_val": [
            {
                "acc": [
                    1.0,
                    0.0
                ]
            }
        ],
        "tuned_em_test": {
            "acc": [
                0.6246421904169259,
                0.018126977728500783
            ]
        }
    },
    "0.125": {
        "em_test": {
            "acc": [
                0.5899191039203485,
                0.011721303973088832
            ]
        },
        "em_val": {
            "acc": [
                0.61,
                0.014142135623730963
            ]
        },
        "lm_val": [
            {
                "acc": [
                    0.5370000000000001,
                    0.018601075237738258
                ]
            }
        ],
        "lm_test": {
            "acc": [
                0.5252022401991289,
                0.0
            ]
        },
        "tuned_em_val": [
            {
                "acc": [
                    1.0,
                    0.0
                ]
            }
        ],
        "tuned_em_test": {
            "acc": [
                0.6850031113876789,
                0.010423102285605503
            ]
        }
    },
    "0.25": {
        "em_test": {
            "acc": [
                0.594914747977598,
                0.0167372992925256
            ]
        },
        "em_val": {
            "acc": [
                0.5970074812967582,
                0.010294148349401665
            ]
        },
        "lm_val": [
            {
                "acc": [
                    0.5331670822942643,
                    0.01396508728179553
                ]
            }
        ],
        "lm_test": {
            "acc": [
                0.5252022401991289,
                0.0
            ]
        },
        "tuned_em_val": [
            {
                "acc": [
                    1.0,
                    0.0
                ]
            }
        ],
        "tuned_em_test": {
            "acc": [
                0.7262719352831363,
                0.020956622310303458
            ]
        }
    },
    "0.5": {
        "em_test": {
            "acc": [
                0.6038581207218419,
                0.005792197276027403
            ]
        },
        "em_val": {
            "acc": [
                0.6072229140722291,
                0.00923897234918626
            ]
        },
        "lm_val": [
            {
                "acc": [
                    0.5334993773349938,
                    0.011183035776161225
                ]
            }
        ],
        "lm_test": {
            "acc": [
                0.5252022401991289,
                0.0
            ]
        },
        "tuned_em_val": [
            {
                "acc": [
                    0.9992528019925281,
                    0.0006100846183768837
                ]
            }
        ],
        "tuned_em_test": {
            "acc": [
                0.7783447417548227,
                0.005167526942632661
            ]
        }
    },
    "1.0": {
        "em_test": {
            "acc": [
                0.6014934660858742,
                0.006947248655608136
            ]
        },
        "em_val": {
            "acc": [
                0.6099564405724953,
                0.003506907978495434
            ]
        },
        "lm_val": [
            {
                "acc": [
                    0.5361543248288737,
                    0.006155202498508132
                ]
            }
        ],
        "lm_test": {
            "acc": [
                0.5252022401991289,
                0.0
            ]
        },
        "tuned_em_val": [
            {
                "acc": [
                    0.9993777224642191,
                    0.0
                ]
            }
        ],
        "tuned_em_test": {
            "acc": [
                0.8199128811449906,
                0.0041389643181869345
            ]
        }
    }
}