{
    "0.5": {
        "em_test": {
            "f1_binary": [
                0.9587043963788149,
                0.009494637427864758
            ]
        },
        "em_val": {
            "f1_binary": [
                0.970342602689931,
                0.012580961269886635
            ]
        }
    },
    "0.25": {
        "em_test": {
            "f1_binary": [
                0.9600879584457328,
                0.012810621808244113
            ]
        },
        "em_val": {
            "f1_binary": [
                0.96566996124031,
                0.009230036047642434
            ]
        }
    },
    "0.125": {
        "em_test": {
            "f1_binary": [
                0.9616895111516095,
                0.005017570502532002
            ]
        },
        "em_val": {
            "f1_binary": [
                0.9521420934317064,
                0.014616091878405
            ]
        }
    },
    "0.0625": {
        "em_test": {
            "f1_binary": [
                0.9599262752751125,
                0.011587207339931876
            ]
        },
        "em_val": {
            "f1_binary": [
                0.951960024849418,
                0.007852604008308688
            ]
        }
    },
    "0.03125": {
        "em_test": {
            "f1_binary": [
                0.9467183720224737,
                0.010859328199722474
            ]
        },
        "em_val": {
            "f1_binary": [
                0.9379476018834854,
                0.014813762058734784
            ]
        }
    }
}