{"0.0625": {"em_test": {"acc": [0.868, 0.0438178046004133]}, "lm_test": {"acc": [0.776, 0.0]}, "em_val": {"acc": [0.9142857142857143, 0.06998542122237654]}, "lm_val": {"acc": [1.0, 0.0]}}, "0.125": {"em_test": {"acc": [0.924, 0.015594870951694316]}, "lm_test": {"acc": [0.776, 0.0]}, "em_val": {"acc": [0.9866666666666667, 0.02666666666666666]}, "lm_val": {"acc": [1.0, 0.0]}}, "0.25": {"em_test": {"acc": [0.9103999999999999, 0.035830713082493915]}, "lm_test": {"acc": [0.776, 0.0]}, "em_val": {"acc": [0.9866666666666667, 0.016329931618554516]}, "lm_val": {"acc": [0.9666666666666667, 0.0]}}, "0.5": {"em_test": {"acc": [0.9216, 0.020953281365934048]}, "lm_test": {"acc": [0.776, 0.0]}, "em_val": {"acc": [0.9566666666666667, 0.016996731711975938]}, "lm_val": {"acc": [0.8333333333333334, 0.0]}}, "1": {"em_test": {"acc": [0.916, 0.017527121840165298]}, "lm_test": {"acc": [0.776, 0.0]}, "em_val": {"acc": [0.9016666666666667, 0.01699673171197597]}, "lm_val": {"acc": [0.7833333333333333, 0.0]}}}