{"0.0625": {"em_test": {"acc": [0.6355999999999999, 0.11234746103050125]}, "lm_test": {"acc": [0.7104, 0.0]}, "em_val": {"acc": [0.6512820512820513, 0.11858801107535567]}, "lm_val": {"acc": [0.7051282051282052, 0.0]}}, "0.125": {"em_test": {"acc": [0.7452, 0.007870959280799276]}, "lm_test": {"acc": [0.7104, 0.0]}, "em_val": {"acc": [0.733974358974359, 0.010726410596590727]}, "lm_val": {"acc": [0.7019230769230769, 0.0]}}, "0.25": {"em_test": {"acc": [0.7464000000000001, 0.008843528707478699]}, "lm_test": {"acc": [0.7104, 0.0]}, "em_val": {"acc": [0.73824, 0.008442179813294683]}, "lm_val": {"acc": [0.7056, 0.0]}}, "0.5": {"em_test": {"acc": [0.6952, 0.09760950773362193]}, "lm_test": {"acc": [0.7104, 0.0]}, "em_val": {"acc": [0.6934400000000001, 0.09473216138144426]}, "lm_val": {"acc": [0.7104, 0.0]}}, "1": {"em_test": {"acc": [0.74936, 0.008089894931332527]}, "lm_test": {"acc": [0.7104, 0.0]}, "em_val": {"acc": [0.74584, 0.006700925309239012]}, "lm_val": {"acc": [0.704, 0.0]}}}