{"0.0625": {"em_test": {"acc": [0.4307405102675793, 0.010021566715219601]}, "lm_test": {"acc": [0.4903546981953951, 0.0]}, "em_val": {"acc": [0.53, 0.024494897427831803]}, "lm_val": {"acc": [0.65, 0.0]}}, "0.125": {"em_test": {"acc": [0.4403235843186061, 0.006958387429244231]}, "lm_test": {"acc": [0.4903546981953951, 0.0]}, "em_val": {"acc": [0.5599999999999999, 0.012247448713915848]}, "lm_val": {"acc": [0.45, 0.0]}}, "0.25": {"em_test": {"acc": [0.5199751088985688, 0.007738290756296117]}, "lm_test": {"acc": [0.4903546981953951, 0.0]}, "em_val": {"acc": [0.6444444444444445, 0.0143974120860378]}, "lm_val": {"acc": [0.5308641975308642, 0.0]}}, "0.5": {"em_test": {"acc": [0.5438705662725576, 0.011754293917229704]}, "lm_test": {"acc": [0.4903546981953951, 0.0]}, "em_val": {"acc": [0.6335403726708074, 0.01800171024371359]}, "lm_val": {"acc": [0.5279503105590062, 0.0]}}, "1": {"em_test": {"acc": [0.6365899191039204, 0.0100107417808041]}, "lm_test": {"acc": [0.4903546981953951, 0.0]}, "em_val": {"acc": [0.6577639751552795, 0.007954191599295465]}, "lm_val": {"acc": [0.5403726708074534, 0.0]}}}