{"0.0625": {"em_test": {"acc": [0.8336, 0.05551792503327192]}, "lm_test": {"acc": [0.856, 0.0]}, "em_val": {"acc": [0.9714285714285713, 0.05714285714285716]}, "lm_val": {"acc": [1.0, 0.0]}}, "0.125": {"em_test": {"acc": [0.8568, 0.024838679514016065]}, "lm_test": {"acc": [0.828, 0.0]}, "em_val": {"acc": [0.9733333333333334, 0.03265986323710903]}, "lm_val": {"acc": [0.9333333333333333, 0.0]}}, "0.25": {"em_test": {"acc": [0.852, 0.013145341380124]}, "lm_test": {"acc": [0.844, 0.0]}, "em_val": {"acc": [0.96, 0.013333333333333332]}, "lm_val": {"acc": [1.0, 0.0]}}, "0.5": {"em_test": {"acc": [0.8928, 0.006881860213634108]}, "lm_test": {"acc": [0.828, 0.0]}, "em_val": {"acc": [0.9133333333333333, 0.006666666666666644]}, "lm_val": {"acc": [0.9, 0.0]}}, "1": {"em_test": {"acc": [0.8968, 0.012749901960407393]}, "lm_test": {"acc": [0.836, 0.0]}, "em_val": {"acc": [0.8966666666666667, 0.004082482904638616]}, "lm_val": {"acc": [0.8666666666666667, 0.0]}}}