{"0.0625": {"em_test": {"acc": [0.8576, 0.00542586398650022]}, "lm_test": {"acc": [0.848, 0.0]}, "em_val": {"acc": [1.0, 0.0]}, "lm_val": {"acc": [1.0, 0.0]}}, "0.125": {"em_test": {"acc": [0.852, 0.014751271131668632]}, "lm_test": {"acc": [0.84, 0.0]}, "em_val": {"acc": [1.0, 0.0]}, "lm_val": {"acc": [1.0, 0.0]}}, "0.25": {"em_test": {"acc": [0.8568, 0.01085172797300044]}, "lm_test": {"acc": [0.848, 0.0]}, "em_val": {"acc": [1.0, 0.0]}, "lm_val": {"acc": [1.0, 0.0]}}, "0.5": {"em_test": {"acc": [0.8832000000000001, 0.006881860213634107]}, "lm_test": {"acc": [0.84, 0.0]}, "em_val": {"acc": [0.9, 0.0]}, "lm_val": {"acc": [0.9333333333333333, 0.0]}}, "1": {"em_test": {"acc": [0.8728, 0.0064000000000000055]}, "lm_test": {"acc": [0.84, 0.0]}, "em_val": {"acc": [0.865, 0.0062360956446232615]}, "lm_val": {"acc": [0.8416666666666667, 0.0]}}}