{"0.0625": {"em_test": {"acc": [0.8704000000000001, 0.0324567404401613]}, "lm_test": {"acc": [0.832, 0.0]}, "em_val": {"acc": [0.9714285714285715, 0.05714285714285716]}, "lm_val": {"acc": [1.0, 0.0]}}, "0.125": {"em_test": {"acc": [0.9072000000000001, 0.009927738916792694]}, "lm_test": {"acc": [0.832, 0.0]}, "em_val": {"acc": [1.0, 0.0]}, "lm_val": {"acc": [1.0, 0.0]}}, "0.25": {"em_test": {"acc": [0.916, 0.014532721699667973]}, "lm_test": {"acc": [0.832, 0.0]}, "em_val": {"acc": [1.0, 0.0]}, "lm_val": {"acc": [1.0, 0.0]}}, "0.5": {"em_test": {"acc": [0.9232000000000001, 0.009260669522232189]}, "lm_test": {"acc": [0.832, 0.0]}, "em_val": {"acc": [0.9666666666666666, 1.1102230246251565e-16]}, "lm_val": {"acc": [0.9166666666666666, 0.0]}}, "1": {"em_test": {"acc": [0.9064, 0.02421239352067451]}, "lm_test": {"acc": [0.832, 0.0]}, "em_val": {"acc": [0.8949999999999999, 0.008498365855987976]}, "lm_val": {"acc": [0.8333333333333334, 0.0]}}}