{"0.0625": {"em_test": {"acc": [0.8428947368421053, 0.004394027676787772]}, "lm_test": {"acc": [0.7347368421052631, 0.0]}, "em_val": {"acc": [0.7881856540084389, 0.007259346216913632]}, "lm_val": {"acc": [0.7046413502109705, 0.0]}}, "0.125": {"em_test": {"acc": [0.8429473684210527, 0.0036894699301730388]}, "lm_test": {"acc": [0.6884210526315789, 0.0]}, "em_val": {"acc": [0.8286315789473685, 0.0039046814717876863]}, "lm_val": {"acc": [0.6610526315789473, 0.0]}}, "0.25": {"em_test": {"acc": [0.8446842105263158, 0.0015911806797716998]}, "lm_test": {"acc": [0.7347368421052631, 0.0]}, "em_val": {"acc": [0.832421052631579, 0.004283576831447554]}, "lm_val": {"acc": [0.7294736842105263, 0.0]}}, "0.5": {"em_test": {"acc": [0.8474210526315789, 0.00539159086704124]}, "lm_test": {"acc": [0.735, 0.0]}, "em_val": {"acc": [0.8247368421052631, 0.0043145055856671916]}, "lm_val": {"acc": [0.7352631578947368, 0.0]}}, "1": {"em_test": {"acc": [0.8492105263157894, 0.003913893145805911]}, "lm_test": {"acc": [0.69, 0.0]}, "em_val": {"acc": [0.8225263157894738, 0.0022242680641174047]}, "lm_val": {"acc": [0.6705263157894736, 0.0]}}}