{"0.0625": {"em_test": {"f1_binary": [0.27947681405338565, 0.07044512364900282]}, "lm_test": {"f1_binary": [0.20280112044817925, 0.0]}, "em_val": {"f1_binary": [0.37885714285714284, 0.06159895160635663]}, "lm_val": {"f1_binary": [0.2222222222222222, 0.0]}}, "0.125": {"em_test": {"f1_binary": [0.3303254864651374, 0.05748684834806791]}, "lm_test": {"f1_binary": [0.20280112044817925, 0.0]}, "em_val": {"f1_binary": [0.4146293689889749, 0.02298083812247119]}, "lm_val": {"f1_binary": [0.19512195121951217, 0.0]}}, "0.25": {"em_test": {"f1_binary": [0.3456634966683566, 0.08840827226536904]}, "lm_test": {"f1_binary": [0.20280112044817925, 0.0]}, "em_val": {"f1_binary": [0.37877553894291394, 0.05575417244968921]}, "lm_val": {"f1_binary": [0.2272727272727273, 0.0]}}, "0.5": {"em_test": {"f1_binary": [0.31677023458530307, 0.029623817627511807]}, "lm_test": {"f1_binary": [0.20280112044817925, 0.0]}, "em_val": {"f1_binary": [0.35663506760624664, 0.02648429397771578]}, "lm_val": {"f1_binary": [0.21649484536082472, 0.0]}}, "1": {"em_test": {"f1_binary": [0.3373128899348908, 0.037231233390740706]}, "lm_test": {"f1_binary": [0.20280112044817925, 0.0]}, "em_val": {"f1_binary": [0.35710678700597087, 0.040871363131374225]}, "lm_val": {"f1_binary": [0.21666666666666665, 0.0]}}}