{
    "0.0625": {
        "em_test": {
            "acc": [
                0.74,
                0.005995883361436473
            ]
        },
        "em_val": {
            "acc": [
                0.7642857142857142,
                0.0186262925862933
            ]
        },
        "lm_val": [
            {
                "acc": [
                    0.4871428571428572,
                    0.010497813183356483
                ]
            }
        ],
        "lm_test": {
            "acc": [
                0.5004444444444445,
                0.0
            ]
        },
        "tuned_em_val": [
            {
                "acc": [
                    1.0,
                    0.0
                ]
            }
        ],
        "tuned_em_test": {
            "acc": [
                0.8102222222222222,
                0.012711421907622313
            ]
        }
    },
    "0.125": {
        "em_test": {
            "acc": [
                0.7431111111111111,
                0.008004936748387153
            ]
        },
        "em_val": {
            "acc": [
                0.7580071174377224,
                0.014929663319148079
            ]
        },
        "lm_val": [
            {
                "acc": [
                    0.4868327402135232,
                    0.02685830927275901
                ]
            }
        ],
        "lm_test": {
            "acc": [
                0.5004444444444445,
                0.0
            ]
        },
        "tuned_em_val": [
            {
                "acc": [
                    0.9992882562277579,
                    0.0014234875444839813
                ]
            }
        ],
        "tuned_em_test": {
            "acc": [
                0.8400888888888888,
                0.004920303112212642
            ]
        }
    },
    "0.25": {
        "em_test": {
            "acc": [
                0.7429333333333333,
                0.009197315765154037
            ]
        },
        "em_val": {
            "acc": [
                0.7615658362989324,
                0.013315506714498031
            ]
        },
        "lm_val": [
            {
                "acc": [
                    0.5003558718861211,
                    0.013938189343463447
                ]
            }
        ],
        "lm_test": {
            "acc": [
                0.5004444444444445,
                0.0
            ]
        },
        "tuned_em_val": [
            {
                "acc": [
                    0.998932384341637,
                    0.0014234875444839867
                ]
            }
        ],
        "tuned_em_test": {
            "acc": [
                0.8552888888888889,
                0.0069855582948936835
            ]
        }
    },
    "0.5": {
        "em_test": {
            "acc": [
                0.7448888888888889,
                0.008004936748387169
            ]
        },
        "em_val": {
            "acc": [
                0.7607111111111112,
                0.011192943103073559
            ]
        },
        "lm_val": [
            {
                "acc": [
                    0.5091555555555556,
                    0.00789861685031932
                ]
            }
        ],
        "lm_test": {
            "acc": [
                0.5004444444444445,
                0.0
            ]
        },
        "tuned_em_val": [
            {
                "acc": [
                    0.9994666666666667,
                    0.0007111111111111123
                ]
            }
        ],
        "tuned_em_test": {
            "acc": [
                0.8701333333333334,
                0.002844444444444431
            ]
        }
    },
    "1.0": {
        "em_test": {
            "acc": [
                0.7512000000000001,
                0.004681669007027126
            ]
        },
        "em_val": {
            "acc": [
                0.7646222222222223,
                0.004589628673217997
            ]
        },
        "lm_val": [
            {
                "acc": [
                    0.5122666666666666,
                    0.0028193336048273256
                ]
            }
        ],
        "lm_test": {
            "acc": [
                0.5004444444444445,
                0.0
            ]
        },
        "tuned_em_val": [
            {
                "acc": [
                    0.999111111111111,
                    1.1102230246251565e-16
                ]
            }
        ],
        "tuned_em_test": {
            "acc": [
                0.882311111111111,
                0.0013597385369580742
            ]
        }
    }
}