{
    "0.0625": {
        "em_test": {
            "acc": [
                0.6587167070217917,
                0.014534905467552121
            ]
        },
        "em_val": {
            "acc": [
                0.6679611650485436,
                0.025978811961669217
            ]
        },
        "lm_val": [
            {
                "acc": [
                    0.5466019417475728,
                    0.0224773532093014
                ]
            }
        ],
        "lm_test": {
            "acc": [
                0.49757869249394665,
                5.551115123125783e-17
            ]
        },
        "tuned_em_val": [
            {
                "acc": [
                    1.0,
                    0.0
                ]
            }
        ],
        "tuned_em_test": {
            "acc": [
                0.8055690072639224,
                0.006058109444647348
            ]
        }
    },
    "0.125": {
        "em_test": {
            "acc": [
                0.6634382566585956,
                0.01585448045243196
            ]
        },
        "em_val": {
            "acc": [
                0.6702179176755447,
                0.02645326931476545
            ]
        },
        "lm_val": [
            {
                "acc": [
                    0.5476997578692494,
                    0.021406330368329635
                ]
            }
        ],
        "lm_test": {
            "acc": [
                0.49757869249394665,
                5.551115123125783e-17
            ]
        },
        "tuned_em_val": [
            {
                "acc": [
                    1.0,
                    0.0
                ]
            }
        ],
        "tuned_em_test": {
            "acc": [
                0.8322033898305085,
                0.005337871110181268
            ]
        }
    },
    "0.25": {
        "em_test": {
            "acc": [
                0.6590799031476997,
                0.015920902400006733
            ]
        },
        "em_val": {
            "acc": [
                0.6723970944309927,
                0.016645498539755183
            ]
        },
        "lm_val": [
            {
                "acc": [
                    0.5423728813559322,
                    0.011911257991524303
                ]
            }
        ],
        "lm_test": {
            "acc": [
                0.49757869249394665,
                5.551115123125783e-17
            ]
        },
        "tuned_em_val": [
            {
                "acc": [
                    1.0,
                    0.0
                ]
            }
        ],
        "tuned_em_test": {
            "acc": [
                0.8475786924939467,
                0.006690436745592302
            ]
        }
    },
    "0.5": {
        "em_test": {
            "acc": [
                0.662227602905569,
                0.012668552988169697
            ]
        },
        "em_val": {
            "acc": [
                0.6658595641646489,
                0.013355656533192853
            ]
        },
        "lm_val": [
            {
                "acc": [
                    0.537046004842615,
                    0.00880037861762045
                ]
            }
        ],
        "lm_test": {
            "acc": [
                0.49757869249394665,
                5.551115123125783e-17
            ]
        },
        "tuned_em_val": [
            {
                "acc": [
                    1.0,
                    0.0
                ]
            }
        ],
        "tuned_em_test": {
            "acc": [
                0.8671912832929781,
                0.004971056941319102
            ]
        }
    },
    "1.0": {
        "em_test": {
            "acc": [
                0.662227602905569,
                0.012668552988169697
            ]
        },
        "em_val": {
            "acc": [
                0.6672919818456883,
                0.00551511401637008
            ]
        },
        "lm_val": [
            {
                "acc": [
                    0.5373676248108925,
                    0.0024950714829758865
                ]
            }
        ],
        "lm_test": {
            "acc": [
                0.49757869249394665,
                5.551115123125783e-17
            ]
        },
        "tuned_em_val": [
            {
                "acc": [
                    1.0,
                    0.0
                ]
            }
        ],
        "tuned_em_test": {
            "acc": [
                0.8799031476997579,
                0.0029306824302446155
            ]
        }
    }
}