{
    "0.0625": {
        "em_test": {
            "acc": [
                0.7394673123486682,
                0.006559911469319159
            ]
        },
        "em_val": {
            "acc": [
                0.7572815533980582,
                0.025502768032162507
            ]
        },
        "lm_val": [
            {
                "acc": [
                    0.5,
                    0.021709397839803773
                ]
            }
        ],
        "lm_test": {
            "acc": [
                0.48970944309927356,
                5.551115123125783e-17
            ]
        },
        "tuned_em_val": [
            {
                "acc": [
                    1.0,
                    0.0
                ]
            }
        ],
        "tuned_em_test": {
            "acc": [
                0.8190072639225182,
                0.005235290147806233
            ]
        }
    },
    "0.125": {
        "em_test": {
            "acc": [
                0.7418886198547214,
                0.002469258844354844
            ]
        },
        "em_val": {
            "acc": [
                0.7569007263922518,
                0.028137218491688036
            ]
        },
        "lm_val": [
            {
                "acc": [
                    0.49443099273607743,
                    0.008015954168158299
                ]
            }
        ],
        "lm_test": {
            "acc": [
                0.48970944309927356,
                5.551115123125783e-17
            ]
        },
        "tuned_em_val": [
            {
                "acc": [
                    1.0,
                    0.0
                ]
            }
        ],
        "tuned_em_test": {
            "acc": [
                0.8417675544794188,
                0.0028288913911738356
            ]
        }
    },
    "0.25": {
        "em_test": {
            "acc": [
                0.7439467312348668,
                0.006137429470041926
            ]
        },
        "em_val": {
            "acc": [
                0.7571428571428571,
                0.012917170623098457
            ]
        },
        "lm_val": [
            {
                "acc": [
                    0.49830508474576274,
                    0.012360531736658813
                ]
            }
        ],
        "lm_test": {
            "acc": [
                0.48970944309927356,
                5.551115123125783e-17
            ]
        },
        "tuned_em_val": [
            {
                "acc": [
                    1.0,
                    0.0
                ]
            }
        ],
        "tuned_em_test": {
            "acc": [
                0.8554479418886197,
                0.007278033106629139
            ]
        }
    },
    "0.5": {
        "em_test": {
            "acc": [
                0.7439467312348668,
                0.006137429470041926
            ]
        },
        "em_val": {
            "acc": [
                0.7541162227602906,
                0.012048286009321769
            ]
        },
        "lm_val": [
            {
                "acc": [
                    0.49370460048426157,
                    0.011244099487652589
                ]
            }
        ],
        "lm_test": {
            "acc": [
                0.48970944309927356,
                5.551115123125783e-17
            ]
        },
        "tuned_em_val": [
            {
                "acc": [
                    1.0,
                    0.0
                ]
            }
        ],
        "tuned_em_test": {
            "acc": [
                0.8686440677966102,
                0.00748258457160409
            ]
        }
    },
    "1.0": {
        "em_test": {
            "acc": [
                0.7461259079903149,
                0.00500045434093544
            ]
        },
        "em_val": {
            "acc": [
                0.756732223903177,
                0.004179436405405619
            ]
        },
        "lm_val": [
            {
                "acc": [
                    0.4965204236006051,
                    0.0027265065842224114
                ]
            }
        ],
        "lm_test": {
            "acc": [
                0.48970944309927356,
                5.551115123125783e-17
            ]
        },
        "tuned_em_val": [
            {
                "acc": [
                    1.0,
                    0.0
                ]
            }
        ],
        "tuned_em_test": {
            "acc": [
                0.8780871670702179,
                0.005058736662415539
            ]
        }
    }
}