{
    "0.0625": {
        "em_test": {
            "acc": [
                0.9219538461538462,
                0.00474030933003099
            ]
        },
        "em_val": {
            "acc": [
                0.9241452991452993,
                0.010576383479285977
            ]
        },
        "lm_val": [
            {
                "acc": [
                    0.6698717948717948,
                    0.002616976220922235
                ]
            }
        ],
        "lm_test": {
            "acc": [
                0.6840615384615386,
                1.1102230246251565e-16
            ]
        },
        "tuned_em_val": [
            {
                "acc": [
                    0.9914529914529915,
                    0.0015109119256122756
                ]
            }
        ],
        "tuned_em_test": {
            "acc": [
                0.9680615384615384,
                0.009606514883407446
            ]
        }
    },
    "0.125": {
        "em_test": {
            "acc": [
                0.9145487179487181,
                0.014578687171968521
            ]
        },
        "em_val": {
            "acc": [
                0.9146666666666666,
                0.010877908295664592
            ]
        },
        "lm_val": [
            {
                "acc": [
                    0.6693333333333333,
                    0.009175813618178838
                ]
            }
        ],
        "lm_test": {
            "acc": [
                0.6840615384615386,
                1.1102230246251565e-16
            ]
        },
        "tuned_em_val": [
            {
                "acc": [
                    0.9935999999999999,
                    0.0026127890589687525
                ]
            }
        ],
        "tuned_em_test": {
            "acc": [
                0.9712871794871796,
                0.0027699809050483947
            ]
        }
    },
    "0.25": {
        "em_test": {
            "acc": [
                0.9170153846153847,
                0.007875510690682454
            ]
        },
        "em_val": {
            "acc": [
                0.9186666666666667,
                0.015517158961041229
            ]
        },
        "lm_val": [
            {
                "acc": [
                    0.6744,
                    0.011332548992467092
                ]
            }
        ],
        "lm_test": {
            "acc": [
                0.6840615384615386,
                1.1102230246251565e-16
            ]
        },
        "tuned_em_val": [
            {
                "acc": [
                    0.9933333333333332,
                    0.004634172585862065
                ]
            }
        ],
        "tuned_em_test": {
            "acc": [
                0.9800307692307691,
                0.0006329543140765426
            ]
        }
    },
    "0.5": {
        "em_test": {
            "acc": [
                0.9073076923076924,
                0.0038417821308382553
            ]
        },
        "em_val": {
            "acc": [
                0.9081333333333333,
                0.006369371153331285
            ]
        },
        "lm_val": [
            {
                "acc": [
                    0.6745333333333333,
                    0.01297107894081636
                ]
            }
        ],
        "lm_test": {
            "acc": [
                0.6840615384615386,
                1.1102230246251565e-16
            ]
        },
        "tuned_em_val": [
            {
                "acc": [
                    0.9962666666666666,
                    0.001857118436957904
                ]
            }
        ],
        "tuned_em_test": {
            "acc": [
                0.9837076923076923,
                0.0018093772834448226
            ]
        }
    },
    "1.0": {
        "em_test": {
            "acc": [
                0.9156666666666666,
                0.005012368659548516
            ]
        },
        "em_val": {
            "acc": [
                0.9172000000000001,
                0.00425519290592877
            ]
        },
        "lm_val": [
            {
                "acc": [
                    0.6805333333333333,
                    0.001463633226673339
                ]
            }
        ],
        "lm_test": {
            "acc": [
                0.6840615384615386,
                1.1102230246251565e-16
            ]
        },
        "tuned_em_val": [
            {
                "acc": [
                    0.9934,
                    0.004043101120014997
                ]
            }
        ],
        "tuned_em_test": {
            "acc": [
                0.9848717948717948,
                0.002020577898210081
            ]
        }
    }
}