{
    "0.0625": {
        "em_test": {
            "acc": [
                0.9669333333333334,
                0.006150849697827087
            ]
        },
        "em_val": {
            "acc": [
                0.9706666666666667,
                0.00047140452079103207
            ]
        },
        "lm_val": [
            {}
        ],
        "lm_test": {}
    },
    "0.125": {
        "em_test": {
            "acc": [
                0.9787076923076924,
                0.0030187056541554134
            ]
        },
        "em_val": {
            "acc": [
                0.984,
                0.0029439202887759515
            ]
        },
        "lm_val": [
            {}
        ],
        "lm_test": {}
    },
    "0.25": {
        "em_test": {
            "acc": [
                0.9790820512820512,
                0.0018489010898297528
            ]
        },
        "em_val": {
            "acc": [
                0.9866666666666667,
                0.003399346342395193
            ]
        },
        "lm_val": [
            {}
        ],
        "lm_test": {}
    },
    "0.5": {
        "em_test": {
            "acc": [
                0.9846820512820512,
                0.000970518748076612
            ]
        },
        "em_val": {
            "acc": [
                0.9913333333333334,
                0.0009428090415820641
            ]
        },
        "lm_val": [
            {}
        ],
        "lm_test": {}
    },
    "1.0": {
        "em_test": {
            "acc": [
                0.9836358974358975,
                0.003070309130870379
            ]
        },
        "em_val": {
            "acc": [
                0.9893333333333333,
                0.004988876515698593
            ]
        },
        "lm_val": [
            {}
        ],
        "lm_test": {}
    }
}