{
    "0.0625": {
        "em_test": {
            "acc": [
                0.9182030769230771,
                0.011596781434733097
            ]
        },
        "em_val": {
            "acc": [
                0.9198717948717949,
                0.017787739648091785
            ]
        },
        "lm_val": [
            {
                "acc": [
                    0.6852564102564103,
                    0.019059062496562213
                ]
            }
        ],
        "lm_test": {
            "acc": [
                0.6840615384615385,
                0.0
            ]
        },
        "tuned_em_val": [
            {
                "acc": [
                    1.0,
                    0.0
                ]
            }
        ],
        "tuned_em_test": {
            "acc": [
                0.9786123076923078,
                0.0013723352877529097
            ]
        }
    },
    "0.125": {
        "em_test": {
            "acc": [
                0.9182030769230771,
                0.011596781434733097
            ]
        },
        "em_val": {
            "acc": [
                0.9216000000000001,
                0.015578446649136744
            ]
        },
        "lm_val": [
            {
                "acc": [
                    0.67552,
                    0.010823382096184187
                ]
            }
        ],
        "lm_test": {
            "acc": [
                0.6840615384615385,
                0.0
            ]
        },
        "tuned_em_val": [
            {
                "acc": [
                    1.0,
                    0.0
                ]
            }
        ],
        "tuned_em_test": {
            "acc": [
                0.9825661538461539,
                0.001027498830244516
            ]
        }
    },
    "0.25": {
        "em_test": {
            "acc": [
                0.9171415384615382,
                0.011510840375656594
            ]
        },
        "em_val": {
            "acc": [
                0.9187200000000001,
                0.008338441101309033
            ]
        },
        "lm_val": [
            {
                "acc": [
                    0.67424,
                    0.009777034315169401
                ]
            }
        ],
        "lm_test": {
            "acc": [
                0.6840615384615385,
                0.0
            ]
        },
        "tuned_em_val": [
            {
                "acc": [
                    1.0,
                    0.0
                ]
            }
        ],
        "tuned_em_test": {
            "acc": [
                0.9843261538461539,
                0.0011074102204918206
            ]
        }
    },
    "0.5": {
        "em_test": {
            "acc": [
                0.9189784615384615,
                0.008588632090352476
            ]
        },
        "em_val": {
            "acc": [
                0.91912,
                0.009779652345559126
            ]
        },
        "lm_val": [
            {
                "acc": [
                    0.67784,
                    0.010835792541388028
                ]
            }
        ],
        "lm_test": {
            "acc": [
                0.6840615384615385,
                0.0
            ]
        },
        "tuned_em_val": [
            {
                "acc": [
                    1.0,
                    0.0
                ]
            }
        ],
        "tuned_em_test": {
            "acc": [
                0.9866307692307693,
                0.0007910146281907799
            ]
        }
    },
    "1.0": {
        "em_test": {
            "acc": [
                0.9199907692307694,
                0.008485848156484512
            ]
        },
        "em_val": {
            "acc": [
                0.92276,
                0.00902387943181868
            ]
        },
        "lm_val": [
            {
                "acc": [
                    0.6824,
                    0.0025549951076274256
                ]
            }
        ],
        "lm_test": {
            "acc": [
                0.6840615384615385,
                0.0
            ]
        },
        "tuned_em_val": [
            {
                "acc": [
                    1.0,
                    0.0
                ]
            }
        ],
        "tuned_em_test": {
            "acc": [
                0.9881076923076921,
                0.00032227005471449735
            ]
        }
    }
}