{"em_test": {"acc": [0.7607215793056501, 0.014773678974956206]},                                         
 "em_val": {"acc": [0.7738493723849372, 0.016223846000285622]}} 
