{
    "0.0625": {
        "em_test": {
            "acc": [
                0.7491555555555556,
                0.009235893481145271
            ]
        },
        "em_val": {
            "acc": [
                0.7614285714285713,
                0.023299294900428723
            ]
        },
        "lm_val": [
            {
                "acc": [
                    0.5314285714285714,
                    0.027701027756664737
                ]
            }
        ],
        "lm_test": {
            "acc": [
                0.5657777777777778,
                0.0
            ]
        },
        "tuned_em_val": [
            {
                "acc": [
                    0.9985714285714286,
                    0.002857142857142847
                ]
            }
        ],
        "tuned_em_test": {
            "acc": [
                0.8134222222222223,
                0.007957417535052486
            ]
        }
    },
    "0.125": {
        "em_test": {
            "acc": [
                0.7456888888888888,
                0.013405434681961849
            ]
        },
        "em_val": {
            "acc": [
                0.7558718861209964,
                0.014861646276029239
            ]
        },
        "lm_val": [
            {
                "acc": [
                    0.5352313167259786,
                    0.028255420984027346
                ]
            }
        ],
        "lm_test": {
            "acc": [
                0.5657777777777778,
                0.0
            ]
        },
        "tuned_em_val": [
            {
                "acc": [
                    0.9992882562277579,
                    0.0014234875444839813
                ]
            }
        ],
        "tuned_em_test": {
            "acc": [
                0.8449777777777777,
                0.006858859279594833
            ]
        }
    },
    "0.25": {
        "em_test": {
            "acc": [
                0.7506666666666667,
                0.008470136355250922
            ]
        },
        "em_val": {
            "acc": [
                0.7587188612099645,
                0.008974747482504266
            ]
        },
        "lm_val": [
            {
                "acc": [
                    0.5537366548042705,
                    0.019439858055156814
                ]
            }
        ],
        "lm_test": {
            "acc": [
                0.5657777777777778,
                0.0
            ]
        },
        "tuned_em_val": [
            {
                "acc": [
                    0.9992882562277579,
                    0.0008717045347983083
                ]
            }
        ],
        "tuned_em_test": {
            "acc": [
                0.8648888888888889,
                0.0011589693164804936
            ]
        }
    },
    "0.5": {
        "em_test": {
            "acc": [
                0.752,
                0.006209510825448164
            ]
        },
        "em_val": {
            "acc": [
                0.7564444444444444,
                0.009288782561858215
            ]
        },
        "lm_val": [
            {
                "acc": [
                    0.5584,
                    0.009464058065213289
                ]
            }
        ],
        "lm_test": {
            "acc": [
                0.5657777777777778,
                0.0
            ]
        },
        "tuned_em_val": [
            {
                "acc": [
                    0.9994666666666667,
                    0.00043546484316147845
                ]
            }
        ],
        "tuned_em_test": {
            "acc": [
                0.8842666666666666,
                0.0013063945294843568
            ]
        }
    },
    "1.0": {
        "em_test": {
            "acc": [
                0.7503111111111112,
                0.00683578095279301
            ]
        },
        "em_val": {
            "acc": [
                0.7628444444444444,
                0.003517574922206117
            ]
        },
        "lm_val": [
            {
                "acc": [
                    0.5659555555555555,
                    0.0029427458412883307
                ]
            }
        ],
        "lm_test": {
            "acc": [
                0.5657777777777778,
                0.0
            ]
        },
        "tuned_em_val": [
            {
                "acc": [
                    0.9995555555555555,
                    0.0
                ]
            }
        ],
        "tuned_em_test": {
            "acc": [
                0.8976,
                0.002704910943058314
            ]
        }
    }
}