{
    "0.0625": {
        "em_test": {
            "acc": [
                0.7447941888619855,
                0.01110638735223218
            ]
        },
        "em_val": {
            "acc": [
                0.7786407766990291,
                0.02205401299339911
            ]
        },
        "lm_val": [
            {
                "acc": [
                    0.541747572815534,
                    0.028570755280703214
                ]
            }
        ],
        "lm_test": {
            "acc": [
                0.5550847457627118,
                0.0
            ]
        },
        "tuned_em_val": [
            {
                "acc": [
                    1.0,
                    0.0
                ]
            }
        ],
        "tuned_em_test": {
            "acc": [
                0.8204600484261502,
                0.010467780300831618
            ]
        }
    },
    "0.125": {
        "em_test": {
            "acc": [
                0.7479418886198547,
                0.006779661016949152
            ]
        },
        "em_val": {
            "acc": [
                0.7815980629539951,
                0.01728481191048399
            ]
        },
        "lm_val": [
            {
                "acc": [
                    0.5602905569007264,
                    0.02677050839919664
                ]
            }
        ],
        "lm_test": {
            "acc": [
                0.5550847457627118,
                0.0
            ]
        },
        "tuned_em_val": [
            {
                "acc": [
                    1.0,
                    0.0
                ]
            }
        ],
        "tuned_em_test": {
            "acc": [
                0.8444309927360776,
                0.003631961259079897
            ]
        }
    },
    "0.25": {
        "em_test": {
            "acc": [
                0.7502421307506053,
                0.004571720965738301
            ]
        },
        "em_val": {
            "acc": [
                0.7736077481840193,
                0.014668407971778178
            ]
        },
        "lm_val": [
            {
                "acc": [
                    0.552542372881356,
                    0.017301762794140283
                ]
            }
        ],
        "lm_test": {
            "acc": [
                0.5550847457627118,
                0.0
            ]
        },
        "tuned_em_val": [
            {
                "acc": [
                    1.0,
                    0.0
                ]
            }
        ],
        "tuned_em_test": {
            "acc": [
                0.869370460048426,
                0.0024633159745007186
            ]
        }
    },
    "0.5": {
        "em_test": {
            "acc": [
                0.7480629539951573,
                0.006799090112396599
            ]
        },
        "em_val": {
            "acc": [
                0.7673123486682809,
                0.011217998942964063
            ]
        },
        "lm_val": [
            {
                "acc": [
                    0.5475786924939468,
                    0.00894246262112319
                ]
            }
        ],
        "lm_test": {
            "acc": [
                0.5550847457627118,
                0.0
            ]
        },
        "tuned_em_val": [
            {
                "acc": [
                    1.0,
                    0.0
                ]
            }
        ],
        "tuned_em_test": {
            "acc": [
                0.881598062953995,
                0.005711925478007473
            ]
        }
    },
    "1.0": {
        "em_test": {
            "acc": [
                0.7479418886198547,
                0.006779661016949152
            ]
        },
        "em_val": {
            "acc": [
                0.7704689863842662,
                0.0061134492855005294
            ]
        },
        "lm_val": [
            {
                "acc": [
                    0.550196671709531,
                    0.0025716828273374395
                ]
            }
        ],
        "lm_test": {
            "acc": [
                0.5550847457627118,
                0.0
            ]
        },
        "tuned_em_val": [
            {
                "acc": [
                    1.0,
                    0.0
                ]
            }
        ],
        "tuned_em_test": {
            "acc": [
                0.8943099273607749,
                0.002556744804109314
            ]
        }
    }
}