{
    "0.0625": {
        "em_test": {
            "acc": [
                0.74455205811138,
                0.012130726440557236
            ]
        },
        "em_val": {
            "acc": [
                0.7699029126213592,
                0.023300970873786398
            ]
        },
        "lm_val": [
            {
                "acc": [
                    0.541747572815534,
                    0.028570755280703214
                ]
            }
        ],
        "lm_test": {
            "acc": [
                0.5550847457627118,
                0.0
            ]
        },
        "tuned_em_val": [
            {
                "acc": [
                    1.0,
                    0.0
                ]
            }
        ],
        "tuned_em_test": {
            "acc": [
                0.8238498789346249,
                0.016700879665431854
            ]
        }
    },
    "0.125": {
        "em_test": {
            "acc": [
                0.747457627118644,
                0.009597056262763377
            ]
        },
        "em_val": {
            "acc": [
                0.774818401937046,
                0.022662196526484407
            ]
        },
        "lm_val": [
            {
                "acc": [
                    0.5602905569007264,
                    0.02677050839919664
                ]
            }
        ],
        "lm_test": {
            "acc": [
                0.5550847457627118,
                0.0
            ]
        },
        "tuned_em_val": [
            {
                "acc": [
                    1.0,
                    0.0
                ]
            }
        ],
        "tuned_em_test": {
            "acc": [
                0.8440677966101695,
                0.0068120120564819355
            ]
        }
    },
    "0.25": {
        "em_test": {
            "acc": [
                0.7457627118644068,
                0.011750203930799936
            ]
        },
        "em_val": {
            "acc": [
                0.7699757869249394,
                0.01821621585840585
            ]
        },
        "lm_val": [
            {
                "acc": [
                    0.552542372881356,
                    0.017301762794140283
                ]
            }
        ],
        "lm_test": {
            "acc": [
                0.5550847457627118,
                0.0
            ]
        },
        "tuned_em_val": [
            {
                "acc": [
                    1.0,
                    0.0
                ]
            }
        ],
        "tuned_em_test": {
            "acc": [
                0.864406779661017,
                0.0057934557452810655
            ]
        }
    },
    "0.5": {
        "em_test": {
            "acc": [
                0.7440677966101694,
                0.010318293342693723
            ]
        },
        "em_val": {
            "acc": [
                0.761138014527845,
                0.011191837529219916
            ]
        },
        "lm_val": [
            {
                "acc": [
                    0.5475786924939468,
                    0.00894246262112319
                ]
            }
        ],
        "lm_test": {
            "acc": [
                0.5550847457627118,
                0.0
            ]
        },
        "tuned_em_val": [
            {
                "acc": [
                    1.0,
                    0.0
                ]
            }
        ],
        "tuned_em_test": {
            "acc": [
                0.8797820823244551,
                0.007370087774927057
            ]
        }
    },
    "1.0": {
        "em_test": {
            "acc": [
                0.7506053268765133,
                0.009108107929202927
            ]
        },
        "em_val": {
            "acc": [
                0.7639334341906202,
                0.004403018399656596
            ]
        },
        "lm_val": [
            {
                "acc": [
                    0.550196671709531,
                    0.0025716828273374395
                ]
            }
        ],
        "lm_test": {
            "acc": [
                0.5550847457627118,
                0.0
            ]
        },
        "tuned_em_val": [
            {
                "acc": [
                    1.0,
                    0.0
                ]
            }
        ],
        "tuned_em_test": {
            "acc": [
                0.8934624697336562,
                0.0011485269952185165
            ]
        }
    }
}