{
    "0.0625": {
        "em_test": {
            "acc": [
                0.7455205811138014,
                0.011896482805363933
            ]
        },
        "em_val": {
            "acc": [
                0.7718446601941747,
                0.01595308419917959
            ]
        },
        "lm_val": [
            {
                "acc": [
                    0.541747572815534,
                    0.028570755280703214
                ]
            }
        ],
        "lm_test": {
            "acc": [
                0.5550847457627118,
                0.0
            ]
        },
        "tuned_em_val": [
            {
                "acc": [
                    1.0,
                    0.0
                ]
            }
        ],
        "tuned_em_test": {
            "acc": [
                0.8203389830508474,
                0.013219984207960007
            ]
        }
    },
    "0.125": {
        "em_test": {
            "acc": [
                0.7460048426150121,
                0.015894182500994013
            ]
        },
        "em_val": {
            "acc": [
                0.7772397094430993,
                0.01627867923871345
            ]
        },
        "lm_val": [
            {
                "acc": [
                    0.5602905569007264,
                    0.02677050839919664
                ]
            }
        ],
        "lm_test": {
            "acc": [
                0.5550847457627118,
                0.0
            ]
        },
        "tuned_em_val": [
            {
                "acc": [
                    1.0,
                    0.0
                ]
            }
        ],
        "tuned_em_test": {
            "acc": [
                0.8429782082324454,
                0.004116222760290554
            ]
        }
    },
    "0.25": {
        "em_test": {
            "acc": [
                0.75,
                0.008805373630008807
            ]
        },
        "em_val": {
            "acc": [
                0.7726392251815981,
                0.0137269131070783
            ]
        },
        "lm_val": [
            {
                "acc": [
                    0.552542372881356,
                    0.017301762794140283
                ]
            }
        ],
        "lm_test": {
            "acc": [
                0.5550847457627118,
                0.0
            ]
        },
        "tuned_em_val": [
            {
                "acc": [
                    1.0,
                    0.0
                ]
            }
        ],
        "tuned_em_test": {
            "acc": [
                0.8635593220338983,
                0.008357896171473688
            ]
        }
    },
    "0.5": {
        "em_test": {
            "acc": [
                0.7476997578692494,
                0.008899746222512885
            ]
        },
        "em_val": {
            "acc": [
                0.766949152542373,
                0.008662733084744955
            ]
        },
        "lm_val": [
            {
                "acc": [
                    0.5475786924939468,
                    0.00894246262112319
                ]
            }
        ],
        "lm_test": {
            "acc": [
                0.5550847457627118,
                0.0
            ]
        },
        "tuned_em_val": [
            {
                "acc": [
                    1.0,
                    0.0
                ]
            }
        ],
        "tuned_em_test": {
            "acc": [
                0.8819612590799032,
                0.006986216971551315
            ]
        }
    },
    "1.0": {
        "em_test": {
            "acc": [
                0.7498789346246973,
                0.008875008623782687
            ]
        },
        "em_val": {
            "acc": [
                0.7698033282904689,
                0.007392667136617453
            ]
        },
        "lm_val": [
            {
                "acc": [
                    0.550196671709531,
                    0.0025716828273374395
                ]
            }
        ],
        "lm_test": {
            "acc": [
                0.5550847457627118,
                0.0
            ]
        },
        "tuned_em_val": [
            {
                "acc": [
                    1.0,
                    0.0
                ]
            }
        ],
        "tuned_em_test": {
            "acc": [
                0.8952784503631961,
                0.001210653753026647
            ]
        }
    }
}