{
    "0.0625": {
        "em_test": {
            "acc": [
                0.541110217216412,
                0.004529965002249914
            ]
        },
        "em_val": {
            "acc": [
                0.5535911602209944,
                0.01726022027824676
            ]
        },
        "lm_val": [
            {
                "acc": [
                    0.41325966850828727,
                    0.018621325465583115
                ]
            }
        ],
        "lm_test": {
            "acc": [
                0.40943569704631655,
                5.551115123125783e-17
            ]
        },
        "tuned_em_val": [
            {
                "acc": [
                    1.0,
                    0.0
                ]
            }
        ],
        "tuned_em_test": {
            "acc": [
                0.6843006550971152,
                0.006611822860418201
            ]
        }
    },
    "0.125": {
        "em_test": {
            "acc": [
                0.5391334329387426,
                0.004040709554538423
            ]
        },
        "em_val": {
            "acc": [
                0.5473103448275862,
                0.013553785927214613
            ]
        },
        "lm_val": [
            {
                "acc": [
                    0.40717241379310354,
                    0.013096913070862581
                ]
            }
        ],
        "lm_test": {
            "acc": [
                0.40943569704631655,
                5.551115123125783e-17
            ]
        },
        "tuned_em_val": [
            {
                "acc": [
                    1.0,
                    0.0
                ]
            }
        ],
        "tuned_em_test": {
            "acc": [
                0.7113780025284451,
                0.006969551156034097
            ]
        }
    },
    "0.25": {
        "em_test": {
            "acc": [
                0.5431329732214689,
                0.0039483866581434945
            ]
        },
        "em_val": {
            "acc": [
                0.544314266023432,
                0.007259652147354199
            ]
        },
        "lm_val": [
            {
                "acc": [
                    0.4060647829083391,
                    0.008840864347801276
                ]
            }
        ],
        "lm_test": {
            "acc": [
                0.40943569704631655,
                5.551115123125783e-17
            ]
        },
        "tuned_em_val": [
            {
                "acc": [
                    1.0,
                    0.0
                ]
            }
        ],
        "tuned_em_test": {
            "acc": [
                0.7384668428916217,
                0.0045465259788791705
            ]
        }
    },
    "0.5": {
        "em_test": {
            "acc": [
                0.5482932996207333,
                0.006421412766479581
            ]
        },
        "em_val": {
            "acc": [
                0.5388008270158512,
                0.0038655557994155968
            ]
        },
        "lm_val": [
            {
                "acc": [
                    0.4001378359751895,
                    0.003833475943535036
                ]
            }
        ],
        "lm_test": {
            "acc": [
                0.40943569704631655,
                5.551115123125783e-17
            ]
        },
        "tuned_em_val": [
            {
                "acc": [
                    1.0,
                    0.0
                ]
            }
        ],
        "tuned_em_test": {
            "acc": [
                0.768141592920354,
                0.002504668219725203
            ]
        }
    },
    "1.0": {
        "em_test": {
            "acc": [
                0.5480519480519481,
                0.006199304909843658
            ]
        },
        "em_val": {
            "acc": [
                0.5396726959517657,
                0.003223525000025111
            ]
        },
        "lm_val": [
            {
                "acc": [
                    0.3983807062876831,
                    0.0035448161562492966
                ]
            }
        ],
        "lm_test": {
            "acc": [
                0.40943569704631655,
                5.551115123125783e-17
            ]
        },
        "tuned_em_val": [
            {
                "acc": [
                    1.0,
                    0.0
                ]
            }
        ],
        "tuned_em_test": {
            "acc": [
                0.7922997356625676,
                0.0007783014804430364
            ]
        }
    }
}