{
    "0.0625": {
        "em_test": {
            "acc": [
                0.5672336513044478,
                0.0
            ]
        },
        "em_val": {
            "acc": [
                0.6124031007751938,
                0.0
            ]
        }
    },
    "0.125": {
        "em_test": {
            "acc": [
                0.5964256981956098,
                0.0
            ]
        },
        "em_val": {
            "acc": [
                0.6442721791559001,
                0.0
            ]
        }
    },
    "0.25": {
        "em_test": {
            "acc": [
                0.6741179174807493,
                0.0
            ]
        },
        "em_val": {
            "acc": [
                0.7131782945736435,
                0.0
            ]
        }
    },
    "0.5": {
        "em_test": {
            "acc": [
                0.7052637627858866,
                0.0
            ]
        },
        "em_val": {
            "acc": [
                0.7433247200689062,
                0.0
            ]
        }
    },
    "1.0": {
        "em_test": {
            "acc": [
                0.7373865072980117,
                0.0
            ]
        },
        "em_val": {
            "acc": [
                0.7614125753660638,
                0.0
            ]
        }
    }
}