{
    "0.0625": {
        "em_test": {
            "acc": [
                0.6303298471440064,
                0.0
            ]
        },
        "em_val": {
            "acc": [
                0.6640826873385013,
                0.0
            ]
        }
    },
    "0.125": {
        "em_test": {
            "acc": [
                0.6846339501206757,
                0.0
            ]
        },
        "em_val": {
            "acc": [
                0.7217915590008613,
                0.0
            ]
        }
    },
    "0.25": {
        "em_test": {
            "acc": [
                0.7234225951040111,
                0.0
            ]
        },
        "em_val": {
            "acc": [
                0.7441860465116279,
                0.0
            ]
        }
    },
    "0.5": {
        "em_test": {
            "acc": [
                0.7431329732214688,
                0.0
            ]
        },
        "em_val": {
            "acc": [
                0.7717484926787253,
                0.0
            ]
        }
    },
    "1.0": {
        "em_test": {
            "acc": [
                0.7547408343868521,
                0.0
            ]
        },
        "em_val": {
            "acc": [
                0.7777777777777778,
                0.0
            ]
        }
    }
}