{
    "0.0625": {
        "em_test": {
            "acc": [
                0.5412213155575988,
                0.0038714674427092095
            ]
        },
        "em_val": {
            "acc": [
                0.5580110497237569,
                0.026011872728960474
            ]
        },
        "lm_val": [
            {
                "acc": [
                    0.4180478821362799,
                    0.020957286697497312
                ]
            }
        ],
        "lm_test": {
            "acc": [
                0.4094356970463165,
                0.0
            ]
        },
        "tuned_em_val": [
            {
                "acc": [
                    0.9208103130755064,
                    0.026044448662487975
                ]
            }
        ],
        "tuned_em_test": {
            "acc": [
                0.6484312148028962,
                0.011211746256493028
            ]
        }
    },
    "0.125": {
        "em_test": {
            "acc": [
                0.5427537064705206,
                0.007521653421034222
            ]
        },
        "em_val": {
            "acc": [
                0.5397701149425287,
                0.013435990065473536
            ]
        },
        "lm_val": [
            {
                "acc": [
                    0.41241379310344833,
                    0.008795920215958156
                ]
            }
        ],
        "lm_test": {
            "acc": [
                0.4094356970463165,
                0.0
            ]
        },
        "tuned_em_val": [
            {
                "acc": [
                    0.9310344827586207,
                    0.017591840431916313
                ]
            }
        ],
        "tuned_em_test": {
            "acc": [
                0.6800750871547332,
                0.011852061781642918
            ]
        }
    },
    "0.25": {
        "em_test": {
            "acc": [
                0.5472359498908171,
                0.004398455781414439
            ]
        },
        "em_val": {
            "acc": [
                0.5435331954973582,
                0.00622385351901863
            ]
        },
        "lm_val": [
            {
                "acc": [
                    0.40914311968757183,
                    0.006990638205698564
                ]
            }
        ],
        "lm_test": {
            "acc": [
                0.4094356970463165,
                0.0
            ]
        },
        "tuned_em_val": [
            {
                "acc": [
                    0.8878934068458534,
                    0.013509019460591954
                ]
            }
        ],
        "tuned_em_test": {
            "acc": [
                0.7083476994981419,
                0.009878388680767826
            ]
        }
    },
    "0.5": {
        "em_test": {
            "acc": [
                0.5516798835382906,
                0.00465057605146911
            ]
        },
        "em_val": {
            "acc": [
                0.5441075120606479,
                0.003908729503141182
            ]
        },
        "lm_val": [
            {
                "acc": [
                    0.4006432345508844,
                    0.002887618904198603
                ]
            }
        ],
        "lm_test": {
            "acc": [
                0.4094356970463165,
                0.0
            ]
        },
        "tuned_em_val": [
            {
                "acc": [
                    0.9174132781989432,
                    0.016416213851813265
                ]
            }
        ],
        "tuned_em_test": {
            "acc": [
                0.7444546603838639,
                0.014401595966485657
            ]
        }
    },
    "1.0": {
        "em_test": {
            "acc": [
                0.5474658085277554,
                0.0030411059219776766
            ]
        },
        "em_val": {
            "acc": [
                0.5381567614125754,
                0.002770562866911216
            ]
        },
        "lm_val": [
            {
                "acc": [
                    0.39885156474303757,
                    0.004313135103810255
                ]
            }
        ],
        "lm_test": {
            "acc": [
                0.4094356970463165,
                0.0
            ]
        },
        "tuned_em_val": [
            {
                "acc": [
                    0.8935974734424347,
                    0.03553131367539869
                ]
            }
        ],
        "tuned_em_test": {
            "acc": [
                0.7612726506531816,
                0.010673517975059625
            ]
        }
    }
}