{
    "0.5": {
        "em_test": {
            "acc": [
                0.5495920009194345,
                0.0
            ]
        },
        "em_val": {
            "acc": [
                0.5375603032391454,
                0.0
            ]
        },
        "lm_val": [
            {
                "acc": [
                    0.3976567884217781,
                    0.0
                ]
            }
        ],
        "lm_test": {
            "acc": [
                0.4094356970463165,
                0.0
            ]
        },
        "tuned_em_val": [
            {
                "acc": [
                    0.9438318401102688,
                    0.0
                ]
            }
        ],
        "tuned_em_test": {
            "acc": [
                0.7496264797149753,
                0.0
            ]
        }
    }
}