{
    "1550": {
        "em_test": {
            "acc": [
                0.7390644753476612,
                0.003051887405626218
            ]
        },
        "em_val": {
            "acc": [
                1.0,
                0.0
            ]
        },
        "lm_val": [
            {}
        ],
        "lm_test": {}
    }
}