{
    "0.0625": {
        "em_test": {
            "acc": [
                0.541225146534881,
                0.007900970619171098
            ]
        },
        "em_val": {
            "acc": [
                0.5563535911602211,
                0.018290547356073886
            ]
        },
        "lm_val": [
            {
                "acc": [
                    0.41325966850828727,
                    0.018621325465583115
                ]
            }
        ],
        "lm_test": {
            "acc": [
                0.40943569704631655,
                5.551115123125783e-17
            ]
        },
        "tuned_em_val": [
            {
                "acc": [
                    1.0,
                    0.0
                ]
            }
        ],
        "tuned_em_test": {
            "acc": [
                0.6849787380760832,
                0.004550533443649867
            ]
        }
    },
    "0.125": {
        "em_test": {
            "acc": [
                0.5511205608550741,
                0.004849363568892135
            ]
        },
        "em_val": {
            "acc": [
                0.5497931034482757,
                0.008394551202594728
            ]
        },
        "lm_val": [
            {
                "acc": [
                    0.40717241379310354,
                    0.013096913070862581
                ]
            }
        ],
        "lm_test": {
            "acc": [
                0.40943569704631655,
                5.551115123125783e-17
            ]
        },
        "tuned_em_val": [
            {
                "acc": [
                    1.0,
                    0.0
                ]
            }
        ],
        "tuned_em_test": {
            "acc": [
                0.7102746810711412,
                0.006571947455469056
            ]
        }
    },
    "0.25": {
        "em_test": {
            "acc": [
                0.5511205608550741,
                0.004849363568892135
            ]
        },
        "em_val": {
            "acc": [
                0.5488628532046864,
                0.005873818264000709
            ]
        },
        "lm_val": [
            {
                "acc": [
                    0.4060647829083391,
                    0.008840864347801276
                ]
            }
        ],
        "lm_test": {
            "acc": [
                0.40943569704631655,
                5.551115123125783e-17
            ]
        },
        "tuned_em_val": [
            {
                "acc": [
                    1.0,
                    0.0
                ]
            }
        ],
        "tuned_em_test": {
            "acc": [
                0.7429375933800714,
                0.002849366455112894
            ]
        }
    },
    "0.5": {
        "em_test": {
            "acc": [
                0.5505344213308815,
                0.005178531955044713
            ]
        },
        "em_val": {
            "acc": [
                0.5410751206064782,
                0.004020937876172237
            ]
        },
        "lm_val": [
            {
                "acc": [
                    0.4001378359751895,
                    0.003833475943535036
                ]
            }
        ],
        "lm_test": {
            "acc": [
                0.40943569704631655,
                5.551115123125783e-17
            ]
        },
        "tuned_em_val": [
            {
                "acc": [
                    1.0,
                    0.0
                ]
            }
        ],
        "tuned_em_test": {
            "acc": [
                0.7706010803355936,
                0.003172340663758723
            ]
        }
    },
    "1.0": {
        "em_test": {
            "acc": [
                0.5513619124238593,
                0.004526289526315607
            ]
        },
        "em_val": {
            "acc": [
                0.539328165374677,
                0.0033640724888845085
            ]
        },
        "lm_val": [
            {
                "acc": [
                    0.3983807062876831,
                    0.0035448161562492966
                ]
            }
        ],
        "lm_test": {
            "acc": [
                0.40943569704631655,
                5.551115123125783e-17
            ]
        },
        "tuned_em_val": [
            {
                "acc": [
                    1.0,
                    0.0
                ]
            }
        ],
        "tuned_em_test": {
            "acc": [
                0.7922767497988737,
                0.0015582991616299856
            ]
        }
    }
}