{
    "0.0625": {
        "em_test": {
            "f1_macro": [
                0.10938261125729531,
                0.004773641019086925
            ]
        },
        "em_val": {
            "f1_macro": [
                1.0,
                0.0
            ]
        },
        "lm_val": [
            {}
        ],
        "lm_test": {}
    },
    "0.125": {
        "em_test": {
            "f1_macro": [
                0.1232110871237871,
                0.014950312200323888
            ]
        },
        "em_val": {
            "f1_macro": [
                1.0,
                0.0
            ]
        },
        "lm_val": [
            {}
        ],
        "lm_test": {}
    },
    "0.25": {
        "em_test": {
            "f1_macro": [
                0.16525188263156657,
                0.052102749138603355
            ]
        },
        "em_val": {
            "f1_macro": [
                1.0,
                0.0
            ]
        },
        "lm_val": [
            {}
        ],
        "lm_test": {}
    },
    "0.5": {
        "em_test": {
            "f1_macro": [
                0.2530772475683845,
                0.04289402664346143
            ]
        },
        "em_val": {
            "f1_macro": [
                1.0,
                0.0
            ]
        },
        "lm_val": [
            {}
        ],
        "lm_test": {}
    },
    "1.0": {
        "em_test": {
            "f1_macro": [
                0.3473686268674951,
                0.020081635857349775
            ]
        },
        "em_val": {
            "f1_macro": [
                1.0,
                0.0
            ]
        },
        "lm_val": [
            {}
        ],
        "lm_test": {}
    }
}