{
    "0.0625": {
        "em_test": {
            "acc": [
                0.7909333333333334,
                0.020204583271752598
            ]
        },
        "em_val": {
            "acc": [
                0.8257142857142856,
                0.016659862556700846
            ]
        },
        "lm_val": [
            {
                "acc": [
                    0.7528571428571429,
                    0.021476137683389872
                ]
            }
        ],
        "lm_test": {
            "acc": [
                0.7377777777777778,
                0.0
            ]
        },
        "tuned_em_val": [
            {
                "acc": [
                    1.0,
                    0.0
                ]
            }
        ],
        "tuned_em_test": {
            "acc": [
                0.8812444444444445,
                0.0074761844100673085
            ]
        }
    },
    "0.125": {
        "em_test": {
            "acc": [
                0.7952,
                0.017241695084379515
            ]
        },
        "em_val": {
            "acc": [
                0.8106761565836299,
                0.02570173677618187
            ]
        },
        "lm_val": [
            {
                "acc": [
                    0.7451957295373666,
                    0.018090056978133557
                ]
            }
        ],
        "lm_test": {
            "acc": [
                0.7377777777777778,
                0.0
            ]
        },
        "tuned_em_val": [
            {
                "acc": [
                    1.0,
                    0.0
                ]
            }
        ],
        "tuned_em_test": {
            "acc": [
                0.9057777777777778,
                0.010788196567785801
            ]
        }
    },
    "0.25": {
        "em_test": {
            "acc": [
                0.7936,
                0.017944991391733334
            ]
        },
        "em_val": {
            "acc": [
                0.8064056939501778,
                0.012602086270196287
            ]
        },
        "lm_val": [
            {
                "acc": [
                    0.7313167259786477,
                    0.013551197697266752
                ]
            }
        ],
        "lm_test": {
            "acc": [
                0.7377777777777778,
                0.0
            ]
        },
        "tuned_em_val": [
            {
                "acc": [
                    1.0,
                    0.0
                ]
            }
        ],
        "tuned_em_test": {
            "acc": [
                0.9276444444444444,
                0.0034357596604600504
            ]
        }
    },
    "0.5": {
        "em_test": {
            "acc": [
                0.7936,
                0.017944991391733334
            ]
        },
        "em_val": {
            "acc": [
                0.8113777777777778,
                0.014599441896993994
            ]
        },
        "lm_val": [
            {
                "acc": [
                    0.7381333333333332,
                    0.010466265621002691
                ]
            }
        ],
        "lm_test": {
            "acc": [
                0.7377777777777778,
                0.0
            ]
        },
        "tuned_em_val": [
            {
                "acc": [
                    1.0,
                    0.0
                ]
            }
        ],
        "tuned_em_test": {
            "acc": [
                0.933688888888889,
                0.0037649455261417747
            ]
        }
    },
    "1.0": {
        "em_test": {
            "acc": [
                0.7936,
                0.017944991391733334
            ]
        },
        "em_val": {
            "acc": [
                0.8016888888888889,
                0.013290003669332221
            ]
        },
        "lm_val": [
            {
                "acc": [
                    0.7339555555555556,
                    0.0008243216440440803
                ]
            }
        ],
        "lm_test": {
            "acc": [
                0.7377777777777778,
                0.0
            ]
        },
        "tuned_em_val": [
            {
                "acc": [
                    1.0,
                    0.0
                ]
            }
        ],
        "tuned_em_test": {
            "acc": [
                0.9477333333333334,
                0.002791167727663562
            ]
        }
    }
}