{
    "0.5": {
        "em_test": {
            "acc": [
                0.7370319945541184,
                0.01289737218002998
            ]
        },
        "em_val": {
            "acc": [
                0.7589958158995816,
                0.006569170907157997
            ]
        }
    },
    "0.25": {
        "em_test": {
            "acc": [
                0.7185840707964601,
                0.005845609105793987
            ]
        },
        "em_val": {
            "acc": [
                0.7374476987447699,
                0.008549295707825325
            ]
        }
    },
    "0.375": {
        "em_test": {
            "acc": [
                0.7226004084411164,
                0.02321796051326864
            ]
        },
        "em_val": {
            "acc": [
                0.7476987447698744,
                0.022535954827607074
            ]
        }
    },
    "0.3125": {
        "em_test": {
            "acc": [
                0.7274336283185842,
                0.008382722548052885
            ]
        },
        "em_val": {
            "acc": [
                0.7460251046025105,
                0.008934793516344177
            ]
        }
    },
    "0.34375": {
        "em_test": {
            "acc": [
                0.7243703199455414,
                0.012748845352671992
            ]
        },
        "em_val": {
            "acc": [
                0.7460251046025105,
                0.004649813968806031
            ]
        }
    }
}