{
    "0.0625": {
        "em_test": {
            "acc": [
                0.7304,
                0.022433836877294014
            ]
        },
        "em_val": {
            "acc": [
                0.9985714285714286,
                0.002857142857142847
            ]
        },
        "lm_val": [
            {}
        ],
        "lm_test": {}
    },
    "0.125": {
        "em_test": {
            "acc": [
                0.7968,
                0.01682420361147874
            ]
        },
        "em_val": {
            "acc": [
                0.9992882562277579,
                0.0014234875444839813
            ]
        },
        "lm_val": [
            {}
        ],
        "lm_test": {}
    },
    "0.25": {
        "em_test": {
            "acc": [
                0.8335111111111111,
                0.007973288740120574
            ]
        },
        "em_val": {
            "acc": [
                0.9992882562277579,
                0.0008717045347983083
            ]
        },
        "lm_val": [
            {}
        ],
        "lm_test": {}
    },
    "0.5": {
        "em_test": {
            "acc": [
                0.8619555555555556,
                0.0034723599972666082
            ]
        },
        "em_val": {
            "acc": [
                0.9994666666666667,
                0.00043546484316147845
            ]
        },
        "lm_val": [
            {}
        ],
        "lm_test": {}
    },
    "1.0": {
        "em_test": {
            "acc": [
                0.8781333333333334,
                0.0030196067113712147
            ]
        },
        "em_val": {
            "acc": [
                0.9995555555555555,
                0.0
            ]
        },
        "lm_val": [
            {}
        ],
        "lm_test": {}
    }
}