{"0.0625": {"lm_val": {"f1_binary": [0.6923076923076923, 0.0]}, "lm_test": {"f1_binary": [0.6030513176144244, 0.0]}, "em_test": {"f1_binary": [0.5716554664496311, 0.00714011561855195]}, "em_val": {"f1_binary": [0.7809951006943489, 0.052449332910196836]}}, "0.125": {"lm_val": {"f1_binary": [0.5750000000000001, 0.0]}, "lm_test": {"f1_binary": [0.6030513176144244, 0.0]}, "em_test": {"f1_binary": [0.5731998832604478, 0.016745355192246916]}, "em_val": {"f1_binary": [0.6105551322030722, 0.03263007674181994]}}, "0.25": {"lm_val": {"f1_binary": [0.5595238095238095, 0.0]}, "lm_test": {"f1_binary": [0.6030513176144244, 0.0]}, "em_test": {"f1_binary": [0.5823921858192678, 0.004192143799084665]}, "em_val": {"f1_binary": [0.6337587179218511, 0.010554888781633366]}}, "0.5": {"lm_val": {"f1_binary": [0.5831062670299728, 0.0]}, "lm_test": {"f1_binary": [0.6030513176144244, 0.0]}, "em_test": {"f1_binary": [0.5817154819630679, 0.006513358019742176]}, "em_val": {"f1_binary": [0.621512435861783, 0.02407685712730011]}}, "1.0": {"lm_val": {"f1_binary": [0.5730337078651686, 0.0]}, "lm_test": {"f1_binary": [0.6030513176144244, 0.0]}, "em_test": {"f1_binary": [0.5803420456101452, 0.0026084364044833795]}, "em_val": {"f1_binary": [0.6041828594939933, 0.006450935936609521]}}}