{
    "0.5": {
        "em_test": {
            "f1_binary": [
                0.6505152948537034,
                0.013016547255104568
            ]
        },
        "em_val": {
            "f1_binary": [
                0.6654929597864171,
                0.01582054530650237
            ]
        }
    },
    "0.25": {
        "em_test": {
            "f1_binary": [
                0.6377572678219432,
                0.003101557369554906
            ]
        },
        "em_val": {
            "f1_binary": [
                0.6567447506410549,
                0.016393247536451164
            ]
        }
    },
    "0.125": {
        "em_test": {
            "f1_binary": [
                0.6101257948250336,
                0.008737068934407169
            ]
        },
        "em_val": {
            "f1_binary": [
                0.6236041599590934,
                0.005280930891337688
            ]
        }
    },
    "0.1875": {
        "em_test": {
            "f1_binary": [
                0.624414991372696,
                0.004606338751222258
            ]
        },
        "em_val": {
            "f1_binary": [
                0.6268741774773415,
                0.014413309274345112
            ]
        }
    },
    "0.21875": {
        "em_test": {
            "f1_binary": [
                0.6226665745563809,
                0.016149115507743072
            ]
        },
        "em_val": {
            "f1_binary": [
                0.6433359116114099,
                0.01899894513237796
            ]
        }
    }
}