{"0.0625": {"em_val": {"f1_binary": [0.9430233326281959, 0.034328532020961436]}, "em_test": {"f1_binary": [0.44359011617440836, 0.02541137401765746]}}, "0.125": {"em_val": {"f1_binary": [0.9290327176556531, 0.02954134538677275]}, "em_test": {"f1_binary": [0.23947835664292633, 0.0894666573999077]}}, "0.25": {"em_val": {"f1_binary": [0.9313090281624046, 0.021402696692570933]}, "em_test": {"f1_binary": [0.4037480754282087, 0.022456370974750783]}}, "0.5": {"em_val": {"f1_binary": [0.9397368832971787, 0.008840289372362592]}, "em_test": {"f1_binary": [0.4726776482008662, 0.020080860861549782]}}, "1.0": {"em_val": {"f1_binary": [0.9595324537120021, 0.004985145460637735]}, "em_test": {"f1_binary": [0.5064762510764711, 0.03145286223744585]}}}