{"0.0625": {"lm_val": {"f1_binary": [0.6470588235294118, 0.0]}, "lm_test": {"f1_binary": [0.36818851251840945, 0.0]}, "em_test": {"f1_binary": [0.42157132889927673, 0.05495487803489498]}, "em_val": {"f1_binary": [0.6209909388856757, 0.028193117869472362]}}, "0.125": {"lm_val": {"f1_binary": [0.14285714285714285, 0.0]}, "lm_test": {"f1_binary": [0.17690982194141297, 0.0]}, "em_test": {"f1_binary": [0.29458557444742345, 0.057186807479535404]}, "em_val": {"f1_binary": [0.23393720565149137, 0.04748682243241634]}}, "0.25": {"lm_val": {"f1_binary": [0.1590909090909091, 0.0]}, "lm_test": {"f1_binary": [0.20247469066366702, 0.0]}, "em_test": {"f1_binary": [0.31715736184856586, 0.05619083619661049]}, "em_val": {"f1_binary": [0.35289524026057306, 0.05028277881476581]}}, "0.5": {"lm_val": {"f1_binary": [0.2513089005235602, 0.0]}, "lm_test": {"f1_binary": [0.20179372197309417, 0.0]}, "em_test": {"f1_binary": [0.37323579924153194, 0.03324124490251817]}, "em_val": {"f1_binary": [0.41970444787939715, 0.023495430338140288]}}, "1.0": {"lm_val": {"f1_binary": [0.21666666666666665, 0.0]}, "lm_test": {"f1_binary": [0.20280112044817927, 2.7755575615628914e-17]}, "em_test": {"f1_binary": [0.31555261482666175, 0.046329865228044574]}, "em_val": {"f1_binary": [0.32262342960388213, 0.04105398675115458]}}}