{"0.0625": {"lm_val": {"f1_binary": [0.5641025641025641, 0.0]}, "lm_test": {"f1_binary": [0.5042899667308702, 0.0]}, "em_test": {"f1_binary": [0.49980836887922936, 0.003169576087160924]}, "em_val": {"f1_binary": [0.5937773937773937, 0.0034494976385056816]}}, "0.125": {"lm_val": {"f1_binary": [0.4428571428571429, 5.551115123125783e-17]}, "lm_test": {"f1_binary": [0.5042899667308702, 0.0]}, "em_test": {"f1_binary": [0.4969018375464784, 0.0033170654038444693]}, "em_val": {"f1_binary": [0.47382576128384474, 0.004029106211651502]}}, "0.25": {"lm_val": {"f1_binary": [0.49469964664310967, 0.0]}, "lm_test": {"f1_binary": [0.5042899667308702, 0.0]}, "em_test": {"f1_binary": [0.49576479435646414, 0.004631412862429983]}, "em_val": {"f1_binary": [0.519633498361131, 0.007293896322873876]}}, "0.5": {"lm_val": {"f1_binary": [0.5206896551724138, 0.0]}, "lm_test": {"f1_binary": [0.5042899667308702, 0.0]}, "em_test": {"f1_binary": [0.5006474550571721, 0.007727827727217631]}, "em_val": {"f1_binary": [0.5360107729821316, 0.00297081225868465]}}, "1.0": {"lm_val": {"f1_binary": [0.5004329004329005, 0.0]}, "lm_test": {"f1_binary": [0.5042899667308702, 0.0]}, "em_test": {"f1_binary": [0.5020049202344659, 0.00803924205091838]}, "em_val": {"f1_binary": [0.5151735547632785, 0.006894345361564688]}}}