{"0.0625": {"lm_val": {"f1_binary": [0.6470588235294118, 0.0]}, "lm_test": {"f1_binary": [0.36818851251840945, 0.0]}, "em_test": {"f1_binary": [0.4020323440761878, 0.00806839387427152]}, "em_val": {"f1_binary": [0.6662202639096093, 0.015623581335322231]}}, "0.125": {"lm_val": {"f1_binary": [0.14285714285714285, 0.0]}, "lm_test": {"f1_binary": [0.17690982194141297, 0.0]}, "em_test": {"f1_binary": [0.17251735092512266, 0.015644825200898202]}, "em_val": {"f1_binary": [0.18542173744718815, 0.023355482390019815]}}, "0.25": {"lm_val": {"f1_binary": [0.1590909090909091, 0.0]}, "lm_test": {"f1_binary": [0.20247469066366702, 0.0]}, "em_test": {"f1_binary": [0.16031300110152602, 0.07098440136162523]}, "em_val": {"f1_binary": [0.20613174191834593, 0.06545102962161517]}}, "0.5": {"lm_val": {"f1_binary": [0.2513089005235602, 0.0]}, "lm_test": {"f1_binary": [0.20179372197309417, 0.0]}, "em_test": {"f1_binary": [0.197915834958273, 0.023030668852986713]}, "em_val": {"f1_binary": [0.2769419469055908, 0.030374177922460697]}}, "1.0": {"lm_val": {"f1_binary": [0.21666666666666665, 0.0]}, "lm_test": {"f1_binary": [0.20280112044817927, 2.7755575615628914e-17]}, "em_test": {"f1_binary": [0.1960972739707081, 0.01689062606840363]}, "em_val": {"f1_binary": [0.25152508541363, 0.021462877697920848]}}}