{"0.0625": {"em_val": {"f1_binary": [0.8976195648596162, 0.017563645401513134]}, "em_test": {"f1_binary": [0.2542100545647303, 0.06356807942239608]}}, "0.125": {"em_val": {"f1_binary": [0.8992612859097127, 0.0160005838642929]}, "em_test": {"f1_binary": [0.38151815698804703, 0.06293061134618479]}}, "0.25": {"em_val": {"f1_binary": [0.927542277223283, 0.022936768376390086]}, "em_test": {"f1_binary": [0.5321032269540551, 0.024041383359949837]}}, "0.5": {"em_val": {"f1_binary": [0.9357035678519793, 0.008292336003633128]}, "em_test": {"f1_binary": [0.5073670612012791, 0.027516757068988117]}}, "1.0": {"em_val": {"f1_binary": [0.9385909575321097, 0.006382690403936227]}, "em_test": {"f1_binary": [0.5744506671934697, 0.020906840679767884]}}}