{"0.0625": {"lm_val": {"f1_binary": [0.7591452991452992, 0.02785931491303182]}, "lm_test": {"f1_binary": [0.5636964807897882, 0.10170179660066055]}, "em_test": {"f1_binary": [0.5285503909100073, 0.026526169724937803]}, "em_val": {"f1_binary": [0.7836514642505683, 0.02687249369764277]}}, "0.125": {"lm_val": {"f1_binary": [0.6046511627906976, 0.0]}, "lm_test": {"f1_binary": [0.69598635976438, 0.00017538809774915774]}, "em_test": {"f1_binary": [0.5949743349318387, 0.00738350587037802]}, "em_val": {"f1_binary": [0.6197388694219379, 0.015579050031602608]}}, "0.25": {"lm_val": {"f1_binary": [0.6227544910179641, 0.0]}, "lm_test": {"f1_binary": [0.69598635976438, 0.00017538809774915774]}, "em_test": {"f1_binary": [0.5838152622930799, 0.0064740483137550485]}, "em_val": {"f1_binary": [0.6292654016846698, 0.015426011864831234]}}, "0.5": {"lm_val": {"f1_binary": [0.6547796313834049, 0.0014511546587018032]}, "lm_test": {"f1_binary": [0.69598635976438, 0.00017538809774915774]}, "em_test": {"f1_binary": [0.586256115211125, 0.0069934948877003545]}, "em_val": {"f1_binary": [0.6369533145564161, 0.006171779214015967]}}, "1.0": {"lm_val": {"f1_binary": [0.6406112889718758, 0.0007693201533832017]}, "lm_test": {"f1_binary": [0.69598635976438, 0.00017538809774915774]}, "em_test": {"f1_binary": [0.5912475318120075, 0.00983827639364619]}, "em_val": {"f1_binary": [0.6085879497906684, 0.013534336627146593]}}}