{"0.0625": {"lm_val": {"f1_binary": [0.5641025641025641, 0.0]}, "lm_test": {"f1_binary": [0.5042899667308702, 0.0]}, "em_test": {"f1_binary": [0.49962584940041055, 0.0024345460490731797]}, "em_val": {"f1_binary": [0.5946938106938107, 0.004158304014089298]}}, "0.125": {"lm_val": {"f1_binary": [0.4428571428571429, 5.551115123125783e-17]}, "lm_test": {"f1_binary": [0.5042899667308702, 0.0]}, "em_test": {"f1_binary": [0.5012298850468315, 0.00286242387520608]}, "em_val": {"f1_binary": [0.4746216178082593, 0.0057252875725237245]}}, "0.25": {"lm_val": {"f1_binary": [0.49469964664310967, 0.0]}, "lm_test": {"f1_binary": [0.5042899667308702, 0.0]}, "em_test": {"f1_binary": [0.49753714190866843, 0.004915740185389045]}, "em_val": {"f1_binary": [0.5240935653876626, 0.008075214871062504]}}, "0.5": {"lm_val": {"f1_binary": [0.5206896551724138, 0.0]}, "lm_test": {"f1_binary": [0.5042899667308702, 0.0]}, "em_test": {"f1_binary": [0.499593610940425, 0.00319121750222283]}, "em_val": {"f1_binary": [0.5329993212539776, 0.0016691311842087512]}}, "1.0": {"lm_val": {"f1_binary": [0.5004329004329005, 0.0]}, "lm_test": {"f1_binary": [0.5042899667308702, 0.0]}, "em_test": {"f1_binary": [0.5025514786137049, 0.004322500113132913]}, "em_val": {"f1_binary": [0.5153140176384792, 0.002887764438030347]}}}