{"0.0625": {"lm_val": {"f1_binary": [0.6923076923076923, 0.0]}, "lm_test": {"f1_binary": [0.6030513176144244, 0.0]}, "em_test": {"f1_binary": [0.5711889120287105, 0.004010003860899837]}, "em_val": {"f1_binary": [0.7888717969946599, 0.03527010893593912]}}, "0.125": {"lm_val": {"f1_binary": [0.5750000000000001, 0.0]}, "lm_test": {"f1_binary": [0.6030513176144244, 0.0]}, "em_test": {"f1_binary": [0.5785436757932535, 0.011812874413281398]}, "em_val": {"f1_binary": [0.6277777141329667, 0.018194601795073203]}}, "0.25": {"lm_val": {"f1_binary": [0.5595238095238095, 0.0]}, "lm_test": {"f1_binary": [0.6030513176144244, 0.0]}, "em_test": {"f1_binary": [0.5770136023691801, 0.0047041678900085725]}, "em_val": {"f1_binary": [0.6381830394779167, 0.01146950902162954]}}, "0.5": {"lm_val": {"f1_binary": [0.5831062670299728, 0.0]}, "lm_test": {"f1_binary": [0.6030513176144244, 0.0]}, "em_test": {"f1_binary": [0.5811015498022849, 0.005017767706264022]}, "em_val": {"f1_binary": [0.6373094592410039, 0.010842155469592718]}}, "1.0": {"lm_val": {"f1_binary": [0.5730337078651686, 0.0]}, "lm_test": {"f1_binary": [0.6030513176144244, 0.0]}, "em_test": {"f1_binary": [0.5780672784540055, 0.01030979338657533]}, "em_val": {"f1_binary": [0.6002646136069686, 0.009004408488190943]}}}