{"0.0625": {"lm_val": {"f1_binary": [0.6923076923076923, 0.0]}, "lm_test": {"f1_binary": [0.6030513176144244, 0.0]}, "em_test": {"f1_binary": [0.5667887901889347, 0.010896568363029015]}, "em_val": {"f1_binary": [0.7686681641340025, 0.029243142214724797]}}, "0.125": {"lm_val": {"f1_binary": [0.5750000000000001, 0.0]}, "lm_test": {"f1_binary": [0.6030513176144244, 0.0]}, "em_test": {"f1_binary": [0.5773854490973712, 0.003287078363900807]}, "em_val": {"f1_binary": [0.6157902563708186, 0.013031342001550433]}}, "0.25": {"lm_val": {"f1_binary": [0.5595238095238095, 0.0]}, "lm_test": {"f1_binary": [0.6030513176144244, 0.0]}, "em_test": {"f1_binary": [0.5774055504216243, 0.006021721605720872]}, "em_val": {"f1_binary": [0.6446396481325467, 0.013350154973805749]}}, "0.5": {"lm_val": {"f1_binary": [0.5831062670299728, 0.0]}, "lm_test": {"f1_binary": [0.6030513176144244, 0.0]}, "em_test": {"f1_binary": [0.5750058986585864, 0.010125768242310734]}, "em_val": {"f1_binary": [0.6368724825425852, 0.018764385862789654]}}, "1.0": {"lm_val": {"f1_binary": [0.5730337078651686, 0.0]}, "lm_test": {"f1_binary": [0.6030513176144244, 0.0]}, "em_test": {"f1_binary": [0.584830749959004, 0.004180249803273799]}, "em_val": {"f1_binary": [0.6013390462617307, 0.007111185394457969]}}}