{"0.0625": {"lm_val": {"f1_binary": [0.6923076923076923, 0.0]}, "lm_test": {"f1_binary": [0.6030513176144244, 0.0]}, "em_test": {"f1_binary": [0.57555635518983, 0.011664155777077034]}, "em_val": {"f1_binary": [0.7616997253007483, 0.01987122031236895]}}, "0.125": {"lm_val": {"f1_binary": [0.5750000000000001, 0.0]}, "lm_test": {"f1_binary": [0.6030513176144244, 0.0]}, "em_test": {"f1_binary": [0.5872873204253549, 0.004741841689202131]}, "em_val": {"f1_binary": [0.6335332089410353, 0.014641964285961082]}}, "0.25": {"lm_val": {"f1_binary": [0.5595238095238095, 0.0]}, "lm_test": {"f1_binary": [0.6030513176144244, 0.0]}, "em_test": {"f1_binary": [0.5921106564753553, 0.013959569389305777]}, "em_val": {"f1_binary": [0.6365960214661389, 0.016068595267946455]}}, "0.5": {"lm_val": {"f1_binary": [0.5831062670299728, 0.0]}, "lm_test": {"f1_binary": [0.6030513176144244, 0.0]}, "em_test": {"f1_binary": [0.5719610947246846, 0.03064406670832357]}, "em_val": {"f1_binary": [0.619061555085606, 0.026579472703383702]}}, "1.0": {"lm_val": {"f1_binary": [0.5730337078651686, 0.0]}, "lm_test": {"f1_binary": [0.6030513176144244, 0.0]}, "em_test": {"f1_binary": [0.5937866884160431, 0.006873181311159198]}, "em_val": {"f1_binary": [0.610585262498406, 0.009853797947509825]}}}