{"em_val": {"f1_binary": [0.6661880660271045, 0.019212366177134663]}, "em_test": {"f1_binary": [0.648971986710421, 0.017685108645912846]}}