{
    "0.5": {
        "em_test": {
            "f1_binary": [
                0.6565263724353639,
                0.006302112300253042
            ]
        },
        "em_val": {
            "f1_binary": [
                0.6659443366412467,
                0.012166894275843719
            ]
        }
    },
    "0.25": {
        "em_test": {
            "f1_binary": [
                0.6319043023097975,
                0.014251632096405578
            ]
        },
        "em_val": {
            "f1_binary": [
                0.6365610855906686,
                0.014585365385243078
            ]
        }
    },
    "0.125": {
        "em_test": {
            "f1_binary": [
                0.6093087054290002,
                0.015573224484850256
            ]
        },
        "em_val": {
            "f1_binary": [
                0.6280522032805381,
                0.01336653342206089
            ]
        }
    },
    "0.0625": {
        "em_test": {
            "f1_binary": [
                0.5816431198631211,
                0.020365469607253342
            ]
        },
        "em_val": {
            "f1_binary": [
                0.5844799107441692,
                0.021445614075778045
            ]
        }
    },
    "0.09375": {
        "em_test": {
            "f1_binary": [
                0.5978992616683533,
                0.014308777603482849
            ]
        },
        "em_val": {
            "f1_binary": [
                0.6147663259795496,
                0.013122614715619438
            ]
        }
    }
}