{
    "0.0625": {
        "em_test": {
            "acc": [
                0.7530666666666667,
                0.013610743759215074
            ]
        },
        "em_val": {
            "acc": [
                0.9985714285714286,
                0.002857142857142847
            ]
        },
        "lm_val": [
            {}
        ],
        "lm_test": {}
    },
    "0.125": {
        "em_test": {
            "acc": [
                0.8202666666666666,
                0.01276909850158614
            ]
        },
        "em_val": {
            "acc": [
                0.9992882562277579,
                0.0014234875444839813
            ]
        },
        "lm_val": [
            {}
        ],
        "lm_test": {}
    },
    "0.25": {
        "em_test": {
            "acc": [
                0.8544888888888889,
                0.009518169758706514
            ]
        },
        "em_val": {
            "acc": [
                0.9992882562277579,
                0.0008717045347983083
            ]
        },
        "lm_val": [
            {}
        ],
        "lm_test": {}
    },
    "0.5": {
        "em_test": {
            "acc": [
                0.8824888888888889,
                0.004231335194813124
            ]
        },
        "em_val": {
            "acc": [
                0.9994666666666667,
                0.00043546484316147845
            ]
        },
        "lm_val": [
            {}
        ],
        "lm_test": {}
    },
    "1.0": {
        "em_test": {
            "acc": [
                0.8975111111111111,
                0.002942745841288332
            ]
        },
        "em_val": {
            "acc": [
                0.9995555555555555,
                0.0
            ]
        },
        "lm_val": [
            {}
        ],
        "lm_test": {}
    }
}