{
    "0.0625": {
        "em_test": {
            "acc": [
                0.11697777777777778,
                0.017537036645938437
            ]
        },
        "em_val": {
            "acc": [
                0.1757142857142857,
                0.030169588688489825
            ]
        },
        "lm_val": [
            {
                "acc": [
                    0.1457142857142857,
                    0.014708043058552863
                ]
            }
        ],
        "lm_test": {
            "acc": [
                0.12515555555555555,
                0.018444390896843285
            ]
        },
        "tuned_em_val": [
            {
                "acc": [
                    0.9985714285714286,
                    0.002857142857142847
                ]
            }
        ],
        "tuned_em_test": {
            "acc": [
                0.7506666666666666,
                0.010886621079036355
            ]
        }
    },
    "0.125": {
        "em_test": {
            "acc": [
                0.13422222222222224,
                0.028102106594732865
            ]
        },
        "em_val": {
            "acc": [
                0.16512455516014235,
                0.01708185053380783
            ]
        },
        "lm_val": [
            {
                "acc": [
                    0.14163701067615658,
                    0.006122651435617529
                ]
            }
        ],
        "lm_test": {
            "acc": [
                0.12266666666666666,
                0.020825435540033698
            ]
        },
        "tuned_em_val": [
            {
                "acc": [
                    0.9992882562277579,
                    0.0014234875444839813
                ]
            }
        ],
        "tuned_em_test": {
            "acc": [
                0.8181333333333333,
                0.009235037949349535
            ]
        }
    },
    "0.25": {
        "em_test": {
            "acc": [
                0.15173333333333333,
                0.014367590414575002
            ]
        },
        "em_val": {
            "acc": [
                0.16654804270462636,
                0.01671461717554076
            ]
        },
        "lm_val": [
            {
                "acc": [
                    0.14306049822064057,
                    0.0051077224535257424
                ]
            }
        ],
        "lm_test": {
            "acc": [
                0.14115555555555556,
                0.006991211414128249
            ]
        },
        "tuned_em_val": [
            {
                "acc": [
                    0.9992882562277579,
                    0.0008717045347983083
                ]
            }
        ],
        "tuned_em_test": {
            "acc": [
                0.8562666666666667,
                0.008579504719654176
            ]
        }
    },
    "0.5": {
        "em_test": {
            "acc": [
                0.1569777777777778,
                0.019761341484928363
            ]
        },
        "em_val": {
            "acc": [
                0.1648,
                0.015473816993414356
            ]
        },
        "lm_val": [
            {
                "acc": [
                    0.14186666666666667,
                    0.0030064950267178173
                ]
            }
        ],
        "lm_test": {
            "acc": [
                0.13457777777777777,
                0.002202579856598018
            ]
        },
        "tuned_em_val": [
            {
                "acc": [
                    0.9994666666666667,
                    0.00043546484316147845
                ]
            }
        ],
        "tuned_em_test": {
            "acc": [
                0.8794666666666666,
                0.004944332083617201
            ]
        }
    },
    "1.0": {
        "em_test": {
            "acc": [
                0.1584,
                0.011065149382823427
            ]
        },
        "em_val": {
            "acc": [
                0.1655111111111111,
                0.009662348971876407
            ]
        },
        "lm_val": [
            {
                "acc": [
                    0.13866666666666666,
                    0.0
                ]
            }
        ],
        "lm_test": {
            "acc": [
                0.1328888888888889,
                0.0
            ]
        },
        "tuned_em_val": [
            {
                "acc": [
                    0.9995555555555555,
                    0.0
                ]
            }
        ],
        "tuned_em_test": {
            "acc": [
                0.8943111111111112,
                0.005039302322865182
            ]
        }
    }
}