{
    "0.0625": {
        "em_test": {
            "acc": [
                0.6294222222222222,
                0.17710347676282778
            ]
        },
        "em_val": {
            "acc": [
                0.6457142857142857,
                0.18874450931329995
            ]
        },
        "lm_val": [
            {
                "acc": [
                    0.5057142857142857,
                    0.1503329637837291
                ]
            }
        ],
        "lm_test": {
            "acc": [
                0.5097777777777778,
                0.13032457107990225
            ]
        },
        "tuned_em_val": [
            {
                "acc": [
                    0.9985714285714286,
                    0.002857142857142847
                ]
            }
        ],
        "tuned_em_test": {
            "acc": [
                0.8105777777777778,
                0.007417829704897819
            ]
        }
    },
    "0.125": {
        "em_test": {
            "acc": [
                0.6128888888888888,
                0.21034217860135765
            ]
        },
        "em_val": {
            "acc": [
                0.6241992882562278,
                0.21438261183345
            ]
        },
        "lm_val": [
            {
                "acc": [
                    0.4832740213523132,
                    0.16553819831118347
                ]
            }
        ],
        "lm_test": {
            "acc": [
                0.48177777777777775,
                0.1679094406128303
            ]
        },
        "tuned_em_val": [
            {
                "acc": [
                    0.9992882562277579,
                    0.0014234875444839813
                ]
            }
        ],
        "tuned_em_test": {
            "acc": [
                0.8450666666666666,
                0.004775244806600265
            ]
        }
    },
    "0.25": {
        "em_test": {
            "acc": [
                0.6408888888888888,
                0.18870631699568002
            ]
        },
        "em_val": {
            "acc": [
                0.6412811387900356,
                0.19108895418626595
            ]
        },
        "lm_val": [
            {
                "acc": [
                    0.5160142348754448,
                    0.15387087195109223
                ]
            }
        ],
        "lm_test": {
            "acc": [
                0.5094222222222222,
                0.14530367349404555
            ]
        },
        "tuned_em_val": [
            {
                "acc": [
                    0.9992882562277579,
                    0.0008717045347983083
                ]
            }
        ],
        "tuned_em_test": {
            "acc": [
                0.8584888888888889,
                0.002114733733932516
            ]
        }
    },
    "0.5": {
        "em_test": {
            "acc": [
                0.6380444444444444,
                0.1986179607210477
            ]
        },
        "em_val": {
            "acc": [
                0.6424888888888889,
                0.20087897713994393
            ]
        },
        "lm_val": [
            {
                "acc": [
                    0.5178666666666667,
                    0.15096526294907697
                ]
            }
        ],
        "lm_test": {
            "acc": [
                0.5079111111111112,
                0.14631591729651627
            ]
        },
        "tuned_em_val": [
            {
                "acc": [
                    0.9994666666666667,
                    0.00043546484316147845
                ]
            }
        ],
        "tuned_em_test": {
            "acc": [
                0.8853333333333333,
                0.005399588461684412
            ]
        }
    },
    "1.0": {
        "em_test": {
            "acc": [
                0.6398222222222222,
                0.19705858751543978
            ]
        },
        "em_val": {
            "acc": [
                0.6468444444444444,
                0.19862989468287093
            ]
        },
        "lm_val": [
            {
                "acc": [
                    0.5251555555555555,
                    0.15435565153402653
                ]
            }
        ],
        "lm_test": {
            "acc": [
                0.5126222222222223,
                0.14920009929497244
            ]
        },
        "tuned_em_val": [
            {
                "acc": [
                    0.9995555555555555,
                    0.0
                ]
            }
        ],
        "tuned_em_test": {
            "acc": [
                0.8988444444444446,
                0.0022766663955316613
            ]
        }
    }
}