{
    "0.0625": {
        "em_test": {
            "acc": [
                0.7983050847457627,
                0.028193939992845557
            ]
        },
        "em_val": {
            "acc": [
                1.0,
                0.0
            ]
        },
        "lm_val": [
            {}
        ],
        "lm_test": {}
    },
    "0.125": {
        "em_test": {
            "acc": [
                0.8401937046004843,
                0.008202123334602561
            ]
        },
        "em_val": {
            "acc": [
                1.0,
                0.0
            ]
        },
        "lm_val": [
            {}
        ],
        "lm_test": {}
    },
    "0.25": {
        "em_test": {
            "acc": [
                0.8646489104116222,
                0.005763017063153456
            ]
        },
        "em_val": {
            "acc": [
                1.0,
                0.0
            ]
        },
        "lm_val": [
            {}
        ],
        "lm_test": {}
    },
    "0.5": {
        "em_test": {
            "acc": [
                0.8784503631961259,
                0.005406080765560804
            ]
        },
        "em_val": {
            "acc": [
                1.0,
                0.0
            ]
        },
        "lm_val": [
            {}
        ],
        "lm_test": {}
    },
    "1.0": {
        "em_test": {
            "acc": [
                0.8952784503631961,
                0.0017121229568681639
            ]
        },
        "em_val": {
            "acc": [
                1.0,
                0.0
            ]
        },
        "lm_val": [
            {}
        ],
        "lm_test": {}
    }
}