{
    "0.0625": {
        "em_test": {
            "acc": [
                0.7509333333333333,
                0.007644444444444423
            ]
        },
        "em_val": {
            "acc": [
                0.7685714285714285,
                0.018405855323893022
            ]
        },
        "lm_val": [
            {
                "acc": [
                    0.5314285714285714,
                    0.027701027756664737
                ]
            }
        ],
        "lm_test": {
            "acc": [
                0.5657777777777778,
                0.0
            ]
        },
        "tuned_em_val": [
            {
                "acc": [
                    0.9985714285714286,
                    0.002857142857142847
                ]
            }
        ],
        "tuned_em_test": {
            "acc": [
                0.8110222222222223,
                0.004163569219068569
            ]
        }
    },
    "0.125": {
        "em_test": {
            "acc": [
                0.7491555555555556,
                0.0080815595610174
            ]
        },
        "em_val": {
            "acc": [
                0.7572953736654803,
                0.012612131776988857
            ]
        },
        "lm_val": [
            {
                "acc": [
                    0.5352313167259786,
                    0.028255420984027346
                ]
            }
        ],
        "lm_test": {
            "acc": [
                0.5657777777777778,
                0.0
            ]
        },
        "tuned_em_val": [
            {
                "acc": [
                    0.9992882562277579,
                    0.0014234875444839813
                ]
            }
        ],
        "tuned_em_test": {
            "acc": [
                0.8448,
                0.006011675882279453
            ]
        }
    },
    "0.25": {
        "em_test": {
            "acc": [
                0.7508444444444444,
                0.008748220277558817
            ]
        },
        "em_val": {
            "acc": [
                0.7551601423487544,
                0.013947272556772567
            ]
        },
        "lm_val": [
            {
                "acc": [
                    0.5537366548042705,
                    0.019439858055156814
                ]
            }
        ],
        "lm_test": {
            "acc": [
                0.5657777777777778,
                0.0
            ]
        },
        "tuned_em_val": [
            {
                "acc": [
                    0.9992882562277579,
                    0.0008717045347983083
                ]
            }
        ],
        "tuned_em_test": {
            "acc": [
                0.8624888888888889,
                0.00404029090750704
            ]
        }
    },
    "0.5": {
        "em_test": {
            "acc": [
                0.7530666666666667,
                0.0038806897694121166
            ]
        },
        "em_val": {
            "acc": [
                0.7550222222222223,
                0.007942509476867098
            ]
        },
        "lm_val": [
            {
                "acc": [
                    0.5584,
                    0.009464058065213289
                ]
            }
        ],
        "lm_test": {
            "acc": [
                0.5657777777777778,
                0.0
            ]
        },
        "tuned_em_val": [
            {
                "acc": [
                    0.9994666666666667,
                    0.00043546484316147845
                ]
            }
        ],
        "tuned_em_test": {
            "acc": [
                0.8824,
                0.005187639630725289
            ]
        }
    },
    "1.0": {
        "em_test": {
            "acc": [
                0.7530666666666667,
                0.0038806897694121166
            ]
        },
        "em_val": {
            "acc": [
                0.7610666666666667,
                0.005512544616431538
            ]
        },
        "lm_val": [
            {
                "acc": [
                    0.5659555555555555,
                    0.0029427458412883307
                ]
            }
        ],
        "lm_test": {
            "acc": [
                0.5657777777777778,
                0.0
            ]
        },
        "tuned_em_val": [
            {
                "acc": [
                    0.9995555555555555,
                    0.0
                ]
            }
        ],
        "tuned_em_test": {
            "acc": [
                0.8992888888888888,
                0.0021147337339324926
            ]
        }
    }
}