{
    "0.0625": {
        "em_test": {
            "acc": [
                0.6805333333333334,
                0.0184439625104374
            ]
        },
        "em_val": {
            "acc": [
                0.7014285714285714,
                0.017142857142857133
            ]
        },
        "lm_val": [
            {
                "acc": [
                    0.57,
                    0.019897697538834427
                ]
            }
        ],
        "lm_test": {
            "acc": [
                0.5488888888888889,
                0.0
            ]
        },
        "tuned_em_val": [
            {
                "acc": [
                    0.9985714285714286,
                    0.002857142857142847
                ]
            }
        ],
        "tuned_em_test": {
            "acc": [
                0.7968000000000001,
                0.010340952985193153
            ]
        }
    },
    "0.125": {
        "em_test": {
            "acc": [
                0.6876444444444445,
                0.009521489664548249
            ]
        },
        "em_val": {
            "acc": [
                0.6925266903914591,
                0.030580143856143546
            ]
        },
        "lm_val": [
            {
                "acc": [
                    0.5530249110320284,
                    0.023989038500146238
                ]
            }
        ],
        "lm_test": {
            "acc": [
                0.5488888888888889,
                0.0
            ]
        },
        "tuned_em_val": [
            {
                "acc": [
                    0.9992882562277579,
                    0.0014234875444839813
                ]
            }
        ],
        "tuned_em_test": {
            "acc": [
                0.8357333333333333,
                0.0037565416193983078
            ]
        }
    },
    "0.25": {
        "em_test": {
            "acc": [
                0.6865777777777777,
                0.00982775108343842
            ]
        },
        "em_val": {
            "acc": [
                0.697153024911032,
                0.014690225936334757
            ]
        },
        "lm_val": [
            {
                "acc": [
                    0.5629893238434164,
                    0.01682788671535501
                ]
            }
        ],
        "lm_test": {
            "acc": [
                0.5488888888888889,
                0.0
            ]
        },
        "tuned_em_val": [
            {
                "acc": [
                    0.9992882562277579,
                    0.0008717045347983083
                ]
            }
        ],
        "tuned_em_test": {
            "acc": [
                0.8625777777777779,
                0.006950406329715405
            ]
        }
    },
    "0.5": {
        "em_test": {
            "acc": [
                0.6907555555555556,
                0.008172945432158315
            ]
        },
        "em_val": {
            "acc": [
                0.6958222222222222,
                0.008514794677211057
            ]
        },
        "lm_val": [
            {
                "acc": [
                    0.5649777777777778,
                    0.0072997209484970075
                ]
            }
        ],
        "lm_test": {
            "acc": [
                0.5488888888888889,
                0.0
            ]
        },
        "tuned_em_val": [
            {
                "acc": [
                    0.9994666666666667,
                    0.00043546484316147845
                ]
            }
        ],
        "tuned_em_test": {
            "acc": [
                0.8842666666666666,
                0.0047420368598574845
            ]
        }
    },
    "1.0": {
        "em_test": {
            "acc": [
                0.6953777777777778,
                0.007721574713061002
            ]
        },
        "em_val": {
            "acc": [
                0.7036444444444445,
                0.008532407357167267
            ]
        },
        "lm_val": [
            {
                "acc": [
                    0.5756444444444444,
                    0.00017777777777774342
                ]
            }
        ],
        "lm_test": {
            "acc": [
                0.5488888888888889,
                0.0
            ]
        },
        "tuned_em_val": [
            {
                "acc": [
                    0.9995555555555555,
                    0.0
                ]
            }
        ],
        "tuned_em_test": {
            "acc": [
                0.8932444444444444,
                0.001893980066903329
            ]
        }
    }
}