{
    "0.0625": {
        "em_test": {
            "acc": [
                0.4979825151311365,
                0.0
            ]
        },
        "em_val": {
            "acc": [
                0.5208845208845209,
                0.0
            ]
        }
    },
    "0.125": {
        "em_test": {
            "acc": [
                0.6062542030934768,
                0.0
            ]
        },
        "em_val": {
            "acc": [
                0.6437346437346437,
                0.0
            ]
        }
    },
    "0.25": {
        "em_test": {
            "acc": [
                0.7313382649630128,
                0.0
            ]
        },
        "em_val": {
            "acc": [
                0.7616707616707616,
                0.0
            ]
        }
    },
    "0.5": {
        "em_test": {
            "acc": [
                0.773369199731002,
                0.0
            ]
        },
        "em_val": {
            "acc": [
                0.7813267813267813,
                0.0
            ]
        }
    },
    "1.0": {
        "em_test": {
            "acc": [
                0.800605245460659,
                0.0
            ]
        },
        "em_val": {
            "acc": [
                0.8353808353808354,
                0.0
            ]
        }
    }
}