{
    "45": {
        "em_test": {
            "acc": [
                0.836,
                0.00620035841257943
            ]
        },
        "em_val": {
            "acc": [
                0.8622222222222222,
                0.043090487621478456
            ]
        },
        "lm_val": [
            {
                "acc": [
                    0.7822222222222222,
                    0.040734006177385255
                ]
            }
        ],
        "lm_test": {
            "acc": [
                0.7733333333333333,
                0.0
            ]
        },
        "tuned_em_val": [
            {
                "acc": [
                    1.0,
                    0.0
                ]
            }
        ],
        "tuned_em_test": {
            "acc": [
                0.8676666666666668,
                0.006200358412579421
            ]
        }
    }
}