{
    "45": {
        "em_test": {
            "acc": [
                0.7466666666666667,
                0.02113448997886315
            ]
        },
        "em_val": {
            "acc": [
                1.0,
                0.0
            ]
        },
        "lm_val": [
            {}
        ],
        "lm_test": {}
    }
}