{
    "45": {
        "em_test": {
            "acc": [
                0.829,
                0.018306040290327962
            ]
        },
        "em_val": {
            "acc": [
                0.7333333333333334,
                0.03142696805273544
            ]
        },
        "lm_val": [
            {
                "acc": [
                    0.6044444444444445,
                    0.008888888888888903
                ]
            }
        ],
        "lm_test": {
            "acc": [
                0.7733333333333333,
                0.0
            ]
        },
        "tuned_em_val": [
            {
                "acc": [
                    1.0,
                    0.0
                ]
            }
        ],
        "tuned_em_test": {
            "acc": [
                0.9023333333333333,
                0.008069145624606784
            ]
        }
    }
}