{
    "450": {
        "em_test": {
            "acc": [
                0.8550000000000001,
                0.0036514837167010905
            ]
        },
        "em_val": {
            "acc": [
                1.0,
                0.0
            ]
        },
        "lm_val": [
            {}
        ],
        "lm_test": {}
    }
}