{
    "171": {
        "em_test": {
            "acc": [
                0.8356666666666666,
                0.012092238098144685
            ]
        },
        "em_val": {
            "acc": [
                0.8350877192982455,
                0.008594700851870774
            ]
        },
        "lm_val": [
            {
                "acc": [
                    0.7555555555555554,
                    0.012487810821089261
                ]
            }
        ],
        "lm_test": {
            "acc": [
                0.7733333333333333,
                0.0
            ]
        },
        "tuned_em_val": [
            {
                "acc": [
                    0.9742690058479532,
                    0.009501799303667784
                ]
            }
        ],
        "tuned_em_test": {
            "acc": [
                0.8470000000000001,
                0.015755069730795296
            ]
        }
    }
}