{
    "0.0625": {
        "em_test": {
            "acc": [
                0.7863333333333333,
                0.07872173213993142
            ]
        },
        "em_val": {
            "acc": [
                0.8909090909090909,
                0.08907235428302465
            ]
        },
        "lm_val": [
            {
                "acc": [
                    0.781818181818182,
                    0.092709445701687
                ]
            }
        ],
        "lm_test": {
            "acc": [
                0.7733333333333333,
                0.0
            ]
        },
        "tuned_em_val": [
            {
                "acc": [
                    1.0,
                    0.0
                ]
            }
        ],
        "tuned_em_test": {
            "acc": [
                0.7923333333333333,
                0.045990337149352474
            ]
        }
    },
    "0.125": {
        "em_test": {
            "acc": [
                0.8146666666666667,
                0.039064049969249226
            ]
        },
        "em_val": {
            "acc": [
                0.8727272727272727,
                0.07820295697311479
            ]
        },
        "lm_val": [
            {
                "acc": [
                    0.7909090909090909,
                    0.1060173071790055
                ]
            }
        ],
        "lm_test": {
            "acc": [
                0.7733333333333333,
                0.0
            ]
        },
        "tuned_em_val": [
            {
                "acc": [
                    1.0,
                    0.0
                ]
            }
        ],
        "tuned_em_test": {
            "acc": [
                0.8493333333333334,
                0.015040685563571311
            ]
        }
    },
    "0.25": {
        "em_test": {
            "acc": [
                0.8273333333333334,
                0.025982900359873457
            ]
        },
        "em_val": {
            "acc": [
                0.8636363636363636,
                0.035208939510976534
            ]
        },
        "lm_val": [
            {
                "acc": [
                    0.7818181818181819,
                    0.04453617714151235
                ]
            }
        ],
        "lm_test": {
            "acc": [
                0.7733333333333333,
                0.0
            ]
        },
        "tuned_em_val": [
            {
                "acc": [
                    1.0,
                    0.0
                ]
            }
        ],
        "tuned_em_test": {
            "acc": [
                0.8676666666666666,
                0.009463379711052275
            ]
        }
    },
    "0.5": {
        "em_test": {
            "acc": [
                0.8210000000000001,
                0.026110874703421542
            ]
        },
        "em_val": {
            "acc": [
                0.8516853932584268,
                0.02877808646037235
            ]
        },
        "lm_val": [
            {
                "acc": [
                    0.7617977528089888,
                    0.01933106801582614
                ]
            }
        ],
        "lm_test": {
            "acc": [
                0.7733333333333333,
                0.0
            ]
        },
        "tuned_em_val": [
            {
                "acc": [
                    1.0,
                    0.0
                ]
            }
        ],
        "tuned_em_test": {
            "acc": [
                0.8886666666666667,
                0.01208304597359456
            ]
        }
    },
    "1.0": {
        "em_test": {
            "acc": [
                0.843,
                0.011125546178852435
            ]
        },
        "em_val": {
            "acc": [
                0.8393258426966292,
                0.008408218846682988
            ]
        },
        "lm_val": [
            {
                "acc": [
                    0.7573033707865168,
                    0.007453089416528977
                ]
            }
        ],
        "lm_test": {
            "acc": [
                0.7733333333333333,
                0.0
            ]
        },
        "tuned_em_val": [
            {
                "acc": [
                    1.0,
                    0.0
                ]
            }
        ],
        "tuned_em_test": {
            "acc": [
                0.9106666666666667,
                0.004294699575575058
            ]
        }
    }
}