{
    "45": {
        "em_test": {
            "acc": [
                0.8423333333333334,
                0.0077172246018601676
            ]
        },
        "em_val": {
            "acc": [
                0.8711111111111112,
                0.051448164012400995
            ]
        },
        "lm_val": [
            {
                "acc": [
                    0.7822222222222222,
                    0.040734006177385255
                ]
            }
        ],
        "lm_test": {
            "acc": [
                0.7733333333333333,
                0.0
            ]
        },
        "tuned_em_val": [
            {
                "acc": [
                    0.9333333333333332,
                    0.03142696805273546
                ]
            }
        ],
        "tuned_em_test": {
            "acc": [
                0.655,
                0.04137900702315394
            ]
        }
    }
}