{
    "0.0625": {
        "em_test": {
            "acc": [
                0.5063333333333333,
                0.05188020388891658
            ]
        },
        "em_val": {
            "acc": [
                1.0,
                0.0
            ]
        },
        "lm_val": [
            {}
        ],
        "lm_test": {}
    },
    "0.125": {
        "em_test": {
            "acc": [
                0.6466666666666667,
                0.05165053511608353
            ]
        },
        "em_val": {
            "acc": [
                1.0,
                0.0
            ]
        },
        "lm_val": [
            {}
        ],
        "lm_test": {}
    },
    "0.25": {
        "em_test": {
            "acc": [
                0.7393333333333333,
                0.020618222792256124
            ]
        },
        "em_val": {
            "acc": [
                1.0,
                0.0
            ]
        },
        "lm_val": [
            {}
        ],
        "lm_test": {}
    },
    "0.5": {
        "em_test": {
            "acc": [
                0.8160000000000001,
                0.011907047399661143
            ]
        },
        "em_val": {
            "acc": [
                1.0,
                0.0
            ]
        },
        "lm_val": [
            {}
        ],
        "lm_test": {}
    },
    "1.0": {
        "em_test": {
            "acc": [
                0.8616666666666667,
                0.010381607668264951
            ]
        },
        "em_val": {
            "acc": [
                1.0,
                0.0
            ]
        },
        "lm_val": [
            {}
        ],
        "lm_test": {}
    }
}