{
    "45": {
        "em_test": {
            "acc": [
                0.6633333333333333,
                0.041177124177819345
            ]
        },
        "em_val": {
            "acc": [
                0.8444444444444443,
                0.11331154474650633
            ]
        },
        "lm_val": [
            {}
        ],
        "lm_test": {}
    }
}