{
    "450": {
        "em_test": {
            "acc": [
                0.8373333333333335,
                0.01661993448309053
            ]
        },
        "em_val": {
            "acc": [
                0.7097777777777777,
                0.03157120112920542
            ]
        },
        "lm_val": [
            {
                "acc": [
                    0.5884444444444444,
                    0.005862624870343522
                ]
            }
        ],
        "lm_test": {
            "acc": [
                0.7733333333333333,
                0.0
            ]
        },
        "tuned_em_val": [
            {
                "acc": [
                    1.0,
                    0.0
                ]
            }
        ],
        "tuned_em_test": {
            "acc": [
                0.916,
                0.007717224601860149
            ]
        }
    }
}