{
    "0.5": {
        "em_test": {
            "acc": [
                0.9486666666666667,
                0.0058118652580542345
            ]
        },
        "em_val": {
            "acc": [
                0.9606741573033709,
                0.0035531209664813337
            ]
        }
    },
    "0.25": {
        "em_test": {
            "acc": [
                0.9363333333333334,
                0.009153020145163962
            ]
        },
        "em_val": {
            "acc": [
                0.9415730337078652,
                0.008408218846683035
            ]
        }
    },
    "0.125": {
        "em_test": {
            "acc": [
                0.8946666666666667,
                0.023031379560166255
            ]
        },
        "em_val": {
            "acc": [
                0.9056179775280899,
                0.020534457171345
            ]
        }
    },
    "0.1875": {
        "em_test": {
            "acc": [
                0.9186666666666667,
                0.0035590260840104382
            ]
        },
        "em_val": {
            "acc": [
                0.9280898876404494,
                0.008256706998145522
            ]
        }
    },
    "0.15625": {
        "em_test": {
            "acc": [
                0.9106666666666665,
                0.010572501018102448
            ]
        },
        "em_val": {
            "acc": [
                0.9247191011235956,
                0.008408218846682993
            ]
        }
    }
}