{
    "45": {
        "em_test": {
            "acc": [
                0.6806666666666666,
                0.056308673103409784
            ]
        },
        "em_val": {
            "acc": [
                1.0,
                0.0
            ]
        },
        "lm_val": [
            {}
        ],
        "lm_test": {}
    }
}