{"em_val": {"acc": [0.9617977528089888, 0.006551631342522826]}, "em_test": {"acc": [0.9496666666666667, 0.01097471842210287]}}