{
    "45": {
        "em_test": {
            "acc": [
                0.6709999999999999,
                0.02578974817851292
            ]
        },
        "em_val": {
            "acc": [
                1.0,
                0.0
            ]
        },
        "lm_val": [
            {}
        ],
        "lm_test": {}
    }
}