{
    "171": {
        "em_test": {
            "acc": [
                0.8470000000000001,
                0.015684387141358128
            ]
        },
        "em_val": {
            "acc": [
                0.9028571428571428,
                0.058832172234211416
            ]
        },
        "lm_val": [
            {}
        ],
        "lm_test": {}
    }
}