{
    "45": {
        "em_test": {
            "acc": [
                0.8223333333333332,
                0.014854853303438113
            ]
        },
        "em_val": {
            "acc": [
                0.72,
                0.07111111111111111
            ]
        },
        "lm_val": [
            {
                "acc": [
                    0.5777777777777777,
                    0.03142696805273544
                ]
            }
        ],
        "lm_test": {
            "acc": [
                0.7733333333333333,
                0.0
            ]
        },
        "tuned_em_val": [
            {
                "acc": [
                    1.0,
                    0.0
                ]
            }
        ],
        "tuned_em_test": {
            "acc": [
                0.6763333333333333,
                0.038649421441695336
            ]
        }
    }
}