{
    "45": {
        "em_test": {
            "acc": [
                0.6983333333333333,
                0.02136976056643279
            ]
        },
        "em_val": {
            "acc": [
                1.0,
                0.0
            ]
        },
        "lm_val": [
            {}
        ],
        "lm_test": {}
    }
}