{"0.0625": {"lm_val": {"acc": [0.636, 0.00489897948556636]}, "lm_test": {"acc": [0.5183571873055383, 0.0024577993351750575]}, "em_test": {"acc": [0.54673304293715, 0.011993017256150929]}, "em_val": {"acc": [0.662, 0.00979795897113272]}}, "0.125": {"lm_val": {"acc": [0.553, 0.00509901951359279]}, "lm_test": {"acc": [0.5143746110765401, 0.002743672393907734]}, "em_test": {"acc": [0.5517112632233977, 0.016086084934088248]}, "em_val": {"acc": [0.586, 0.016552945357246864]}}, "0.25": {"lm_val": {"acc": [0.544139650872818, 0.006765416442020206]}, "lm_test": {"acc": [0.5010578718108276, 0.01978568586153317]}, "em_test": {"acc": [0.5406347230864965, 0.011881427738506636]}, "em_val": {"acc": [0.5670822942643391, 0.008434680561240757]}}, "0.5": {"lm_val": {"acc": [0.5290161892901619, 0.0004981320049813221]}, "lm_test": {"acc": [0.5187305538270068, 0.001084977957321912]}, "em_test": {"acc": [0.5469819539514622, 0.006333794971997253]}, "em_val": {"acc": [0.5569115815691158, 0.00364352150394218]}}, "1.0": {"lm_val": {"acc": [0.5330429371499689, 0.00030485248821200754]}, "lm_test": {"acc": [0.5188550093341631, 0.0006097049764239334]}, "em_test": {"acc": [0.5609209707529559, 0.006328902120767179]}, "em_val": {"acc": [0.5596764156813939, 0.004157633625013094]}}}