{"0.0625": {"lm_val": {"acc": [0.42000000000000004, 5.551115123125783e-17]}, "lm_test": {"acc": [0.3758556316116988, 0.0]}, "em_test": {"acc": [0.44455507156191654, 0.015367105633296836]}, "em_val": {"acc": [0.532, 0.019390719429665335]}}, "0.125": {"lm_val": {"acc": [0.375, 0.0]}, "lm_test": {"acc": [0.3758556316116988, 0.0]}, "em_test": {"acc": [0.44306160547604234, 0.02377719125643162]}, "em_val": {"acc": [0.49399999999999994, 0.03498571136907183]}}, "0.25": {"lm_val": {"acc": [0.3765586034912718, 0.0]}, "lm_test": {"acc": [0.3758556316116988, 0.0]}, "em_test": {"acc": [0.44418170504044807, 0.024632760164995562]}, "em_val": {"acc": [0.4399002493765586, 0.025896768051365926]}}, "0.5": {"lm_val": {"acc": [0.37858032378580325, 0.0]}, "lm_test": {"acc": [0.3758556316116988, 0.0]}, "em_test": {"acc": [0.444803982576229, 0.01445185151660962]}, "em_val": {"acc": [0.46376089663760894, 0.014277370508559418]}}, "1.0": {"lm_val": {"acc": [0.37087741132545116, 0.0]}, "lm_test": {"acc": [0.3758556316116988, 0.0]}, "em_test": {"acc": [0.4586185438705662, 0.01918391922140405]}, "em_val": {"acc": [0.4502800248911015, 0.008979790420683234]}}}