{
    "50": {
        "em_test": {
            "acc": [
                0.5067828251400124,
                0.015607137428446839
            ]
        },
        "em_val": {
            "acc": [
                0.5960000000000001,
                0.03666060555964671
            ]
        },
        "lm_val": [
            {
                "acc": [
                    0.472,
                    0.034871191548325395
                ]
            }
        ],
        "lm_test": {
            "acc": [
                0.4903546981953951,
                0.0
            ]
        },
        "tuned_em_val": [
            {
                "acc": [
                    1.0,
                    0.0
                ]
            }
        ],
        "tuned_em_test": {
            "acc": [
                0.49433727442439335,
                0.03610840135564624
            ]
        }
    }
}