{"0.0625": {"lm_val": {"acc": [0.56, 0.0]}, "lm_test": {"acc": [0.4903546981953951, 0.0]}, "em_test": {"acc": [0.563658991910392, 0.010060132110995023]}, "em_val": {"acc": [0.6859999999999999, 0.013564659966250496]}}, "0.125": {"lm_val": {"acc": [0.475, 0.0]}, "lm_test": {"acc": [0.4903546981953951, 0.0]}, "em_test": {"acc": [0.5617921593030493, 0.021155239828891604]}, "em_val": {"acc": [0.607, 0.015362291495737231]}}, "0.25": {"lm_val": {"acc": [0.49875311720698257, 0.0]}, "lm_test": {"acc": [0.4903546981953951, 0.0]}, "em_test": {"acc": [0.55980087118855, 0.01859600178093015]}, "em_val": {"acc": [0.5591022443890274, 0.006189363414459283]}}, "0.5": {"lm_val": {"acc": [0.48443337484433374, 0.0]}, "lm_test": {"acc": [0.4903546981953951, 0.0]}, "em_test": {"acc": [0.5710018668326073, 0.007698154122808768]}, "em_val": {"acc": [0.5950186799501869, 0.017406132213854193]}}, "1.0": {"lm_val": {"acc": [0.48039825762289984, 0.0]}, "lm_test": {"acc": [0.4903546981953951, 0.0]}, "em_test": {"acc": [0.5777224642190417, 0.007199081450643212]}, "em_val": {"acc": [0.5789670192906036, 0.014844156386206954]}}}