{
    "50": {
        "em_test": {
            "acc": [
                0.22738021157436217,
                0.015502580827897967
            ]
        },
        "em_val": {
            "acc": [
                1.0,
                0.0
            ]
        },
        "lm_val": [
            {}
        ],
        "lm_test": {}
    }
}