{
    "0.0625": {
        "em_test": {
            "acc": [
                0.5509645301804604,
                0.03484443047714112
            ]
        },
        "em_val": {
            "acc": [
                0.614,
                0.04079215610874232
            ]
        },
        "lm_val": [
            {
                "acc": [
                    0.522,
                    0.035440090293338694
                ]
            }
        ],
        "lm_test": {
            "acc": [
                0.4903546981953951,
                0.0
            ]
        },
        "tuned_em_val": [
            {
                "acc": [
                    1.0,
                    0.0
                ]
            }
        ],
        "tuned_em_test": {
            "acc": [
                0.6108276291225886,
                0.02928435703232149
            ]
        }
    },
    "0.125": {
        "em_test": {
            "acc": [
                0.5737398879900436,
                0.015918632936223486
            ]
        },
        "em_val": {
            "acc": [
                0.587,
                0.009797958971132722
            ]
        },
        "lm_val": [
            {
                "acc": [
                    0.49000000000000005,
                    0.03361547262794324
                ]
            }
        ],
        "lm_test": {
            "acc": [
                0.4903546981953951,
                0.0
            ]
        },
        "tuned_em_val": [
            {
                "acc": [
                    1.0,
                    0.0
                ]
            }
        ],
        "tuned_em_test": {
            "acc": [
                0.6693217174859988,
                0.007688087224134667
            ]
        }
    },
    "0.25": {
        "em_test": {
            "acc": [
                0.579838207840697,
                0.01282193764598832
            ]
        },
        "em_val": {
            "acc": [
                0.5905236907730673,
                0.008255833095883697
            ]
        },
        "lm_val": [
            {
                "acc": [
                    0.49526184538653373,
                    0.027706622268989827
                ]
            }
        ],
        "lm_test": {
            "acc": [
                0.4903546981953951,
                0.0
            ]
        },
        "tuned_em_val": [
            {
                "acc": [
                    1.0,
                    0.0
                ]
            }
        ],
        "tuned_em_test": {
            "acc": [
                0.7213441194772869,
                0.0091235309561226
            ]
        }
    },
    "0.5": {
        "em_test": {
            "acc": [
                0.5830740510267579,
                0.01283159817675867
            ]
        },
        "em_val": {
            "acc": [
                0.5980074719800748,
                0.012032749518486834
            ]
        },
        "lm_val": [
            {
                "acc": [
                    0.4961394769613948,
                    0.01848130157817099
                ]
            }
        ],
        "lm_test": {
            "acc": [
                0.4903546981953951,
                0.0
            ]
        },
        "tuned_em_val": [
            {
                "acc": [
                    0.9992528019925281,
                    0.0006100846183768837
                ]
            }
        ],
        "tuned_em_test": {
            "acc": [
                0.779838207840697,
                0.005315284755211585
            ]
        }
    },
    "1.0": {
        "em_test": {
            "acc": [
                0.5873055382700685,
                0.010945011009792498
            ]
        },
        "em_val": {
            "acc": [
                0.5981331673926571,
                0.008021348124118003
            ]
        },
        "lm_val": [
            {
                "acc": [
                    0.5004355942750467,
                    0.00868874159338247
                ]
            }
        ],
        "lm_test": {
            "acc": [
                0.4903546981953951,
                0.0
            ]
        },
        "tuned_em_val": [
            {
                "acc": [
                    0.9993777224642191,
                    0.0
                ]
            }
        ],
        "tuned_em_test": {
            "acc": [
                0.8176726820161793,
                0.007539579953135504
            ]
        }
    }
}