{"0.0625": {"lm_val": {"acc": [0.42000000000000004, 5.551115123125783e-17]}, "lm_test": {"acc": [0.3758556316116988, 0.0]}, "em_test": {"acc": [0.4394523957685127, 0.01550657685343872]}, "em_val": {"acc": [0.526, 0.013564659966250548]}}, "0.125": {"lm_val": {"acc": [0.375, 0.0]}, "lm_test": {"acc": [0.3758556316116988, 0.0]}, "em_test": {"acc": [0.44642190416925953, 0.016815776730857046]}, "em_val": {"acc": [0.48600000000000004, 0.03023243291566195]}}, "0.25": {"lm_val": {"acc": [0.3765586034912718, 0.0]}, "lm_test": {"acc": [0.3758556316116988, 0.0]}, "em_test": {"acc": [0.43434971997510896, 0.016904888247922994]}, "em_val": {"acc": [0.4319201995012468, 0.003665071934338915]}}, "0.5": {"lm_val": {"acc": [0.37858032378580325, 0.0]}, "lm_test": {"acc": [0.3758556316116988, 0.0]}, "em_test": {"acc": [0.4502800248911014, 0.021137660511545957]}, "em_val": {"acc": [0.46400996264009964, 0.01449298782164499]}}, "1.0": {"lm_val": {"acc": [0.37087741132545116, 0.0]}, "lm_test": {"acc": [0.3758556316116988, 0.0]}, "em_test": {"acc": [0.45463596764156816, 0.013459619997108417]}, "em_val": {"acc": [0.4601120099564405, 0.013522765232204796]}}}