{
    "500": {
        "em_test": {
            "acc": [
                0.6467952706907282,
                0.011973628844610526
            ]
        },
        "em_val": {
            "acc": [
                1.0,
                0.0
            ]
        },
        "lm_val": [
            {}
        ],
        "lm_test": {}
    }
}