{
    "0.0625": {
        "em_test": {
            "acc": [
                0.5550715619166147,
                0.04654036945372096
            ]
        },
        "em_val": {
            "acc": [
                0.6159999999999999,
                0.033823069050575555
            ]
        },
        "lm_val": [
            {
                "acc": [
                    0.522,
                    0.035440090293338694
                ]
            }
        ],
        "lm_test": {
            "acc": [
                0.4903546981953951,
                0.0
            ]
        },
        "tuned_em_val": [
            {
                "acc": [
                    1.0,
                    0.0
                ]
            }
        ],
        "tuned_em_test": {
            "acc": [
                0.6141879278158058,
                0.023233546611816397
            ]
        }
    },
    "0.125": {
        "em_test": {
            "acc": [
                0.5677660236465464,
                0.04352136304685763
            ]
        },
        "em_val": {
            "acc": [
                0.583,
                0.017204650534085267
            ]
        },
        "lm_val": [
            {
                "acc": [
                    0.49000000000000005,
                    0.03361547262794324
                ]
            }
        ],
        "lm_test": {
            "acc": [
                0.4903546981953951,
                0.0
            ]
        },
        "tuned_em_val": [
            {
                "acc": [
                    1.0,
                    0.0
                ]
            }
        ],
        "tuned_em_test": {
            "acc": [
                0.653889234598631,
                0.024335427887760237
            ]
        }
    },
    "0.25": {
        "em_test": {
            "acc": [
                0.5891723708774113,
                0.02403441756345602
            ]
        },
        "em_val": {
            "acc": [
                0.5880299251870323,
                0.01855468851644717
            ]
        },
        "lm_val": [
            {
                "acc": [
                    0.49526184538653373,
                    0.027706622268989827
                ]
            }
        ],
        "lm_test": {
            "acc": [
                0.4903546981953951,
                0.0
            ]
        },
        "tuned_em_val": [
            {
                "acc": [
                    1.0,
                    0.0
                ]
            }
        ],
        "tuned_em_test": {
            "acc": [
                0.7062850031113876,
                0.010792524400088996
            ]
        }
    },
    "0.5": {
        "em_test": {
            "acc": [
                0.5901680149346608,
                0.01596041802268066
            ]
        },
        "em_val": {
            "acc": [
                0.6012453300124534,
                0.023868789142138868
            ]
        },
        "lm_val": [
            {
                "acc": [
                    0.4961394769613948,
                    0.01848130157817099
                ]
            }
        ],
        "lm_test": {
            "acc": [
                0.4903546981953951,
                0.0
            ]
        },
        "tuned_em_val": [
            {
                "acc": [
                    0.9992528019925281,
                    0.0006100846183768837
                ]
            }
        ],
        "tuned_em_test": {
            "acc": [
                0.7783447417548226,
                0.0060126309043838765
            ]
        }
    },
    "1.0": {
        "em_test": {
            "acc": [
                0.5936527691350342,
                0.015519556830541303
            ]
        },
        "em_val": {
            "acc": [
                0.6060983198506533,
                0.013282382446253379
            ]
        },
        "lm_val": [
            {
                "acc": [
                    0.5004355942750467,
                    0.00868874159338247
                ]
            }
        ],
        "lm_test": {
            "acc": [
                0.4903546981953951,
                0.0
            ]
        },
        "tuned_em_val": [
            {
                "acc": [
                    0.9993777224642191,
                    0.0
                ]
            }
        ],
        "tuned_em_test": {
            "acc": [
                0.8171748599875546,
                0.007153756248014885
            ]
        }
    }
}