{"0.0625": {"lm_val": {"acc": [0.42000000000000004, 5.551115123125783e-17]}, "lm_test": {"acc": [0.4337274424393279, 0.0]}, "em_test": {"acc": [0.48574984443061614, 0.015351979036823185]}, "em_val": {"acc": [0.542, 0.0193907194296653]}}, "0.125": {"lm_val": {"acc": [0.4600000000000001, 5.551115123125783e-17]}, "lm_test": {"acc": [0.4131922837585563, 0.0]}, "em_test": {"acc": [0.49023024268823895, 0.02012719149512417]}, "em_val": {"acc": [0.548, 0.012884098726725107]}}, "0.25": {"lm_val": {"acc": [0.4089775561097257, 0.0]}, "lm_test": {"acc": [0.4100808960796515, 5.551115123125783e-17]}, "em_test": {"acc": [0.4642190416925949, 0.030135199158492883]}, "em_val": {"acc": [0.45187032418952616, 0.017941252617062302]}}, "0.5": {"lm_val": {"acc": [0.4308841843088419, 5.551115123125783e-17]}, "lm_test": {"acc": [0.4492843808338519, 0.0]}, "em_test": {"acc": [0.516241443683883, 0.014339953424601426]}, "em_val": {"acc": [0.5061021170610213, 0.009981302570118982]}}, "1.0": {"lm_val": {"acc": [0.4268823895457373, 5.551115123125783e-17]}, "lm_test": {"acc": [0.4349719975108898, 5.551115123125783e-17]}, "em_test": {"acc": [0.49346608587429996, 0.01001074178080407]}, "em_val": {"acc": [0.4923459863098942, 0.009275067023714589]}}}