{
    "50": {
        "em_test": {
            "acc": [
                0.42041070317361545,
                0.023480898863044556
            ]
        },
        "em_val": {
            "acc": [
                1.0,
                0.0
            ]
        },
        "lm_val": [
            {}
        ],
        "lm_test": {}
    }
}