{
    "50": {
        "em_test": {
            "acc": [
                0.5182327317983821,
                0.030802172309111905
            ]
        },
        "em_val": {
            "acc": [
                0.584,
                0.082365041127896
            ]
        },
        "lm_val": [
            {
                "acc": [
                    0.4600000000000001,
                    0.06693280212272605
                ]
            }
        ],
        "lm_test": {
            "acc": [
                0.4903546981953951,
                0.0
            ]
        },
        "tuned_em_val": [
            {
                "acc": [
                    1.0,
                    0.0
                ]
            }
        ],
        "tuned_em_test": {
            "acc": [
                0.5729931549471063,
                0.026653244501667325
            ]
        }
    }
}