{"0.0625": {"lm_val": {"acc": [0.56, 0.0]}, "lm_test": {"acc": [0.4903546981953951, 0.0]}, "em_test": {"acc": [0.5599253266957064, 0.014071730205453695]}, "em_val": {"acc": [0.702, 0.035440090293338694]}}, "0.125": {"lm_val": {"acc": [0.475, 0.0]}, "lm_test": {"acc": [0.4903546981953951, 0.0]}, "em_test": {"acc": [0.5734909769757313, 0.011797699391317064]}, "em_val": {"acc": [0.625, 0.007071067811865481]}}, "0.25": {"lm_val": {"acc": [0.49875311720698257, 0.0]}, "lm_test": {"acc": [0.4903546981953951, 0.0]}, "em_test": {"acc": [0.5543248288736776, 0.010182559885044296]}, "em_val": {"acc": [0.5625935162094764, 0.016053343580479912]}}, "0.5": {"lm_val": {"acc": [0.48443337484433374, 0.0]}, "lm_test": {"acc": [0.4903546981953951, 0.0]}, "em_test": {"acc": [0.5644057249533292, 0.019689946844404317]}, "em_val": {"acc": [0.602241594022416, 0.016172037938478653]}}, "1.0": {"lm_val": {"acc": [0.48039825762289984, 0.0]}, "lm_test": {"acc": [0.4903546981953951, 0.0]}, "em_test": {"acc": [0.5737398879900436, 0.010508939306824904]}, "em_val": {"acc": [0.5831985065339141, 0.005416317398130401]}}}