{
    "50": {
        "em_test": {
            "acc": [
                0.3677660236465464,
                0.04558708563284242
            ]
        },
        "em_val": {
            "acc": [
                0.44000000000000006,
                0.14966629547095764
            ]
        },
        "lm_val": [
            {}
        ],
        "lm_test": {}
    }
}