{
    "500": {
        "em_test": {
            "acc": [
                0.7056627255756067,
                0.01627942733957028
            ]
        },
        "em_val": {
            "acc": [
                1.0,
                0.0
            ]
        },
        "lm_val": [
            {}
        ],
        "lm_test": {}
    }
}