{
    "50": {
        "em_test": {
            "acc": [
                0.5074051026757933,
                0.03318227494412243
            ]
        },
        "em_val": {
            "acc": [
                0.584,
                0.07735631842325488
            ]
        },
        "lm_val": [
            {
                "acc": [
                    0.4600000000000001,
                    0.06693280212272605
                ]
            }
        ],
        "lm_test": {
            "acc": [
                0.4903546981953951,
                0.0
            ]
        },
        "tuned_em_val": [
            {
                "acc": [
                    0.748,
                    0.19579581200832666
                ]
            }
        ],
        "tuned_em_test": {
            "acc": [
                0.3276913503422526,
                0.05828000384198991
            ]
        }
    }
}