{
    "500": {
        "em_test": {
            "acc": [
                0.5586807716241443,
                0.012924211560171392
            ]
        },
        "em_val": {
            "acc": [
                0.5748,
                0.01912485294061104
            ]
        },
        "lm_val": [
            {
                "acc": [
                    0.49640000000000006,
                    0.028039971469315028
                ]
            }
        ],
        "lm_test": {
            "acc": [
                0.4903546981953951,
                0.0
            ]
        },
        "tuned_em_val": [
            {
                "acc": [
                    0.9475999999999999,
                    0.005122499389946284
                ]
            }
        ],
        "tuned_em_test": {
            "acc": [
                0.6752955818294959,
                0.01512736083279143
            ]
        }
    }
}