{"0.0625": {"lm_val": {"acc": [0.636, 0.00489897948556636]}, "lm_test": {"acc": [0.5187305538270068, 0.0023809740472568934]}, "em_test": {"acc": [0.5548226509023023, 0.00669751041546916]}, "em_val": {"acc": [0.682, 0.0074833147735478426]}}, "0.125": {"lm_val": {"acc": [0.552, 0.006000000000000005]}, "lm_test": {"acc": [0.5143746110765401, 0.002827085673080411]}, "em_test": {"acc": [0.5456129433727444, 0.0069450187570896165]}, "em_val": {"acc": [0.591, 0.011575836902790236]}}, "0.25": {"lm_val": {"acc": [0.544139650872818, 0.006765416442020206]}, "lm_test": {"acc": [0.5011823273179838, 0.019884079980556617]}, "em_test": {"acc": [0.5517112632233976, 0.007637553698850655]}, "em_val": {"acc": [0.5660847880299251, 0.004460983496258939]}}, "0.5": {"lm_val": {"acc": [0.5290161892901619, 0.0004981320049813221]}, "lm_test": {"acc": [0.5193528313627878, 0.00030485248821200754]}, "em_test": {"acc": [0.5705040448039826, 0.01190096636005668]}, "em_val": {"acc": [0.5808219178082192, 0.01568522689298508]}}, "1.0": {"lm_val": {"acc": [0.533167392657125, 0.00024891101431241404]}, "lm_test": {"acc": [0.5192283758556316, 0.00030485248821200754]}, "em_test": {"acc": [0.5726197884256379, 0.011900966360056666]}, "em_val": {"acc": [0.5729931549471065, 0.009382987840682406]}}}