{"0.0625": {"lm_val": {"acc": [0.56, 0.0]}, "lm_test": {"acc": [0.4903546981953951, 0.0]}, "em_test": {"acc": [0.5476042314872434, 0.025457160274888556]}, "em_val": {"acc": [0.6759999999999999, 0.024166091947189126]}}, "0.125": {"lm_val": {"acc": [0.475, 0.0]}, "lm_test": {"acc": [0.4903546981953951, 0.0]}, "em_test": {"acc": [0.571499688861232, 0.01941106974793937]}, "em_val": {"acc": [0.5930000000000001, 0.013266499161421611]}}, "0.25": {"lm_val": {"acc": [0.49875311720698257, 0.0]}, "lm_test": {"acc": [0.4903546981953951, 0.0]}, "em_test": {"acc": [0.5508400746733043, 0.009889319489891206]}, "em_val": {"acc": [0.5566084788029926, 0.010509380302097523]}}, "0.5": {"lm_val": {"acc": [0.48443337484433374, 0.0]}, "lm_test": {"acc": [0.4903546981953951, 0.0]}, "em_test": {"acc": [0.5634100808960797, 0.020768040799263296]}, "em_val": {"acc": [0.578829389788294, 0.008008934092559662]}}, "1.0": {"lm_val": {"acc": [0.48039825762289984, 0.0]}, "lm_test": {"acc": [0.4903546981953951, 0.0]}, "em_test": {"acc": [0.5793403858120721, 0.008385752596352465]}, "em_val": {"acc": [0.584443061605476, 0.009098029561915143]}}}