{
    "0.0625": {
        "em_test": {
            "acc": [
                0.5036714374611077,
                0.029610473512606053
            ]
        },
        "em_val": {
            "acc": [
                1.0,
                0.0
            ]
        },
        "lm_val": [
            {}
        ],
        "lm_test": {}
    },
    "0.125": {
        "em_test": {
            "acc": [
                0.5853142501555693,
                0.021882944969831772
            ]
        },
        "em_val": {
            "acc": [
                1.0,
                0.0
            ]
        },
        "lm_val": [
            {}
        ],
        "lm_test": {}
    },
    "0.25": {
        "em_test": {
            "acc": [
                0.6836341008089608,
                0.0233651749570809
            ]
        },
        "em_val": {
            "acc": [
                1.0,
                0.0
            ]
        },
        "lm_val": [
            {}
        ],
        "lm_test": {}
    },
    "0.5": {
        "em_test": {
            "acc": [
                0.7731176104542626,
                0.009914347861433463
            ]
        },
        "em_val": {
            "acc": [
                0.9992528019925281,
                0.0006100846183768837
            ]
        },
        "lm_val": [
            {}
        ],
        "lm_test": {}
    },
    "1.0": {
        "em_test": {
            "acc": [
                0.816179215930305,
                0.006450110028550044
            ]
        },
        "em_val": {
            "acc": [
                0.9993777224642191,
                0.0
            ]
        },
        "lm_val": [
            {}
        ],
        "lm_test": {}
    }
}