{"0.0625": {"lm_val": {"acc": [0.56, 0.0]}, "lm_test": {"acc": [0.4903546981953951, 0.0]}, "em_test": {"acc": [0.5549471064094587, 0.020726232924353986]}, "em_val": {"acc": [0.666, 0.025768197453450235]}}, "0.125": {"lm_val": {"acc": [0.475, 0.0]}, "lm_test": {"acc": [0.4903546981953951, 0.0]}, "em_test": {"acc": [0.5461107654013689, 0.01582396836907503]}, "em_val": {"acc": [0.608, 0.015684387141358135]}}, "0.25": {"lm_val": {"acc": [0.49875311720698257, 0.0]}, "lm_test": {"acc": [0.4903546981953951, 0.0]}, "em_test": {"acc": [0.5576851275668948, 0.01067999400270062]}, "em_val": {"acc": [0.5610972568578554, 0.007227619324782741]}}, "0.5": {"lm_val": {"acc": [0.48443337484433374, 0.0]}, "lm_test": {"acc": [0.4903546981953951, 0.0]}, "em_test": {"acc": [0.5544492843808339, 0.011595086196741372]}, "em_val": {"acc": [0.5733499377334994, 0.008468244084682424]}}, "1.0": {"lm_val": {"acc": [0.48039825762289984, 0.0]}, "lm_test": {"acc": [0.4903546981953951, 0.0]}, "em_test": {"acc": [0.567517112632234, 0.006550191595241204]}, "em_val": {"acc": [0.5835718730553826, 0.00707756923863745]}}}