{
    "500": {
        "em_test": {
            "acc": [
                0.6874922215308027,
                0.016176343625178814
            ]
        },
        "em_val": {
            "acc": [
                0.728,
                0.03487119154832542
            ]
        },
        "lm_val": [
            {}
        ],
        "lm_test": {}
    }
}