{
    "50": {
        "em_test": {
            "acc": [
                0.2514001244555072,
                0.031220725061191352
            ]
        },
        "em_val": {
            "acc": [
                1.0,
                0.0
            ]
        },
        "lm_val": [
            {}
        ],
        "lm_test": {}
    }
}