{
    "0.0625": {
        "em_test": {
            "acc": [
                0.5644057249533292,
                0.02876511143085649
            ]
        },
        "em_val": {
            "acc": [
                0.6300000000000001,
                0.03346640106136305
            ]
        },
        "lm_val": [
            {
                "acc": [
                    0.5439999999999999,
                    0.03006659275674581
                ]
            }
        ],
        "lm_test": {
            "acc": [
                0.4990665836963285,
                5.551115123125783e-17
            ]
        },
        "tuned_em_val": [
            {
                "acc": [
                    1.0,
                    0.0
                ]
            }
        ],
        "tuned_em_test": {
            "acc": [
                0.6211574362165526,
                0.028142910040608638
            ]
        }
    },
    "0.125": {
        "em_test": {
            "acc": [
                0.5701306782825141,
                0.026349320717500364
            ]
        },
        "em_val": {
            "acc": [
                0.601,
                0.015297058540778367
            ]
        },
        "lm_val": [
            {
                "acc": [
                    0.517,
                    0.03370459909270545
                ]
            }
        ],
        "lm_test": {
            "acc": [
                0.4990665836963285,
                5.551115123125783e-17
            ]
        },
        "tuned_em_val": [
            {
                "acc": [
                    1.0,
                    0.0
                ]
            }
        ],
        "tuned_em_test": {
            "acc": [
                0.6655880522713129,
                0.01780018337650889
            ]
        }
    },
    "0.25": {
        "em_test": {
            "acc": [
                0.5825762289981332,
                0.018698999898529627
            ]
        },
        "em_val": {
            "acc": [
                0.5945137157107232,
                0.01909644859758272
            ]
        },
        "lm_val": [
            {
                "acc": [
                    0.5192019950124689,
                    0.024907712696625995
                ]
            }
        ],
        "lm_test": {
            "acc": [
                0.4990665836963285,
                5.551115123125783e-17
            ]
        },
        "tuned_em_val": [
            {
                "acc": [
                    1.0,
                    0.0
                ]
            }
        ],
        "tuned_em_test": {
            "acc": [
                0.7168637212196639,
                0.013530780759105826
            ]
        }
    },
    "0.5": {
        "em_test": {
            "acc": [
                0.5920348475420038,
                0.012386918516260097
            ]
        },
        "em_val": {
            "acc": [
                0.5990037359900373,
                0.012527797100831179
            ]
        },
        "lm_val": [
            {
                "acc": [
                    0.5095890410958903,
                    0.016528677482477768
                ]
            }
        ],
        "lm_test": {
            "acc": [
                0.4990665836963285,
                5.551115123125783e-17
            ]
        },
        "tuned_em_val": [
            {
                "acc": [
                    0.9992528019925281,
                    0.0006100846183768837
                ]
            }
        ],
        "tuned_em_test": {
            "acc": [
                0.7708774113254512,
                0.006375232594830475
            ]
        }
    },
    "1.0": {
        "em_test": {
            "acc": [
                0.5971375233354076,
                0.009515760972552715
            ]
        },
        "em_val": {
            "acc": [
                0.6037336652146859,
                0.009951772396616702
            ]
        },
        "lm_val": [
            {
                "acc": [
                    0.5154947106409459,
                    0.004566007797845457
                ]
            }
        ],
        "lm_test": {
            "acc": [
                0.4990665836963285,
                5.551115123125783e-17
            ]
        },
        "tuned_em_val": [
            {
                "acc": [
                    0.9993777224642191,
                    0.0
                ]
            }
        ],
        "tuned_em_test": {
            "acc": [
                0.8159303049159925,
                0.004712905097389289
            ]
        }
    }
}