{
    "0.0625": {
        "em_test": {
            "f1_macro": [
                0.40021455546119633,
                0.022391666029739646
            ]
        },
        "em_val": {
            "f1_macro": [
                0.5750054631803068,
                0.06689488553437192
            ]
        },
        "lm_val": [
            {
                "f1_macro": [
                    0.414521676016427,
                    0.05040267612400187
                ]
            }
        ],
        "lm_test": {
            "f1_macro": [
                0.37322748288708757,
                0.0
            ]
        },
        "tuned_em_val": [
            {
                "f1_macro": [
                    1.0,
                    0.0
                ]
            }
        ],
        "tuned_em_test": {
            "f1_macro": [
                0.4596825370790974,
                0.024004678611852338
            ]
        }
    },
    "0.125": {
        "em_test": {
            "f1_macro": [
                0.4398011275032678,
                0.009912998420834781
            ]
        },
        "em_val": {
            "f1_macro": [
                0.5232835539782967,
                0.032671220100811506
            ]
        },
        "lm_val": [
            {
                "f1_macro": [
                    0.3803824204263219,
                    0.0611439958411135
                ]
            }
        ],
        "lm_test": {
            "f1_macro": [
                0.37322748288708757,
                0.0
            ]
        },
        "tuned_em_val": [
            {
                "f1_macro": [
                    1.0,
                    0.0
                ]
            }
        ],
        "tuned_em_test": {
            "f1_macro": [
                0.5504035073311406,
                0.02071836281557898
            ]
        }
    },
    "0.25": {
        "em_test": {
            "f1_macro": [
                0.44014792027728167,
                0.006122639422861668
            ]
        },
        "em_val": {
            "f1_macro": [
                0.5019316909224656,
                0.03119766060297765
            ]
        },
        "lm_val": [
            {
                "f1_macro": [
                    0.3963881362709093,
                    0.030341961134307063
                ]
            }
        ],
        "lm_test": {
            "f1_macro": [
                0.37322748288708757,
                0.0
            ]
        },
        "tuned_em_val": [
            {
                "f1_macro": [
                    1.0,
                    0.0
                ]
            }
        ],
        "tuned_em_test": {
            "f1_macro": [
                0.619380083489172,
                0.016821811997072247
            ]
        }
    },
    "0.5": {
        "em_test": {
            "f1_macro": [
                0.42533663544087946,
                0.01436709472715368
            ]
        },
        "em_val": {
            "f1_macro": [
                0.47333717360983246,
                0.029932365092418693
            ]
        },
        "lm_val": [
            {
                "f1_macro": [
                    0.3831305878686685,
                    0.02851113182300627
                ]
            }
        ],
        "lm_test": {
            "f1_macro": [
                0.37322748288708757,
                0.0
            ]
        },
        "tuned_em_val": [
            {
                "f1_macro": [
                    0.9922144906891799,
                    0.007502777234071378
                ]
            }
        ],
        "tuned_em_test": {
            "f1_macro": [
                0.6519084558191095,
                0.02409404733272894
            ]
        }
    },
    "1.0": {
        "em_test": {
            "f1_macro": [
                0.4512055960609945,
                0.014155707740383596
            ]
        },
        "em_val": {
            "f1_macro": [
                0.48831365175337044,
                0.008218900431251626
            ]
        },
        "lm_val": [
            {
                "f1_macro": [
                    0.3879458045144328,
                    0.007086205598736509
                ]
            }
        ],
        "lm_test": {
            "f1_macro": [
                0.37322748288708757,
                0.0
            ]
        },
        "tuned_em_val": [
            {
                "f1_macro": [
                    0.9943635041828026,
                    0.00030318774716418323
                ]
            }
        ],
        "tuned_em_test": {
            "f1_macro": [
                0.7482819468624828,
                0.022814355215668384
            ]
        }
    }
}