{
    "500": {
        "em_test": {
            "acc": [
                0.5813316739265713,
                0.008268567637522402
            ]
        },
        "em_val": {
            "acc": [
                0.5879999999999999,
                0.018931455305918755
            ]
        },
        "lm_val": [
            {
                "acc": [
                    0.49640000000000006,
                    0.028039971469315028
                ]
            }
        ],
        "lm_test": {
            "acc": [
                0.4903546981953951,
                0.0
            ]
        },
        "tuned_em_val": [
            {
                "acc": [
                    0.9436,
                    0.00407921561087419
                ]
            }
        ],
        "tuned_em_test": {
            "acc": [
                0.672059738643435,
                0.010420129776694226
            ]
        }
    }
}