{
    "0.0625": {
        "em_test": {
            "acc": [
                0.49782202862476665,
                0.03079110740679382
            ]
        },
        "em_val": {
            "acc": [
                1.0,
                0.0
            ]
        },
        "lm_val": [
            {}
        ],
        "lm_test": {}
    },
    "0.125": {
        "em_test": {
            "acc": [
                0.5953951462352209,
                0.021768687759313385
            ]
        },
        "em_val": {
            "acc": [
                1.0,
                0.0
            ]
        },
        "lm_val": [
            {}
        ],
        "lm_test": {}
    },
    "0.25": {
        "em_test": {
            "acc": [
                0.6823895457373987,
                0.01928699004635769
            ]
        },
        "em_val": {
            "acc": [
                1.0,
                0.0
            ]
        },
        "lm_val": [
            {}
        ],
        "lm_test": {}
    },
    "0.5": {
        "em_test": {
            "acc": [
                0.7705040448039826,
                0.01062911236978031
            ]
        },
        "em_val": {
            "acc": [
                0.9992528019925281,
                0.0006100846183768837
            ]
        },
        "lm_val": [
            {}
        ],
        "lm_test": {}
    },
    "1.0": {
        "em_test": {
            "acc": [
                0.8197884256378345,
                0.003113875794199585
            ]
        },
        "em_val": {
            "acc": [
                0.9993777224642191,
                0.0
            ]
        },
        "lm_val": [
            {}
        ],
        "lm_test": {}
    }
}