{
    "50": {
        "em_test": {
            "acc": [
                0.279900435594275,
                0.023924608851675102
            ]
        },
        "em_val": {
            "acc": [
                0.392,
                0.03487119154832538
            ]
        },
        "lm_val": [
            {}
        ],
        "lm_test": {}
    }
}