{
    "0.0625": {
        "em_test": {
            "acc": [
                0.5696328562538893,
                0.028766726797971976
            ]
        },
        "em_val": {
            "acc": [
                0.6239999999999999,
                0.02800000000000003
            ]
        },
        "lm_val": [
            {
                "acc": [
                    0.5439999999999999,
                    0.03006659275674581
                ]
            }
        ],
        "lm_test": {
            "acc": [
                0.4990665836963285,
                5.551115123125783e-17
            ]
        },
        "tuned_em_val": [
            {
                "acc": [
                    1.0,
                    0.0
                ]
            }
        ],
        "tuned_em_test": {
            "acc": [
                0.6176726820161792,
                0.026862215574305605
            ]
        }
    },
    "0.125": {
        "em_test": {
            "acc": [
                0.5710018668326073,
                0.031214771073775734
            ]
        },
        "em_val": {
            "acc": [
                0.595,
                0.008944271909999166
            ]
        },
        "lm_val": [
            {
                "acc": [
                    0.517,
                    0.03370459909270545
                ]
            }
        ],
        "lm_test": {
            "acc": [
                0.4990665836963285,
                5.551115123125783e-17
            ]
        },
        "tuned_em_val": [
            {
                "acc": [
                    1.0,
                    0.0
                ]
            }
        ],
        "tuned_em_test": {
            "acc": [
                0.6618543870566272,
                0.015402343252674524
            ]
        }
    },
    "0.25": {
        "em_test": {
            "acc": [
                0.5764779091474799,
                0.026853564946997654
            ]
        },
        "em_val": {
            "acc": [
                0.5940149625935163,
                0.01194927536230515
            ]
        },
        "lm_val": [
            {
                "acc": [
                    0.5192019950124689,
                    0.024907712696625995
                ]
            }
        ],
        "lm_test": {
            "acc": [
                0.4990665836963285,
                5.551115123125783e-17
            ]
        },
        "tuned_em_val": [
            {
                "acc": [
                    1.0,
                    0.0
                ]
            }
        ],
        "tuned_em_test": {
            "acc": [
                0.7151213441194773,
                0.011985265655261725
            ]
        }
    },
    "0.5": {
        "em_test": {
            "acc": [
                0.590914747977598,
                0.011518691686040165
            ]
        },
        "em_val": {
            "acc": [
                0.5970112079701121,
                0.008685228281027482
            ]
        },
        "lm_val": [
            {
                "acc": [
                    0.5095890410958903,
                    0.016528677482477768
                ]
            }
        ],
        "lm_test": {
            "acc": [
                0.4990665836963285,
                5.551115123125783e-17
            ]
        },
        "tuned_em_val": [
            {
                "acc": [
                    0.9992528019925281,
                    0.0006100846183768837
                ]
            }
        ],
        "tuned_em_test": {
            "acc": [
                0.7729931549471064,
                0.006326454276111456
            ]
        }
    },
    "1.0": {
        "em_test": {
            "acc": [
                0.5871810827629123,
                0.013800538917863456
            ]
        },
        "em_val": {
            "acc": [
                0.6029869321717486,
                0.009608094121029863
            ]
        },
        "lm_val": [
            {
                "acc": [
                    0.5154947106409459,
                    0.004566007797845457
                ]
            }
        ],
        "lm_test": {
            "acc": [
                0.4990665836963285,
                5.551115123125783e-17
            ]
        },
        "tuned_em_val": [
            {
                "acc": [
                    0.9993777224642191,
                    0.0
                ]
            }
        ],
        "tuned_em_test": {
            "acc": [
                0.8170504044803982,
                0.00401356950755371
            ]
        }
    }
}