{
    "500": {
        "em_test": {
            "acc": [
                0.6505289359054138,
                0.02468677806331095
            ]
        },
        "em_val": {
            "acc": [
                0.706,
                0.030066592756745787
            ]
        },
        "lm_val": [
            {}
        ],
        "lm_test": {}
    }
}