{"0.0625": {"em_val": {"acc": [0.898, 0.017204650534085267]}, "em_test": {"acc": [0.4489110143123833, 0.01740865198786524]}}, "0.125": {"em_val": {"acc": [0.915, 0.013784048752090194]}, "em_test": {"acc": [0.5604231487243311, 0.02683914103878039]}}, "0.25": {"em_val": {"acc": [0.9321695760598503, 0.006387156346566441]}, "em_test": {"acc": [0.6423148724331051, 0.022997007019193206]}}, "0.5": {"em_val": {"acc": [0.9452054794520548, 0.0037772729484690315]}, "em_test": {"acc": [0.7235843186060984, 0.014333471112769622]}}, "1.0": {"em_val": {"acc": [0.9606720597386434, 0.008706550059685238]}, "em_test": {"acc": [0.7936527691350342, 0.0056018804903183225]}}}