{
    "50": {
        "em_test": {
            "acc": [
                0.4225264467952707,
                0.026025786188424906
            ]
        },
        "em_val": {
            "acc": [
                1.0,
                0.0
            ]
        },
        "lm_val": [
            {}
        ],
        "lm_test": {}
    }
}