{
    "0.0625": {
        "em_test": {
            "f1_macro": [
                0.2916367743375774,
                0.046122340011553124
            ]
        },
        "em_val": {
            "f1_macro": [
                1.0,
                0.0
            ]
        },
        "lm_val": [
            {}
        ],
        "lm_test": {}
    },
    "0.125": {
        "em_test": {
            "f1_macro": [
                0.37453378981395835,
                0.03722512964003064
            ]
        },
        "em_val": {
            "f1_macro": [
                1.0,
                0.0
            ]
        },
        "lm_val": [
            {}
        ],
        "lm_test": {}
    },
    "0.25": {
        "em_test": {
            "f1_macro": [
                0.5143282224752237,
                0.04432068985082878
            ]
        },
        "em_val": {
            "f1_macro": [
                1.0,
                0.0
            ]
        },
        "lm_val": [
            {}
        ],
        "lm_test": {}
    },
    "0.5": {
        "em_test": {
            "f1_macro": [
                0.6370251471286147,
                0.04634305296571054
            ]
        },
        "em_val": {
            "f1_macro": [
                0.9920901729734644,
                0.00760720916314886
            ]
        },
        "lm_val": [
            {}
        ],
        "lm_test": {}
    },
    "1.0": {
        "em_test": {
            "f1_macro": [
                0.7325823407875474,
                0.012055193506332575
            ]
        },
        "em_val": {
            "f1_macro": [
                0.9943635041828026,
                0.00030318774716418323
            ]
        },
        "lm_val": [
            {}
        ],
        "lm_test": {}
    }
}