{
    "50": {
        "em_test": {
            "acc": [
                0.22277535780958307,
                0.020282811487206835
            ]
        },
        "em_val": {
            "acc": [
                1.0,
                0.0
            ]
        },
        "lm_val": [
            {}
        ],
        "lm_test": {}
    }
}