{"0.0625": {"lm_val": {"acc": [0.42000000000000004, 5.551115123125783e-17]}, "lm_test": {"acc": [0.4337274424393279, 0.0]}, "em_test": {"acc": [0.435718730553827, 0.013692368427604299]}, "em_val": {"acc": [0.476, 0.01200000000000001]}}, "0.125": {"lm_val": {"acc": [0.4600000000000001, 5.551115123125783e-17]}, "lm_test": {"acc": [0.4131922837585563, 0.0]}, "em_test": {"acc": [0.4232731798382078, 0.006012630904383902]}, "em_val": {"acc": [0.484, 0.008000000000000007]}}, "0.25": {"lm_val": {"acc": [0.4089775561097257, 0.0]}, "lm_test": {"acc": [0.4100808960796515, 5.551115123125783e-17]}, "em_test": {"acc": [0.4355942750466708, 0.0161935698138884]}, "em_val": {"acc": [0.4384039900249377, 0.009773525158237109]}}, "0.5": {"lm_val": {"acc": [0.4308841843088419, 5.551115123125783e-17]}, "lm_test": {"acc": [0.4492843808338519, 0.0]}, "em_test": {"acc": [0.47691350342252636, 0.011804262054889238]}, "em_val": {"acc": [0.4821917808219179, 0.0075298712118709804]}}, "1.0": {"lm_val": {"acc": [0.4268823895457373, 5.551115123125783e-17]}, "lm_test": {"acc": [0.4349719975108898, 5.551115123125783e-17]}, "em_test": {"acc": [0.4543870566272557, 0.005667851916234342]}, "em_val": {"acc": [0.4573739887990043, 0.0087562210824333]}}}