{
    "500": {
        "em_test": {
            "acc": [
                0.6345986309894213,
                0.03568727759656059
            ]
        },
        "em_val": {
            "acc": [
                0.6792,
                0.03910191811151979
            ]
        },
        "lm_val": [
            {}
        ],
        "lm_test": {}
    }
}