{
    "500": {
        "em_test": {
            "acc": [
                0.49570628500311137,
                0.011889247040266808
            ]
        },
        "em_val": {
            "acc": [
                0.5284000000000001,
                0.004963869458396347
            ]
        },
        "lm_val": [
            {
                "acc": [
                    0.44880000000000003,
                    0.007110555533852477
                ]
            }
        ],
        "lm_test": {
            "acc": [
                0.4903546981953951,
                0.0
            ]
        },
        "tuned_em_val": [
            {
                "acc": [
                    1.0,
                    0.0
                ]
            }
        ],
        "tuned_em_test": {
            "acc": [
                0.6038581207218419,
                0.027548276409254585
            ]
        }
    }
}