{
    "0.5": {
        "em_test": {
            "acc": [
                0.8851275668948351,
                0.009466802865332507
            ]
        },
        "em_val": {
            "acc": [
                0.8945861854387056,
                0.008681607978392177
            ]
        }
    },
    "0.25": {
        "em_test": {
            "acc": [
                0.8512756689483509,
                0.006940556810752286
            ]
        },
        "em_val": {
            "acc": [
                0.8632233976353454,
                0.004968877355986858
            ]
        }
    },
    "0.375": {
        "em_test": {
            "acc": [
                0.8769135034225265,
                0.008917478092183117
            ]
        },
        "em_val": {
            "acc": [
                0.8841319228375856,
                0.0026808536687663977
            ]
        }
    },
    "0.3125": {
        "em_test": {
            "acc": [
                0.8489110143123832,
                0.012190288276775003
            ]
        },
        "em_val": {
            "acc": [
                0.8674548848786559,
                0.004538788432809062
            ]
        }
    },
    "0.34375": {
        "em_test": {
            "acc": [
                0.8648413192283758,
                0.01194643220511909
            ]
        },
        "em_val": {
            "acc": [
                0.8772868699439951,
                0.00778618161524182
            ]
        }
    }
}