{
    "0.0625": {
        "em_test": {
            "acc": [
                0.5785936527691351,
                0.01600306191657464
            ]
        },
        "em_val": {
            "acc": [
                0.634,
                0.02059126028197402
            ]
        },
        "lm_val": [
            {
                "acc": [
                    0.558,
                    0.03370459909270542
                ]
            }
        ],
        "lm_test": {
            "acc": [
                0.5121344119477287,
                0.0
            ]
        },
        "tuned_em_val": [
            {
                "acc": [
                    1.0,
                    0.0
                ]
            }
        ],
        "tuned_em_test": {
            "acc": [
                0.6349719975108898,
                0.01422608652563393
            ]
        }
    },
    "0.125": {
        "em_test": {
            "acc": [
                0.5741132545115122,
                0.016597904555368588
            ]
        },
        "em_val": {
            "acc": [
                0.608,
                0.014696938456699083
            ]
        },
        "lm_val": [
            {
                "acc": [
                    0.5269999999999999,
                    0.030430248109405877
                ]
            }
        ],
        "lm_test": {
            "acc": [
                0.5121344119477287,
                0.0
            ]
        },
        "tuned_em_val": [
            {
                "acc": [
                    1.0,
                    0.0
                ]
            }
        ],
        "tuned_em_test": {
            "acc": [
                0.6583696328562538,
                0.016440379357340242
            ]
        }
    },
    "0.25": {
        "em_test": {
            "acc": [
                0.5879278158058494,
                0.01186838412085338
            ]
        },
        "em_val": {
            "acc": [
                0.6,
                0.009410454994570173
            ]
        },
        "lm_val": [
            {
                "acc": [
                    0.5226932668329177,
                    0.029991613722439713
                ]
            }
        ],
        "lm_test": {
            "acc": [
                0.5121344119477287,
                0.0
            ]
        },
        "tuned_em_val": [
            {
                "acc": [
                    1.0,
                    0.0
                ]
            }
        ],
        "tuned_em_test": {
            "acc": [
                0.7035469819539515,
                0.011205143393002985
            ]
        }
    },
    "0.5": {
        "em_test": {
            "acc": [
                0.5875544492843808,
                0.0035069079784954206
            ]
        },
        "em_val": {
            "acc": [
                0.6062266500622664,
                0.006271321699633451
            ]
        },
        "lm_val": [
            {
                "acc": [
                    0.5180572851805728,
                    0.01783910792475218
                ]
            }
        ],
        "lm_test": {
            "acc": [
                0.5121344119477287,
                0.0
            ]
        },
        "tuned_em_val": [
            {
                "acc": [
                    0.9992528019925281,
                    0.0006100846183768837
                ]
            }
        ],
        "tuned_em_test": {
            "acc": [
                0.7751088985687618,
                0.006304380904499804
            ]
        }
    },
    "1.0": {
        "em_test": {
            "acc": [
                0.5892968263845676,
                0.002971334508105378
            ]
        },
        "em_val": {
            "acc": [
                0.6060983198506534,
                0.007288886354372785
            ]
        },
        "lm_val": [
            {
                "acc": [
                    0.5233354075917859,
                    0.006597315883359599
                ]
            }
        ],
        "lm_test": {
            "acc": [
                0.5121344119477287,
                0.0
            ]
        },
        "tuned_em_val": [
            {
                "acc": [
                    0.9993777224642191,
                    0.0
                ]
            }
        ],
        "tuned_em_test": {
            "acc": [
                0.8148102053515869,
                0.008528608188680434
            ]
        }
    }
}