{
    "500": {
        "em_test": {
            "acc": [
                0.5830740510267579,
                0.01283159817675867
            ]
        },
        "em_val": {
            "acc": [
                0.5928,
                0.01230284519938377
            ]
        },
        "lm_val": [
            {
                "acc": [
                    0.49640000000000006,
                    0.028039971469315028
                ]
            }
        ],
        "lm_test": {
            "acc": [
                0.4903546981953951,
                0.0
            ]
        },
        "tuned_em_val": [
            {
                "acc": [
                    1.0,
                    0.0
                ]
            }
        ],
        "tuned_em_test": {
            "acc": [
                0.7371499688861233,
                0.0068687714880132774
            ]
        }
    }
}