{"em_val": {"acc": [0.9061605476042315, 0.00558526587985484]}, "em_test": {"acc": [0.8986932171748601, 0.00833387382341419]}}