{
    "0.0625": {
        "em_test": {
            "acc": [
                0.44367816091954015,
                0.05916610144147853
            ]
        },
        "em_val": {
            "acc": [
                0.634,
                0.03261901286060017
            ]
        },
        "lm_val": [
            {
                "acc": [
                    0.558,
                    0.03370459909270542
                ]
            }
        ],
        "lm_test": {
            "acc": [
                0.2543103448275862,
                0.0
            ]
        },
        "tuned_em_val": [
            {
                "acc": [
                    1.0,
                    0.0
                ]
            }
        ],
        "tuned_em_test": {
            "acc": [
                0.5382183908045978,
                0.028193155371059847
            ]
        }
    },
    "0.125": {
        "em_test": {
            "acc": [
                0.4471264367816092,
                0.048777836312871706
            ]
        },
        "em_val": {
            "acc": [
                0.6100000000000001,
                0.025298221281347056
            ]
        },
        "lm_val": [
            {
                "acc": [
                    0.5269999999999999,
                    0.030430248109405877
                ]
            }
        ],
        "lm_test": {
            "acc": [
                0.2543103448275862,
                0.0
            ]
        },
        "tuned_em_val": [
            {
                "acc": [
                    1.0,
                    0.0
                ]
            }
        ],
        "tuned_em_test": {
            "acc": [
                0.6031609195402299,
                0.01739396086255352
            ]
        }
    },
    "0.25": {
        "em_test": {
            "acc": [
                0.4718390804597701,
                0.025823726366276976
            ]
        },
        "em_val": {
            "acc": [
                0.600498753117207,
                0.00825583309588373
            ]
        },
        "lm_val": [
            {
                "acc": [
                    0.5226932668329177,
                    0.029991613722439713
                ]
            }
        ],
        "lm_test": {
            "acc": [
                0.2543103448275862,
                0.0
            ]
        },
        "tuned_em_val": [
            {
                "acc": [
                    1.0,
                    0.0
                ]
            }
        ],
        "tuned_em_test": {
            "acc": [
                0.6689655172413793,
                0.01593726968260005
            ]
        }
    },
    "0.5": {
        "em_test": {
            "acc": [
                0.4767241379310344,
                0.019285013489152316
            ]
        },
        "em_val": {
            "acc": [
                0.6092154420921544,
                0.006608467826361969
            ]
        },
        "lm_val": [
            {
                "acc": [
                    0.5180572851805728,
                    0.01783910792475218
                ]
            }
        ],
        "lm_test": {
            "acc": [
                0.2543103448275862,
                0.0
            ]
        },
        "tuned_em_val": [
            {
                "acc": [
                    0.9992528019925281,
                    0.0006100846183768837
                ]
            }
        ],
        "tuned_em_test": {
            "acc": [
                0.7482758620689656,
                0.009845886033914848
            ]
        }
    },
    "1.0": {
        "em_test": {
            "acc": [
                0.44827586206896547,
                0.029417204349585578
            ]
        },
        "em_val": {
            "acc": [
                0.6080896079651523,
                0.004001975156394163
            ]
        },
        "lm_val": [
            {
                "acc": [
                    0.5233354075917859,
                    0.006597315883359599
                ]
            }
        ],
        "lm_test": {
            "acc": [
                0.2543103448275862,
                0.0
            ]
        },
        "tuned_em_val": [
            {
                "acc": [
                    0.9993777224642191,
                    0.0
                ]
            }
        ],
        "tuned_em_test": {
            "acc": [
                0.8020114942528735,
                0.00967670013820846
            ]
        }
    }
}