{
    "0.0625": {
        "em_test": {
            "acc": [
                0.5187305538270068,
                0.029173071727650594
            ]
        },
        "em_val": {
            "acc": [
                0.54,
                0.05099019513592784
            ]
        },
        "lm_val": [
            {
                "acc": [
                    0.48599999999999993,
                    0.050833060108555324
                ]
            }
        ],
        "lm_test": {
            "acc": [
                0.46160547604231483,
                0.0365640875845895
            ]
        },
        "tuned_em_val": [
            {
                "acc": [
                    1.0,
                    0.0
                ]
            }
        ],
        "tuned_em_test": {
            "acc": [
                0.6058494088363411,
                0.020975830273586484
            ]
        }
    },
    "0.125": {
        "em_test": {
            "acc": [
                0.5147479775980087,
                0.03555029680747024
            ]
        },
        "em_val": {
            "acc": [
                0.514,
                0.03277193921634789
            ]
        },
        "lm_val": [
            {
                "acc": [
                    0.43899999999999995,
                    0.031048349392520037
                ]
            }
        ],
        "lm_test": {
            "acc": [
                0.4227753578095831,
                0.010861194389183038
            ]
        },
        "tuned_em_val": [
            {
                "acc": [
                    1.0,
                    0.0
                ]
            }
        ],
        "tuned_em_test": {
            "acc": [
                0.6394523957685128,
                0.015235509525346093
            ]
        }
    },
    "0.25": {
        "em_test": {
            "acc": [
                0.501929060360921,
                0.01760770547238572
            ]
        },
        "em_val": {
            "acc": [
                0.4942643391521197,
                0.018352488272293386
            ]
        },
        "lm_val": [
            {
                "acc": [
                    0.41396508728179554,
                    0.027499349131352054
                ]
            }
        ],
        "lm_test": {
            "acc": [
                0.41032980709396394,
                0.0016510888813219176
            ]
        },
        "tuned_em_val": [
            {
                "acc": [
                    1.0,
                    0.0
                ]
            }
        ],
        "tuned_em_test": {
            "acc": [
                0.6957062850031114,
                0.010118470005813476
            ]
        }
    },
    "0.5": {
        "em_test": {
            "acc": [
                0.4964530180460486,
                0.016759494858859244
            ]
        },
        "em_val": {
            "acc": [
                0.4991282689912827,
                0.009365676551413802
            ]
        },
        "lm_val": [
            {
                "acc": [
                    0.41120797011207966,
                    0.020992585310790002
                ]
            }
        ],
        "lm_test": {
            "acc": [
                0.40497822028624764,
                0.004528538991576909
            ]
        },
        "tuned_em_val": [
            {
                "acc": [
                    0.9992528019925281,
                    0.0006100846183768837
                ]
            }
        ],
        "tuned_em_test": {
            "acc": [
                0.7617921593030491,
                0.007533414287702118
            ]
        }
    },
    "1.0": {
        "em_test": {
            "acc": [
                0.5061605476042315,
                0.007708207874151609
            ]
        },
        "em_val": {
            "acc": [
                0.500684505289359,
                0.01089678861971252
            ]
        },
        "lm_val": [
            {
                "acc": [
                    0.41132545115121344,
                    0.0
                ]
            }
        ],
        "lm_test": {
            "acc": [
                0.40634723086496577,
                0.0
            ]
        },
        "tuned_em_val": [
            {
                "acc": [
                    0.9993777224642191,
                    0.0
                ]
            }
        ],
        "tuned_em_test": {
            "acc": [
                0.8133167392657125,
                0.0060460275303004934
            ]
        }
    }
}