{
    "0.0625": {
        "em_test": {
            "acc": [
                0.5606720597386434,
                0.0
            ]
        },
        "em_val": {
            "acc": [
                0.69,
                0.0
            ]
        },
        "lm_val": [
            {
                "acc": [
                    0.5,
                    0.0
                ]
            }
        ],
        "lm_test": {
            "acc": [
                0.5121344119477287,
                0.0
            ]
        },
        "tuned_em_val": [
            {
                "acc": [
                    1.0,
                    0.0
                ]
            }
        ],
        "tuned_em_test": {
            "acc": [
                0.5973864343497199,
                0.0
            ]
        }
    },
    "0.125": {
        "em_test": {
            "acc": [
                0.5606720597386434,
                0.0
            ]
        },
        "em_val": {
            "acc": [
                0.635,
                0.0
            ]
        },
        "lm_val": [
            {
                "acc": [
                    0.48,
                    0.0
                ]
            }
        ],
        "lm_test": {
            "acc": [
                0.5121344119477287,
                0.0
            ]
        },
        "tuned_em_val": [
            {
                "acc": [
                    1.0,
                    0.0
                ]
            }
        ],
        "tuned_em_test": {
            "acc": [
                0.6565028002489111,
                0.0
            ]
        }
    },
    "0.25": {
        "em_test": {
            "acc": [
                0.5606720597386434,
                0.0
            ]
        },
        "em_val": {
            "acc": [
                0.6134663341645885,
                0.0
            ]
        },
        "lm_val": [
            {
                "acc": [
                    0.5062344139650873,
                    0.0
                ]
            }
        ],
        "lm_test": {
            "acc": [
                0.5121344119477287,
                0.0
            ]
        },
        "tuned_em_val": [
            {
                "acc": [
                    1.0,
                    0.0
                ]
            }
        ],
        "tuned_em_test": {
            "acc": [
                0.7118855009334163,
                0.0
            ]
        }
    },
    "0.5": {
        "em_test": {
            "acc": [
                0.6004978220286248,
                0.0
            ]
        },
        "em_val": {
            "acc": [
                0.6127023661270237,
                0.0
            ]
        },
        "lm_val": [
            {
                "acc": [
                    0.5031133250311333,
                    0.0
                ]
            }
        ],
        "lm_test": {
            "acc": [
                0.5121344119477287,
                0.0
            ]
        },
        "tuned_em_val": [
            {
                "acc": [
                    0.9987546699875467,
                    0.0
                ]
            }
        ],
        "tuned_em_test": {
            "acc": [
                0.7753578095830741,
                0.0
            ]
        }
    },
    "1.0": {
        "em_test": {
            "acc": [
                0.6017423771001866,
                0.0
            ]
        },
        "em_val": {
            "acc": [
                0.6036092097075295,
                0.0
            ]
        },
        "lm_val": [
            {
                "acc": [
                    0.5171126322339763,
                    0.0
                ]
            }
        ],
        "lm_test": {
            "acc": [
                0.5121344119477287,
                0.0
            ]
        },
        "tuned_em_val": [
            {
                "acc": [
                    0.9993777224642191,
                    0.0
                ]
            }
        ],
        "tuned_em_test": {
            "acc": [
                0.8214063472308649,
                0.0
            ]
        }
    }
}