{
    "0.0625": {
        "em_test": {
            "acc": [
                0.5535780958307405,
                0.004463079297334458
            ]
        },
        "em_val": {
            "acc": [
                0.5780000000000001,
                0.00979795897113268
            ]
        },
        "lm_val": [
            {
                "acc": [
                    0.466,
                    0.016248076809271914
                ]
            }
        ],
        "lm_test": {
            "acc": [
                0.44803982576229,
                5.551115123125783e-17
            ]
        },
        "tuned_em_val": [
            {
                "acc": [
                    1.0,
                    0.0
                ]
            }
        ],
        "tuned_em_test": {
            "acc": [
                0.6099564405724953,
                0.01985211637246088
            ]
        }
    },
    "0.125": {
        "em_test": {
            "acc": [
                0.5535780958307405,
                0.004463079297334458
            ]
        },
        "em_val": {
            "acc": [
                0.556,
                0.02332380757938117
            ]
        },
        "lm_val": [
            {
                "acc": [
                    0.45,
                    0.015811388300841896
                ]
            }
        ],
        "lm_test": {
            "acc": [
                0.44803982576229,
                5.551115123125783e-17
            ]
        },
        "tuned_em_val": [
            {
                "acc": [
                    1.0,
                    0.0
                ]
            }
        ],
        "tuned_em_test": {
            "acc": [
                0.6540136901057872,
                0.024429446284469566
            ]
        }
    },
    "0.25": {
        "em_test": {
            "acc": [
                0.5535780958307405,
                0.004463079297334458
            ]
        },
        "em_val": {
            "acc": [
                0.5401496259351621,
                0.014420780343941089
            ]
        },
        "lm_val": [
            {
                "acc": [
                    0.45386533665835416,
                    0.010812709919540558
                ]
            }
        ],
        "lm_test": {
            "acc": [
                0.44803982576229,
                5.551115123125783e-17
            ]
        },
        "tuned_em_val": [
            {
                "acc": [
                    1.0,
                    0.0
                ]
            }
        ],
        "tuned_em_test": {
            "acc": [
                0.7118855009334164,
                0.013553656144430102
            ]
        }
    },
    "0.5": {
        "em_test": {
            "acc": [
                0.5555693839452396,
                0.007186160564157819
            ]
        },
        "em_val": {
            "acc": [
                0.552428393524284,
                0.01093056451182654
            ]
        },
        "lm_val": [
            {
                "acc": [
                    0.4547945205479452,
                    0.00800893409255967
                ]
            }
        ],
        "lm_test": {
            "acc": [
                0.44803982576229,
                5.551115123125783e-17
            ]
        },
        "tuned_em_val": [
            {
                "acc": [
                    0.9992528019925281,
                    0.0006100846183768837
                ]
            }
        ],
        "tuned_em_test": {
            "acc": [
                0.7748599875544493,
                0.0026518078099144575
            ]
        }
    },
    "1.0": {
        "em_test": {
            "acc": [
                0.5546981953951462,
                0.004063429425591686
            ]
        },
        "em_val": {
            "acc": [
                0.5575606720597387,
                0.008113506415933579
            ]
        },
        "lm_val": [
            {
                "acc": [
                    0.4604853764779092,
                    5.551115123125783e-17
                ]
            }
        ],
        "lm_test": {
            "acc": [
                0.44803982576229,
                5.551115123125783e-17
            ]
        },
        "tuned_em_val": [
            {
                "acc": [
                    0.9993777224642191,
                    0.0
                ]
            }
        ],
        "tuned_em_test": {
            "acc": [
                0.8196639701306783,
                0.004968877355986868
            ]
        }
    }
}