{"0.0625": {"em_test": {"f1_binary": [0.5034026191103187, 0.0043050883955990495]}, "lm_test": {"f1_binary": [0.5042899667308702, 0.0]}, "em_val": {"f1_binary": [0.45342915281439866, 0.00840485947906121]}, "lm_val": {"f1_binary": [0.4307692307692308, 0.0]}}, "0.125": {"em_test": {"f1_binary": [0.5093868590398062, 0.0056478929220261645]}, "lm_test": {"f1_binary": [0.5042899667308702, 0.0]}, "em_val": {"f1_binary": [0.5060499967282648, 0.0038370977437969245]}, "lm_val": {"f1_binary": [0.48920863309352514, 0.0]}}, "0.25": {"em_test": {"f1_binary": [0.5050289162393888, 0.0023340068193689677]}, "lm_test": {"f1_binary": [0.5042899667308702, 0.0]}, "em_val": {"f1_binary": [0.5044190389405457, 0.004494559036284889]}, "lm_val": {"f1_binary": [0.4876325088339223, 0.0]}}, "0.5": {"em_test": {"f1_binary": [0.5032185751912107, 0.002602028273756112]}, "lm_test": {"f1_binary": [0.5042899667308702, 0.0]}, "em_val": {"f1_binary": [0.5410475907760788, 0.0030464945617350195]}, "lm_val": {"f1_binary": [0.5297113752122242, 0.0]}}, "1": {"em_test": {"f1_binary": [0.5067074238376883, 0.0017943255883356348]}, "lm_test": {"f1_binary": [0.5042899667308702, 0.0]}, "em_val": {"f1_binary": [0.5152110598727082, 0.0024882282438444645]}, "lm_val": {"f1_binary": [0.5004329004329005, 0.0]}}}