{"0.0625": {"em_test": {"acc": [0.5299315494710642, 0.001340426834383204]}, "lm_test": {"acc": [0.48599875544492843, 0.0]}, "em_val": {"acc": [0.644, 0.00489897948556636]}, "lm_val": {"acc": [0.54, 0.0]}}, "0.125": {"em_test": {"acc": [0.5432482887367767, 0.003915901113267522]}, "lm_test": {"acc": [0.5189794648413192, 0.0]}, "em_val": {"acc": [0.5900000000000001, 0.008366600265340762]}, "lm_val": {"acc": [0.55, 0.0]}}, "0.25": {"em_test": {"acc": [0.5168637212196641, 0.010387376037269637]}, "lm_test": {"acc": [0.49346608587429996, 0.0]}, "em_val": {"acc": [0.5845386533665835, 0.004051889478621434]}, "lm_val": {"acc": [0.5411471321695761, 0.0]}}, "0.5": {"em_test": {"acc": [0.5335407591785937, 0.013956784835222094]}, "lm_test": {"acc": [0.5015556938394524, 0.0]}, "em_val": {"acc": [0.564134495641345, 0.003938079277918255]}, "lm_val": {"acc": [0.5317559153175592, 0.0]}}, "1": {"em_test": {"acc": [0.5570628500311139, 0.0052860636170741085]}, "lm_test": {"acc": [0.5189794648413192, 0.0]}, "em_val": {"acc": [0.5935283136278781, 0.0021339674174837846]}, "lm_val": {"acc": [0.5332918481642813, 0.0]}}}