{"0.0625": {"em_test": {"acc": [0.41829495955196017, 0.04648942139746224]}, "lm_test": {"acc": [0.4903546981953951, 0.0]}, "em_val": {"acc": [0.4600000000000001, 0.05830951894845301]}, "lm_val": {"acc": [0.65, 0.0]}}, "0.125": {"em_test": {"acc": [0.5144990665836964, 0.021107595308180557]}, "lm_test": {"acc": [0.4903546981953951, 0.0]}, "em_val": {"acc": [0.595, 0.04847679857416328]}, "lm_val": {"acc": [0.45, 0.0]}}, "0.25": {"em_test": {"acc": [0.5761045426260113, 0.029664825798900927]}, "lm_test": {"acc": [0.4903546981953951, 0.0]}, "em_val": {"acc": [0.6518518518518518, 0.04775081384151534]}, "lm_val": {"acc": [0.5308641975308642, 0.0]}}, "0.5": {"em_test": {"acc": [0.7055382700684504, 0.020440277873743112]}, "lm_test": {"acc": [0.4903546981953951, 0.0]}, "em_val": {"acc": [0.7229813664596274, 0.00842525463742271]}, "lm_val": {"acc": [0.5279503105590062, 0.0]}}, "1": {"em_test": {"acc": [0.7721219663970131, 0.01647990181910153]}, "lm_test": {"acc": [0.4903546981953951, 0.0]}, "em_val": {"acc": [0.8043478260869567, 0.019344610561984377]}, "lm_val": {"acc": [0.5403726708074534, 0.0]}}}