{"0.0625": {"em_test": {"f1_binary": [0.21913297744207222, 0.0315681083828091]}, "lm_test": {"f1_binary": [0.34304207119741104, 0.0]}, "em_val": {"f1_binary": [0.3826384142173616, 0.0439270564086933]}, "lm_val": {"f1_binary": [0.18181818181818182, 0.0]}}, "0.125": {"em_test": {"f1_binary": [0.24831416335952922, 0.03470696991377834]}, "lm_test": {"f1_binary": [0.34304207119741104, 0.0]}, "em_val": {"f1_binary": [0.2806543385490754, 0.057284169328679704]}, "lm_val": {"f1_binary": [0.125, 0.0]}}, "0.25": {"em_test": {"f1_binary": [0.25508621530405956, 0.04640673775580923]}, "lm_test": {"f1_binary": [0.34304207119741104, 0.0]}, "em_val": {"f1_binary": [0.3339355955212732, 0.019985283158299418]}, "lm_val": {"f1_binary": [0.24242424242424243, 0.0]}}, "0.5": {"em_test": {"f1_binary": [0.29666125833093576, 0.041476515165983406]}, "lm_test": {"f1_binary": [0.34304207119741104, 0.0]}, "em_val": {"f1_binary": [0.2664639683614661, 0.02219198151647312]}, "lm_val": {"f1_binary": [0.19047619047619047, 0.0]}}, "1": {"em_test": {"f1_binary": [0.2598563913493591, 0.022112072274330794]}, "lm_test": {"f1_binary": [0.34304207119741104, 0.0]}, "em_val": {"f1_binary": [0.2633644310483392, 0.010093901692550018]}, "lm_val": {"f1_binary": [0.2598425196850394, 0.0]}}}