{"0.0625": {"em_test": {"f1_binary": [0.19993696409605732, 0.007890059460894557]}, "lm_test": {"f1_binary": [0.4682274247491639, 0.0]}, "em_val": {"f1_binary": [0.270433176707109, 0.015957093273352898]}, "lm_val": {"f1_binary": [0.5, 0.0]}}, "0.125": {"em_test": {"f1_binary": [0.20452611303719737, 0.011172360033351583]}, "lm_test": {"f1_binary": [0.4662162162162162, 0.0]}, "em_val": {"f1_binary": [0.1987506832397729, 0.011581967980658435]}, "lm_val": {"f1_binary": [0.42857142857142855, 0.0]}}, "0.25": {"em_test": {"f1_binary": [0.20555307500864467, 0.007275356668653047]}, "lm_test": {"f1_binary": [0.4662162162162162, 0.0]}, "em_val": {"f1_binary": [0.17903115618785065, 0.005536484439410888]}, "lm_val": {"f1_binary": [0.43410852713178294, 0.0]}}, "0.5": {"em_test": {"f1_binary": [0.20448362677990586, 0.006412421866675964]}, "lm_test": {"f1_binary": [0.4662162162162162, 0.0]}, "em_val": {"f1_binary": [0.19161910177347524, 0.005739595887764442]}, "lm_val": {"f1_binary": [0.42635658914728675, 0.0]}}, "1": {"em_test": {"f1_binary": [0.22290818445698285, 0.0213091053505029]}, "lm_test": {"f1_binary": [0.4662162162162162, 0.0]}, "em_val": {"f1_binary": [0.18793983287923405, 0.01886353341181763]}, "lm_val": {"f1_binary": [0.42205323193916355, 0.0]}}}