{"0.0625": {"em_test": {"f1_binary": [0.4989010032616473, 0.008971090208651803]}, "lm_test": {"f1_binary": [0.5042899667308702, 0.0]}, "em_val": {"f1_binary": [0.4588483949873722, 0.013037799677059463]}, "lm_val": {"f1_binary": [0.4307692307692308, 0.0]}}, "0.125": {"em_test": {"f1_binary": [0.5054421353530782, 0.002441220775371198]}, "lm_test": {"f1_binary": [0.5042899667308702, 0.0]}, "em_val": {"f1_binary": [0.49859305925370734, 0.004380458056118541]}, "lm_val": {"f1_binary": [0.48920863309352514, 0.0]}}, "0.25": {"em_test": {"f1_binary": [0.5091705684290956, 0.0026859558471943957]}, "lm_test": {"f1_binary": [0.5042899667308702, 0.0]}, "em_val": {"f1_binary": [0.506031049220143, 0.006945684348707549]}, "lm_val": {"f1_binary": [0.4876325088339223, 0.0]}}, "0.5": {"em_test": {"f1_binary": [0.5028948969220203, 0.00440993654739104]}, "lm_test": {"f1_binary": [0.5042899667308702, 0.0]}, "em_val": {"f1_binary": [0.546254976655724, 0.003140697573234356]}, "lm_val": {"f1_binary": [0.5297113752122242, 0.0]}}, "1": {"em_test": {"f1_binary": [0.5117430145054237, 0.004512005438999208]}, "lm_test": {"f1_binary": [0.5042899667308702, 0.0]}, "em_val": {"f1_binary": [0.5159587788407674, 0.0031857556947117974]}, "lm_val": {"f1_binary": [0.5004329004329005, 0.0]}}}