{"0.0625": {"em_test": {"acc": [0.9544, 0.006499230723708773]}, "lm_test": {"acc": [0.84, 0.0]}, "em_val": {"acc": [1.0, 0.0]}, "lm_val": {"acc": [0.8571428571428571, 0.0]}}, "0.125": {"em_test": {"acc": [0.9384, 0.020489997559785086]}, "lm_test": {"acc": [0.84, 0.0]}, "em_val": {"acc": [0.9866666666666667, 0.02666666666666666]}, "lm_val": {"acc": [0.9333333333333333, 0.0]}}, "0.25": {"em_test": {"acc": [0.9408000000000001, 0.016277591959500605]}, "lm_test": {"acc": [0.84, 0.0]}, "em_val": {"acc": [1.0, 0.0]}, "lm_val": {"acc": [0.9666666666666667, 0.0]}}, "0.5": {"em_test": {"acc": [0.9384, 0.02766658634526491]}, "lm_test": {"acc": [0.84, 0.0]}, "em_val": {"acc": [0.9566666666666667, 0.013333333333333336]}, "lm_val": {"acc": [0.85, 0.0]}}, "1": {"em_test": {"acc": [0.952, 0.0195959179422654]}, "lm_test": {"acc": [0.84, 0.0]}, "em_val": {"acc": [0.9333333333333333, 0.00527046276694728]}, "lm_val": {"acc": [0.825, 0.0]}}}