{"0.0625": {"em_test": {"acc": [0.8127894736842105, 0.012588303061223908]}, "lm_test": {"acc": [0.7021052631578948, 0.0]}, "em_val": {"acc": [0.7881856540084388, 0.008181738155976913]}, "lm_val": {"acc": [0.6497890295358649, 0.0]}}, "0.125": {"em_test": {"acc": [0.821421052631579, 0.00616621120825584]}, "lm_test": {"acc": [0.7021052631578948, 0.0]}, "em_val": {"acc": [0.8092631578947369, 0.007832031679047675]}, "lm_val": {"acc": [0.68, 0.0]}}, "0.25": {"em_test": {"acc": [0.8248947368421051, 0.007707606776170312]}, "lm_test": {"acc": [0.7021052631578948, 0.0]}, "em_val": {"acc": [0.8138947368421052, 0.002777032833320622]}, "lm_val": {"acc": [0.6810526315789474, 0.0]}}, "0.5": {"em_test": {"acc": [0.8321052631578947, 0.004154228896983388]}, "lm_test": {"acc": [0.7021052631578948, 0.0]}, "em_val": {"acc": [0.8104210526315789, 0.003351933332229633]}, "lm_val": {"acc": [0.6742105263157895, 0.0]}}, "1": {"em_test": {"acc": [0.8294210526315791, 0.008927842471232095]}, "lm_test": {"acc": [0.7021052631578948, 0.0]}, "em_val": {"acc": [0.8059473684210527, 0.00809671456231481]}, "lm_val": {"acc": [0.6813157894736842, 0.0]}}}