{"0.0625": {"em_test": {"acc": [0.4808, 0.07904024291460646]}, "lm_test": {"acc": [0.608, 0.0]}, "em_val": {"acc": [0.4903225806451613, 0.024139725075960905]}, "lm_val": {"acc": [0.4838709677419355, 0.0]}}, "0.125": {"em_test": {"acc": [0.5312, 0.05022509332992821]}, "lm_test": {"acc": [0.608, 0.0]}, "em_val": {"acc": [0.5935483870967742, 0.02774943634529877]}, "lm_val": {"acc": [0.5483870967741935, 0.0]}}, "0.25": {"em_test": {"acc": [0.47359999999999997, 0.08550461975823294]}, "lm_test": {"acc": [0.608, 0.0]}, "em_val": {"acc": [0.5504, 0.011757550765359266]}, "lm_val": {"acc": [0.456, 0.0]}}, "0.5": {"em_test": {"acc": [0.522, 0.07484383742166083]}, "lm_test": {"acc": [0.608, 0.0]}, "em_val": {"acc": [0.5352, 0.06998971352991808]}, "lm_val": {"acc": [0.48, 0.0]}}, "1": {"em_test": {"acc": [0.5528000000000001, 0.02487086649073567]}, "lm_test": {"acc": [0.608, 0.0]}, "em_val": {"acc": [0.5631999999999999, 0.01389100428334824]}, "lm_val": {"acc": [0.518, 0.0]}}}