{"0.0625": {"em_test": {"acc": [0.47479775980087113, 0.004220491588752501]}, "lm_test": {"acc": [0.43497199751088983, 0.0]}, "em_val": {"acc": [0.522, 0.011661903789690611]}, "lm_val": {"acc": [0.45, 0.0]}}, "0.125": {"em_test": {"acc": [0.4571250777846919, 0.014628684759094073]}, "lm_test": {"acc": [0.43497199751088983, 0.0]}, "em_val": {"acc": [0.52, 0.010488088481701525]}, "lm_val": {"acc": [0.455, 0.0]}}, "0.25": {"em_test": {"acc": [0.47230864965774727, 0.008036781227610673]}, "lm_test": {"acc": [0.43497199751088983, 0.0]}, "em_val": {"acc": [0.5107231920199501, 0.0036650719343389393]}, "lm_val": {"acc": [0.428927680798005, 0.0]}}, "0.5": {"em_test": {"acc": [0.4774113254511512, 0.002981742016356182]}, "lm_test": {"acc": [0.43497199751088983, 0.0]}, "em_val": {"acc": [0.48293897882938974, 0.005188709005230306]}, "lm_val": {"acc": [0.42092154420921546, 0.0]}}, "1": {"em_test": {"acc": [0.4774113254511512, 0.008599146071001717]}, "lm_test": {"acc": [0.43497199751088983, 0.0]}, "em_val": {"acc": [0.48861232109520847, 0.0030586697516974525]}, "lm_val": {"acc": [0.4268823895457374, 0.0]}}}