{"0.0625": {"em_test": {"acc": [0.9304, 0.020799999999999968]}, "lm_test": {"acc": [0.848, 0.0]}, "em_val": {"acc": [1.0, 0.0]}, "lm_val": {"acc": [1.0, 0.0]}}, "0.125": {"em_test": {"acc": [0.9343999999999999, 0.020015993605114853]}, "lm_test": {"acc": [0.84, 0.0]}, "em_val": {"acc": [1.0, 0.0]}, "lm_val": {"acc": [1.0, 0.0]}}, "0.25": {"em_test": {"acc": [0.9279999999999999, 0.016589153082662154]}, "lm_test": {"acc": [0.848, 0.0]}, "em_val": {"acc": [1.0, 0.0]}, "lm_val": {"acc": [1.0, 0.0]}}, "0.5": {"em_test": {"acc": [0.9311999999999999, 0.009599999999999968]}, "lm_test": {"acc": [0.84, 0.0]}, "em_val": {"acc": [0.9733333333333333, 0.008164965809277232]}, "lm_val": {"acc": [0.9333333333333333, 0.0]}}, "1": {"em_test": {"acc": [0.9368000000000001, 0.01882976367350368]}, "lm_test": {"acc": [0.84, 0.0]}, "em_val": {"acc": [0.9283333333333333, 0.006666666666666682]}, "lm_val": {"acc": [0.8416666666666667, 0.0]}}}