{"0.0625": {"em_test": {"acc": [0.5304, 0.011959933110180853]}, "lm_test": {"acc": [0.608, 0.0]}, "em_val": {"acc": [0.6285714285714286, 0.06998542122237654]}, "lm_val": {"acc": [0.5714285714285714, 0.0]}}, "0.125": {"em_test": {"acc": [0.6287999999999999, 0.031864714026647124]}, "lm_test": {"acc": [0.608, 0.0]}, "em_val": {"acc": [0.8461538461538461, 0.06880209161537815]}, "lm_val": {"acc": [0.6153846153846154, 0.0]}}, "0.25": {"em_test": {"acc": [0.7156, 0.027724357521861556]}, "lm_test": {"acc": [0.608, 0.0]}, "em_val": {"acc": [0.752, 0.039191835884530846]}, "lm_val": {"acc": [0.48, 0.0]}}, "0.5": {"em_test": {"acc": [0.8948, 0.026581196361337864]}, "lm_test": {"acc": [0.608, 0.0]}, "em_val": {"acc": [0.868, 0.016000000000000014]}, "lm_val": {"acc": [0.44, 0.0]}}, "1": {"em_test": {"acc": [0.942, 0.009121403400793074]}, "lm_test": {"acc": [0.608, 0.0]}, "em_val": {"acc": [0.9179999999999999, 0.007483314773547889]}, "lm_val": {"acc": [0.53, 0.0]}}}