{"0.0625": {"em_test": {"acc": [0.3264, 0.08812173398203192]}, "lm_test": {"acc": [0.314, 0.0]}, "em_val": {"acc": [0.3096774193548387, 0.032896900087695385]}, "lm_val": {"acc": [0.22580645161290322, 0.0]}}, "0.125": {"em_test": {"acc": [0.3388, 0.04388348208608791]}, "lm_test": {"acc": [0.314, 0.0]}, "em_val": {"acc": [0.4193548387096775, 0.04892177705839709]}, "lm_val": {"acc": [0.3064516129032258, 0.0]}}, "0.25": {"em_test": {"acc": [0.30920000000000003, 0.057419160565093594]}, "lm_test": {"acc": [0.314, 0.0]}, "em_val": {"acc": [0.36319999999999997, 0.028888752136428462]}, "lm_val": {"acc": [0.264, 0.0]}}, "0.5": {"em_test": {"acc": [0.31799999999999995, 0.06082104898799428]}, "lm_test": {"acc": [0.314, 0.0]}, "em_val": {"acc": [0.328, 0.012649110640673528]}, "lm_val": {"acc": [0.24, 0.0]}}, "1": {"em_test": {"acc": [0.31920000000000004, 0.036586336247293204]}, "lm_test": {"acc": [0.314, 0.0]}, "em_val": {"acc": [0.32480000000000003, 0.022754340245324637]}, "lm_val": {"acc": [0.24, 0.0]}}}