{"0.0625": {"em_test": {"f1_binary": [0.40696097455111985, 0.14480047285536043]}, "lm_test": {"f1_binary": [0.20280112044817925, 0.0]}, "em_val": {"f1_binary": [0.34692727943890733, 0.07263885385848301]}, "lm_val": {"f1_binary": [0.2222222222222222, 0.0]}}, "0.125": {"em_test": {"f1_binary": [0.3975454235195627, 0.11267486076089173]}, "lm_test": {"f1_binary": [0.20280112044817925, 0.0]}, "em_val": {"f1_binary": [0.35447873059715446, 0.12129533152343418]}, "lm_val": {"f1_binary": [0.19512195121951217, 0.0]}}, "0.25": {"em_test": {"f1_binary": [0.48753492966823975, 0.0960330406092966]}, "lm_test": {"f1_binary": [0.20280112044817925, 0.0]}, "em_val": {"f1_binary": [0.4437792232231801, 0.07577708491835326]}, "lm_val": {"f1_binary": [0.2272727272727273, 0.0]}}, "0.5": {"em_test": {"f1_binary": [0.4041132150075805, 0.07539996443822188]}, "lm_test": {"f1_binary": [0.20280112044817925, 0.0]}, "em_val": {"f1_binary": [0.39015875922490484, 0.0876016851347491]}, "lm_val": {"f1_binary": [0.21649484536082472, 0.0]}}, "1": {"em_test": {"f1_binary": [0.4647471592472926, 0.11422544954901115]}, "lm_test": {"f1_binary": [0.20280112044817925, 0.0]}, "em_val": {"f1_binary": [0.4671167228537872, 0.11122089008155711]}, "lm_val": {"f1_binary": [0.21666666666666665, 0.0]}}}