{"0.0625": {"em_test": {"acc": [0.612, 0.04859629615515979]}, "lm_test": {"acc": [0.832, 0.0]}, "em_val": {"acc": [0.9142857142857143, 0.06998542122237654]}, "lm_val": {"acc": [1.0, 0.0]}}, "0.125": {"em_test": {"acc": [0.7792, 0.04144586831036358]}, "lm_test": {"acc": [0.832, 0.0]}, "em_val": {"acc": [0.8800000000000001, 0.02666666666666666]}, "lm_val": {"acc": [1.0, 0.0]}}, "0.25": {"em_test": {"acc": [0.8423999999999999, 0.017995555006723205]}, "lm_test": {"acc": [0.832, 0.0]}, "em_val": {"acc": [0.9533333333333334, 0.01632993161855452]}, "lm_val": {"acc": [1.0, 0.0]}}, "0.5": {"em_test": {"acc": [0.8615999999999999, 0.012800000000000013]}, "lm_test": {"acc": [0.832, 0.0]}, "em_val": {"acc": [0.9, 0.010540925533894595]}, "lm_val": {"acc": [0.9166666666666666, 0.0]}}, "1": {"em_test": {"acc": [0.8704000000000001, 0.007838367176906176]}, "lm_test": {"acc": [0.832, 0.0]}, "em_val": {"acc": [0.86, 0.012247448713915898]}, "lm_val": {"acc": [0.8333333333333334, 0.0]}}}