{"0.0625": {"em_test": {"acc": [0.44940883634100803, 0.018586837289453116]}, "lm_test": {"acc": [0.3758556316116988, 0.0]}, "em_val": {"acc": [0.512, 0.011661903789690611]}, "lm_val": {"acc": [0.44, 0.0]}}, "0.125": {"em_test": {"acc": [0.4566272557560672, 0.004968877355986841]}, "lm_test": {"acc": [0.3758556316116988, 0.0]}, "em_val": {"acc": [0.485, 0.004472135954999583]}, "lm_val": {"acc": [0.425, 0.0]}}, "0.25": {"em_test": {"acc": [0.4719352831362788, 0.010320055975919284]}, "lm_test": {"acc": [0.3758556316116988, 0.0]}, "em_val": {"acc": [0.47132169576059846, 0.007053434226299738]}, "lm_val": {"acc": [0.38902743142144636, 0.0]}}, "0.5": {"em_test": {"acc": [0.46571250777846923, 0.014823272644315355]}, "lm_test": {"acc": [0.3758556316116988, 0.0]}, "em_val": {"acc": [0.47198007471980075, 0.014242568822411749]}, "lm_val": {"acc": [0.38107098381070986, 0.0]}}, "1": {"em_test": {"acc": [0.4674548848786559, 0.018847511760955424]}, "lm_test": {"acc": [0.3758556316116988, 0.0]}, "em_val": {"acc": [0.46944617299315494, 0.017647246742645645]}, "lm_val": {"acc": [0.37087741132545116, 0.0]}}}