{"0.0625": {"em_test": {"acc": [0.28800000000000003, 0.015999999999999986]}, "lm_test": {"acc": [0.314, 0.0]}, "em_val": {"acc": [0.23870967741935484, 0.07523808896574581]}, "lm_val": {"acc": [0.22580645161290322, 0.0]}}, "0.125": {"em_test": {"acc": [0.2852, 0.034631777315061375]}, "lm_test": {"acc": [0.314, 0.0]}, "em_val": {"acc": [0.3258064516129032, 0.0672021505032247]}, "lm_val": {"acc": [0.3064516129032258, 0.0]}}, "0.25": {"em_test": {"acc": [0.2652, 0.0326827171453048]}, "lm_test": {"acc": [0.314, 0.0]}, "em_val": {"acc": [0.28800000000000003, 0.026773120849090414]}, "lm_val": {"acc": [0.264, 0.0]}}, "0.5": {"em_test": {"acc": [0.336, 0.0411047442517284]}, "lm_test": {"acc": [0.314, 0.0]}, "em_val": {"acc": [0.30720000000000003, 0.035272652296077754]}, "lm_val": {"acc": [0.24, 0.0]}}, "1": {"em_test": {"acc": [0.3052, 0.03643295211755423]}, "lm_test": {"acc": [0.314, 0.0]}, "em_val": {"acc": [0.3, 0.05900508452667448]}, "lm_val": {"acc": [0.24, 0.0]}}}