{"0.0625": {"em_test": {"acc": [0.4665836963285625, 0.01121067133778574]}, "lm_test": {"acc": [0.43497199751088983, 0.0]}, "em_val": {"acc": [0.506, 0.00489897948556636]}, "lm_val": {"acc": [0.45, 0.0]}}, "0.125": {"em_test": {"acc": [0.48151835718730557, 0.01285812721174056]}, "lm_test": {"acc": [0.43497199751088983, 0.0]}, "em_val": {"acc": [0.529, 0.0058309518948453055]}, "lm_val": {"acc": [0.455, 0.0]}}, "0.25": {"em_test": {"acc": [0.4930927193528313, 0.019829476856855374]}, "lm_test": {"acc": [0.43497199751088983, 0.0]}, "em_val": {"acc": [0.5197007481296758, 0.017030794093729554]}, "lm_val": {"acc": [0.428927680798005, 0.0]}}, "0.5": {"em_test": {"acc": [0.492221530802738, 0.00951901589345261]}, "lm_test": {"acc": [0.43497199751088983, 0.0]}, "em_val": {"acc": [0.4911581569115816, 0.012216934962322009]}, "lm_val": {"acc": [0.42092154420921546, 0.0]}}, "1": {"em_test": {"acc": [0.49396390790292466, 0.010044723720712433]}, "lm_test": {"acc": [0.43497199751088983, 0.0]}, "em_val": {"acc": [0.4843808338518979, 0.0051404795091632574]}, "lm_val": {"acc": [0.4268823895457374, 0.0]}}}