{"0.0625": {"em_test": {"acc": [0.8258947368421052, 0.014180865731985048]}, "lm_test": {"acc": [0.6868421052631579, 0.0]}, "em_val": {"acc": [0.7797468354430379, 0.012630067128350879]}, "lm_val": {"acc": [0.6160337552742616, 0.0]}}, "0.125": {"em_test": {"acc": [0.8343684210526316, 0.009374628339816737]}, "lm_test": {"acc": [0.6868421052631579, 0.0]}, "em_val": {"acc": [0.8261052631578949, 0.005585894383756465]}, "lm_val": {"acc": [0.6526315789473685, 0.0]}}, "0.25": {"em_test": {"acc": [0.8399473684210527, 0.010275161671157355]}, "lm_test": {"acc": [0.6868421052631579, 0.0]}, "em_val": {"acc": [0.827157894736842, 0.007689255733789345]}, "lm_val": {"acc": [0.6589473684210526, 0.0]}}, "0.5": {"em_test": {"acc": [0.8318947368421054, 0.0016425775299291796]}, "lm_test": {"acc": [0.6868421052631579, 0.0]}, "em_val": {"acc": [0.8163157894736843, 0.0013724636642531917]}, "lm_val": {"acc": [0.6536842105263158, 0.0]}}, "1": {"em_test": {"acc": [0.7671052631578947, 0.12583626084295532]}, "lm_test": {"acc": [0.6868421052631579, 0.0]}, "em_val": {"acc": [0.741, 0.12034903072595102]}, "lm_val": {"acc": [0.6663157894736842, 0.0]}}}