{"0.0625": {"em_test": {"f1_binary": [0.5240281267547923, 0.029715850188677607]}, "lm_test": {"f1_binary": [0.6030513176144244, 0.0]}, "em_val": {"f1_binary": [0.5039343009931245, 0.028737724990516075]}, "lm_val": {"f1_binary": [0.5238095238095238, 0.0]}}, "0.125": {"em_test": {"f1_binary": [0.5582828730585214, 0.04629729007341464]}, "lm_test": {"f1_binary": [0.6030513176144244, 0.0]}, "em_val": {"f1_binary": [0.5589259824892009, 0.05452918555386015]}, "lm_val": {"f1_binary": [0.6136363636363636, 0.0]}}, "0.25": {"em_test": {"f1_binary": [0.6007645535950783, 0.007482168775787843]}, "lm_test": {"f1_binary": [0.6030513176144244, 0.0]}, "em_val": {"f1_binary": [0.6193432610909366, 0.01441600554804525]}, "lm_val": {"f1_binary": [0.5842696629213483, 0.0]}}, "0.5": {"em_test": {"f1_binary": [0.5703486155456277, 0.03932557627498608]}, "lm_test": {"f1_binary": [0.6030513176144244, 0.0]}, "em_val": {"f1_binary": [0.5862899327888658, 0.023796071535137117]}, "lm_val": {"f1_binary": [0.5646437994722955, 0.0]}}, "1": {"em_test": {"f1_binary": [0.5910880089905791, 0.012064671178571499]}, "lm_test": {"f1_binary": [0.6030513176144244, 0.0]}, "em_val": {"f1_binary": [0.6000084416705955, 0.011902391962954171]}, "lm_val": {"f1_binary": [0.5718349928876245, 0.0]}}}