{"0.0625": {"em_test": {"acc": [0.2944, 0.07437634032405736]}, "lm_test": {"acc": [0.608, 0.0]}, "em_val": {"acc": [0.2857142857142857, 0.18070158058105024]}, "lm_val": {"acc": [0.5714285714285714, 0.0]}}, "0.125": {"em_test": {"acc": [0.3032, 0.058166657115567504]}, "lm_test": {"acc": [0.608, 0.0]}, "em_val": {"acc": [0.6, 0.057563959796522186]}, "lm_val": {"acc": [0.6153846153846154, 0.0]}}, "0.25": {"em_test": {"acc": [0.42679999999999996, 0.004489988864128733]}, "lm_test": {"acc": [0.608, 0.0]}, "em_val": {"acc": [0.656, 0.03200000000000003]}, "lm_val": {"acc": [0.48, 0.0]}}, "0.5": {"em_test": {"acc": [0.5416000000000001, 0.044369358796358546]}, "lm_test": {"acc": [0.608, 0.0]}, "em_val": {"acc": [0.66, 0.033466401061363026]}, "lm_val": {"acc": [0.44, 0.0]}}, "1": {"em_test": {"acc": [0.6548, 0.04044947465666276]}, "lm_test": {"acc": [0.608, 0.0]}, "em_val": {"acc": [0.7440000000000001, 0.004898979485566361]}, "lm_val": {"acc": [0.53, 0.0]}}}