{"0.0625": {"em_test": {"f1_binary": [0.1920366701013458, 0.024882449313439133]}, "lm_test": {"f1_binary": [0.20807833537331702, 0.0]}, "em_val": {"f1_binary": [0.24867954331167338, 0.04115090842829436]}, "lm_val": {"f1_binary": [0.20952380952380953, 0.0]}}, "0.125": {"em_test": {"f1_binary": [0.20100556658815574, 0.011541152985513545]}, "lm_test": {"f1_binary": [0.20807833537331702, 0.0]}, "em_val": {"f1_binary": [0.18800407808620823, 0.008294253789053074]}, "lm_val": {"f1_binary": [0.1642512077294686, 0.0]}}, "0.25": {"em_test": {"f1_binary": [0.1855655899342711, 0.018982181506392807]}, "lm_test": {"f1_binary": [0.20807833537331702, 0.0]}, "em_val": {"f1_binary": [0.1721125559330491, 0.02327423265061922]}, "lm_val": {"f1_binary": [0.1692307692307692, 0.0]}}, "0.5": {"em_test": {"f1_binary": [0.2035276284972678, 0.004201926776946162]}, "lm_test": {"f1_binary": [0.20807833537331702, 0.0]}, "em_val": {"f1_binary": [0.18536293598777673, 0.008185714502468465]}, "lm_val": {"f1_binary": [0.16974169741697417, 0.0]}}, "1": {"em_test": {"f1_binary": [0.20323628541877542, 0.006557075584610803]}, "lm_test": {"f1_binary": [0.20807833537331702, 0.0]}, "em_val": {"f1_binary": [0.18071246723467954, 0.007851153461576199]}, "lm_val": {"f1_binary": [0.17556783302639659, 0.0]}}}