{"0.0625": {"em_test": {"acc": [0.71624, 0.004987023160162758]}, "lm_test": {"acc": [0.7116, 0.0]}, "em_val": {"acc": [0.7410256410256411, 0.01256148586042654]}, "lm_val": {"acc": [0.7115384615384616, 0.0]}}, "0.125": {"em_test": {"acc": [0.6516, 0.10398769157934028]}, "lm_test": {"acc": [0.7116, 0.0]}, "em_val": {"acc": [0.6474358974358974, 0.10517509898458298]}, "lm_val": {"acc": [0.7147435897435898, 0.0]}}, "0.25": {"em_test": {"acc": [0.74224, 0.002967557918558629]}, "lm_test": {"acc": [0.7116, 0.0]}, "em_val": {"acc": [0.73568, 0.001197330363767648]}, "lm_val": {"acc": [0.72, 0.0]}}, "0.5": {"em_test": {"acc": [0.7470399999999999, 0.005688444427081971]}, "lm_test": {"acc": [0.7116, 0.0]}, "em_val": {"acc": [0.7432000000000001, 0.0012393546707863657]}, "lm_val": {"acc": [0.7056, 0.0]}}, "1": {"em_test": {"acc": [0.75408, 0.006506120195631194]}, "lm_test": {"acc": [0.7116, 0.0]}, "em_val": {"acc": [0.75056, 0.0032059943855222203]}, "lm_val": {"acc": [0.72, 0.0]}}}