{"0.0625": {"em_test": {"f1_binary": [0.5421047167525919, 0.02145448965617292]}, "lm_test": {"f1_binary": [0.6030513176144244, 0.0]}, "em_val": {"f1_binary": [0.505046669830723, 0.011652300586238715]}, "lm_val": {"f1_binary": [0.5238095238095238, 0.0]}}, "0.125": {"em_test": {"f1_binary": [0.5472171483861781, 0.011429175463961376]}, "lm_test": {"f1_binary": [0.6030513176144244, 0.0]}, "em_val": {"f1_binary": [0.5530807751236889, 0.020774231259631938]}, "lm_val": {"f1_binary": [0.6136363636363636, 0.0]}}, "0.25": {"em_test": {"f1_binary": [0.5522981094993864, 0.006879961362700359]}, "lm_test": {"f1_binary": [0.6030513176144244, 0.0]}, "em_val": {"f1_binary": [0.5570133933848254, 0.010446654206864461]}, "lm_val": {"f1_binary": [0.5842696629213483, 0.0]}}, "0.5": {"em_test": {"f1_binary": [0.5424921750225395, 0.00998683831835198]}, "lm_test": {"f1_binary": [0.6030513176144244, 0.0]}, "em_val": {"f1_binary": [0.5699676766986389, 0.008075542633292885]}, "lm_val": {"f1_binary": [0.5646437994722955, 0.0]}}, "1": {"em_test": {"f1_binary": [0.5660346567093518, 0.012812213426649137]}, "lm_test": {"f1_binary": [0.6030513176144244, 0.0]}, "em_val": {"f1_binary": [0.5708229863938927, 0.004591249912848487]}, "lm_val": {"f1_binary": [0.5718349928876245, 0.0]}}}