{"0.0625": {"em_test": {"f1_binary": [0.5364396660647175, 0.03825143279419223]}, "lm_test": {"f1_binary": [0.6959144502330683, 0.0]}, "em_val": {"f1_binary": [0.5225982700772617, 0.02327417593620254]}, "lm_val": {"f1_binary": [0.5333333333333333, 0.0]}}, "0.125": {"em_test": {"f1_binary": [0.5824377948997597, 0.027571129036468776]}, "lm_test": {"f1_binary": [0.6956998082717064, 0.0]}, "em_val": {"f1_binary": [0.5900037081022033, 0.012864615633956916]}, "lm_val": {"f1_binary": [0.6153846153846154, 0.0]}}, "0.25": {"em_test": {"f1_binary": [0.6044077822110872, 0.005476932454753095]}, "lm_test": {"f1_binary": [0.6956998082717064, 0.0]}, "em_val": {"f1_binary": [0.6088109399297819, 0.01864411321272127]}, "lm_val": {"f1_binary": [0.6195652173913042, 0.0]}}, "0.5": {"em_test": {"f1_binary": [0.6005949966593314, 0.006287686466684934]}, "lm_test": {"f1_binary": [0.6947483588621445, 0.0]}, "em_val": {"f1_binary": [0.6042702234652871, 0.008252284147508712]}, "lm_val": {"f1_binary": [0.6089238845144357, 0.0]}}, "1": {"em_test": {"f1_binary": [0.6019515400327375, 0.003100030711061575]}, "lm_test": {"f1_binary": [0.6961295635465276, 0.0]}, "em_val": {"f1_binary": [0.6055843709028255, 0.01157777272759282]}, "lm_val": {"f1_binary": [0.6421499292786421, 0.0]}}}