{"0.0625": {"em_test": {"acc": [0.6407999999999999, 0.12054277249175913]}, "lm_test": {"acc": [0.84, 0.0]}, "em_val": {"acc": [0.8, 0.2449489742783178]}, "lm_val": {"acc": [1.0, 0.0]}}, "0.125": {"em_test": {"acc": [0.8119999999999999, 0.06369929355966204]}, "lm_test": {"acc": [0.84, 0.0]}, "em_val": {"acc": [0.9333333333333332, 0.13333333333333336]}, "lm_val": {"acc": [1.0, 0.0]}}, "0.25": {"em_test": {"acc": [0.8911999999999999, 0.04855677089757923]}, "lm_test": {"acc": [0.84, 0.0]}, "em_val": {"acc": [1.0, 0.0]}, "lm_val": {"acc": [1.0, 0.0]}}, "0.5": {"em_test": {"acc": [0.9423999999999999, 0.010910545357588645]}, "lm_test": {"acc": [0.84, 0.0]}, "em_val": {"acc": [1.0, 0.0]}, "lm_val": {"acc": [0.6666666666666666, 0.0]}}, "1": {"em_test": {"acc": [0.9583999999999999, 0.010910545357588694]}, "lm_test": {"acc": [0.84, 0.0]}, "em_val": {"acc": [1.0, 0.0]}, "lm_val": {"acc": [0.8333333333333334, 0.0]}}}