{"0.0625": {"em_test": {"f1_binary": [0.22222799941476276, 0.11137482584452534]}, "lm_test": {"f1_binary": [0.20807833537331702, 0.0]}, "em_val": {"f1_binary": [0.34412698412698417, 0.17445419329461553]}, "lm_val": {"f1_binary": [0.4347826086956522, 0.0]}}, "0.125": {"em_test": {"f1_binary": [0.2683317277717531, 0.010654916009934975]}, "lm_test": {"f1_binary": [0.20807833537331702, 0.0]}, "em_val": {"f1_binary": [0.5, 0.0]}, "lm_val": {"f1_binary": [0.22727272727272727, 0.0]}}, "0.25": {"em_test": {"f1_binary": [0.30224573023006024, 0.03324708160218717]}, "lm_test": {"f1_binary": [0.20807833537331702, 0.0]}, "em_val": {"f1_binary": [0.3408631202681546, 0.03606522717209597]}, "lm_val": {"f1_binary": [0.24096385542168677, 0.0]}}, "0.5": {"em_test": {"f1_binary": [0.3585261267234051, 0.03927408583076396]}, "lm_test": {"f1_binary": [0.20807833537331702, 0.0]}, "em_val": {"f1_binary": [0.4658636788048553, 0.025803531406236778]}, "lm_val": {"f1_binary": [0.19767441860465115, 0.0]}}, "1": {"em_test": {"f1_binary": [0.3773026313855194, 0.029513160612594718]}, "lm_test": {"f1_binary": [0.20807833537331702, 0.0]}, "em_val": {"f1_binary": [0.46793418200908565, 0.02240884714776929]}, "lm_val": {"f1_binary": [0.1547987616099071, 0.0]}}}