{"0.0625": {"em_test": {"acc": [0.524, 0.04504220243282959]}, "lm_test": {"acc": [0.84, 0.0]}, "em_val": {"acc": [0.8, 0.2449489742783178]}, "lm_val": {"acc": [1.0, 0.0]}}, "0.125": {"em_test": {"acc": [0.5800000000000001, 0.09742278994157373]}, "lm_test": {"acc": [0.84, 0.0]}, "em_val": {"acc": [0.6666666666666666, 0.0]}, "lm_val": {"acc": [1.0, 0.0]}}, "0.25": {"em_test": {"acc": [0.7936000000000002, 0.028125433329995116]}, "lm_test": {"acc": [0.84, 0.0]}, "em_val": {"acc": [1.0, 0.0]}, "lm_val": {"acc": [1.0, 0.0]}}, "0.5": {"em_test": {"acc": [0.8152000000000001, 0.004664761515876195]}, "lm_test": {"acc": [0.84, 0.0]}, "em_val": {"acc": [0.9166666666666666, 0.0]}, "lm_val": {"acc": [0.6666666666666666, 0.0]}}, "1": {"em_test": {"acc": [0.7792, 0.025724696305301636]}, "lm_test": {"acc": [0.84, 0.0]}, "em_val": {"acc": [0.8666666666666668, 0.016666666666666653]}, "lm_val": {"acc": [0.8333333333333334, 0.0]}}}