{"0.0625": {"em_test": {"f1_binary": [0.25916084025207287, 0.137344381675331]}, "lm_test": {"f1_binary": [0.6030513176144244, 0.0]}, "em_val": {"f1_binary": [0.44761904761904764, 0.17969487870584003]}, "lm_val": {"f1_binary": [0.28571428571428575, 0.0]}}, "0.125": {"em_test": {"f1_binary": [0.4398390146251031, 0.02484002644421511]}, "lm_test": {"f1_binary": [0.6030513176144244, 0.0]}, "em_val": {"f1_binary": [0.5592314118629909, 0.01756850717205674]}, "lm_val": {"f1_binary": [0.42105263157894735, 0.0]}}, "0.25": {"em_test": {"f1_binary": [0.44566543356405075, 0.05663722639184043]}, "lm_test": {"f1_binary": [0.6030513176144244, 0.0]}, "em_val": {"f1_binary": [0.48837965825261653, 0.06546875713426041]}, "lm_val": {"f1_binary": [0.41379310344827586, 0.0]}}, "0.5": {"em_test": {"f1_binary": [0.4736592782909219, 0.02950816990262723]}, "lm_test": {"f1_binary": [0.6030513176144244, 0.0]}, "em_val": {"f1_binary": [0.7180893696978823, 0.014012151790469305]}, "lm_val": {"f1_binary": [0.4927536231884058, 0.0]}}, "1": {"em_test": {"f1_binary": [0.4978228741412968, 0.04178637425444516]}, "lm_test": {"f1_binary": [0.6030513176144244, 0.0]}, "em_val": {"f1_binary": [0.77635863908512, 0.022873461771366184]}, "lm_val": {"f1_binary": [0.5294117647058824, 0.0]}}}