{"0.0625": {"em_test": {"f1_binary": [0.5354344281919584, 0.030441594632120362]}, "lm_test": {"f1_binary": [0.6959144502330683, 0.0]}, "em_val": {"f1_binary": [0.4671845312625834, 0.031020755560127736]}, "lm_val": {"f1_binary": [0.5333333333333333, 0.0]}}, "0.125": {"em_test": {"f1_binary": [0.5698485349048712, 0.0057569969613144485]}, "lm_test": {"f1_binary": [0.6956998082717064, 0.0]}, "em_val": {"f1_binary": [0.5398800185171849, 0.014825559079661283]}, "lm_val": {"f1_binary": [0.6153846153846154, 0.0]}}, "0.25": {"em_test": {"f1_binary": [0.5663409608773665, 0.008657370110018568]}, "lm_test": {"f1_binary": [0.6956998082717064, 0.0]}, "em_val": {"f1_binary": [0.553399207974327, 0.010787271456951346]}, "lm_val": {"f1_binary": [0.6195652173913042, 0.0]}}, "0.5": {"em_test": {"f1_binary": [0.557499844153376, 0.03437172389415483]}, "lm_test": {"f1_binary": [0.6947483588621445, 0.0]}, "em_val": {"f1_binary": [0.5695810446265883, 0.0236301466271578]}, "lm_val": {"f1_binary": [0.6089238845144357, 0.0]}}, "1": {"em_test": {"f1_binary": [0.5715869919678911, 0.006962953018451175]}, "lm_test": {"f1_binary": [0.6961295635465276, 0.0]}, "em_val": {"f1_binary": [0.5797444226029198, 0.00551472800787485]}, "lm_val": {"f1_binary": [0.6421499292786421, 0.0]}}}