{"0.0625": {"em_test": {"acc": [0.28800000000000003, 0.020079840636817805]}, "lm_test": {"acc": [0.43, 0.0]}, "em_val": {"acc": [0.5741935483870967, 0.012903225806451648]}, "lm_val": {"acc": [0.5483870967741935, 0.0]}}, "0.125": {"em_test": {"acc": [0.4744, 0.035741292645901895]}, "lm_test": {"acc": [0.576, 0.0]}, "em_val": {"acc": [0.5548387096774193, 0.016448450043847727]}, "lm_val": {"acc": [0.532258064516129, 0.0]}}, "0.25": {"em_test": {"acc": [0.5356, 0.023199999999999988]}, "lm_test": {"acc": [0.576, 0.0]}, "em_val": {"acc": [0.5152, 0.011973303637676624]}, "lm_val": {"acc": [0.464, 0.0]}}, "0.5": {"em_test": {"acc": [0.41600000000000004, 0.02097617696340303]}, "lm_test": {"acc": [0.54, 0.0]}, "em_val": {"acc": [0.5376000000000001, 0.00542586398650022]}, "lm_val": {"acc": [0.472, 0.0]}}, "1": {"em_test": {"acc": [0.49079999999999996, 0.04433689208774113]}, "lm_test": {"acc": [0.582, 0.0]}, "em_val": {"acc": [0.546, 0.005796550698475781]}, "lm_val": {"acc": [0.502, 0.0]}}}