{"0.0625": {"em_test": {"acc": [0.69248, 0.011086279808844815]}, "lm_test": {"acc": [0.7104, 0.0]}, "em_val": {"acc": [0.81875, 0.012499999999999999]}, "lm_val": {"acc": [0.71875, 0.0]}}, "0.125": {"em_test": {"acc": [0.74384, 0.006205030217492882]}, "lm_test": {"acc": [0.7104, 0.0]}, "em_val": {"acc": [0.7492063492063492, 0.011878277418329966]}, "lm_val": {"acc": [0.7301587301587301, 0.0]}}, "0.25": {"em_test": {"acc": [0.75576, 0.007144676339765156]}, "lm_test": {"acc": [0.7104, 0.0]}, "em_val": {"acc": [0.7936, 0.012799999999999971]}, "lm_val": {"acc": [0.68, 0.0]}}, "0.5": {"em_test": {"acc": [0.7544000000000001, 0.004149216793564775]}, "lm_test": {"acc": [0.7104, 0.0]}, "em_val": {"acc": [0.7992000000000001, 0.009260669522232189]}, "lm_val": {"acc": [0.748, 0.0]}}, "1": {"em_test": {"acc": [0.7650399999999999, 0.01009586053786403]}, "lm_test": {"acc": [0.7104, 0.0]}, "em_val": {"acc": [0.7928000000000001, 0.0116344316577992]}, "lm_val": {"acc": [0.722, 0.0]}}}