{"0.0625": {"em_test": {"acc": [0.5488487865588052, 0.008586528094914937]}, "lm_test": {"acc": [0.48537647790914745, 0.0]}, "em_val": {"acc": [0.598, 0.019390719429665332]}, "lm_val": {"acc": [0.54, 0.0]}}, "0.125": {"em_test": {"acc": [0.5545737398879901, 0.0067413080592163286]}, "lm_test": {"acc": [0.5202240199128811, 0.0]}, "em_val": {"acc": [0.595, 0.005477225575051666]}, "lm_val": {"acc": [0.55, 0.0]}}, "0.25": {"em_test": {"acc": [0.557809583074051, 0.012411902241756784]}, "lm_test": {"acc": [0.492221530802738, 0.0]}, "em_val": {"acc": [0.597506234413965, 0.004625246132416814]}, "lm_val": {"acc": [0.5386533665835411, 0.0]}}, "0.5": {"em_test": {"acc": [0.5718730553827006, 0.009664352785721073]}, "lm_test": {"acc": [0.5015556938394524, 0.0]}, "em_val": {"acc": [0.589041095890411, 0.007676729767084652]}, "lm_val": {"acc": [0.5317559153175592, 0.0]}}, "1": {"em_test": {"acc": [0.5700062227753578, 0.004311265233525538]}, "lm_test": {"acc": [0.5196017423771002, 0.0]}, "em_val": {"acc": [0.5775980087118856, 0.00534434612410302]}, "lm_val": {"acc": [0.5332918481642813, 0.0]}}}