{"0.0625": {"em_test": {"acc": [0.7901052631578946, 0.01423545571613298]}, "lm_test": {"acc": [0.7021052631578948, 0.0]}, "em_val": {"acc": [0.85, 0.008333333333333305]}, "lm_val": {"acc": [0.7291666666666666, 0.0]}}, "0.125": {"em_test": {"acc": [0.8001578947368422, 0.019319876234814043]}, "lm_test": {"acc": [0.7021052631578948, 0.0]}, "em_val": {"acc": [0.8400000000000001, 0.007877173445839854]}, "lm_val": {"acc": [0.6421052631578947, 0.0]}}, "0.25": {"em_test": {"acc": [0.8473684210526317, 0.010619325925052579]}, "lm_test": {"acc": [0.7021052631578948, 0.0]}, "em_val": {"acc": [0.8778947368421053, 0.006982367979695557]}, "lm_val": {"acc": [0.6578947368421053, 0.0]}}, "0.5": {"em_test": {"acc": [0.867842105263158, 0.0017801615289776448]}, "lm_test": {"acc": [0.7021052631578948, 0.0]}, "em_val": {"acc": [0.8789473684210527, 0.0055200465693165625]}, "lm_val": {"acc": [0.6789473684210526, 0.0]}}, "1": {"em_test": {"acc": [0.87142105263157, 0.002076611330439]}, "lm_test": {"acc": [0.7021052631578948, 0.0]}, "em_val": {"acc": [0.879052631578947, 0.1766230629651494]}, "lm_val": {"acc": [0.6671052631578948, 0.0]}}}