{"0.0625": {"em_test": {"acc": [0.4277535780958307, 0.025695164904022443]}, "lm_test": {"acc": [0.3758556316116988, 0.0]}, "em_val": {"acc": [0.538, 0.019390719429665335]}, "lm_val": {"acc": [0.44, 0.0]}}, "0.125": {"em_test": {"acc": [0.45065339141257, 0.017500940319679886]}, "lm_test": {"acc": [0.3758556316116988, 0.0]}, "em_val": {"acc": [0.48600000000000004, 0.012409673645990868]}, "lm_val": {"acc": [0.425, 0.0]}}, "0.25": {"em_test": {"acc": [0.4359676415681394, 0.016248952194391236]}, "lm_test": {"acc": [0.3758556316116988, 0.0]}, "em_val": {"acc": [0.4693266832917706, 0.010743470936926692]}, "lm_val": {"acc": [0.38902743142144636, 0.0]}}, "0.5": {"em_test": {"acc": [0.4556316116988177, 0.017478800113563918]}, "lm_test": {"acc": [0.3758556316116988, 0.0]}, "em_val": {"acc": [0.47820672478206727, 0.015948005572684575]}, "lm_val": {"acc": [0.38107098381070986, 0.0]}}, "1": {"em_test": {"acc": [0.4507778469197262, 0.011830476304484028]}, "lm_test": {"acc": [0.3758556316116988, 0.0]}, "em_val": {"acc": [0.4591163658991911, 0.005776130123645206]}, "lm_val": {"acc": [0.37087741132545116, 0.0]}}}