{"0.0625": {"em_test": {"acc": [0.8408, 0.05544871504372307]}, "lm_test": {"acc": [0.776, 0.0]}, "em_val": {"acc": [0.9714285714285715, 0.05714285714285716]}, "lm_val": {"acc": [1.0, 0.0]}}, "0.125": {"em_test": {"acc": [0.8608, 0.011142710621747305]}, "lm_test": {"acc": [0.776, 0.0]}, "em_val": {"acc": [1.0, 0.0]}, "lm_val": {"acc": [1.0, 0.0]}}, "0.25": {"em_test": {"acc": [0.7343999999999999, 0.16869570237560882]}, "lm_test": {"acc": [0.776, 0.0]}, "em_val": {"acc": [0.8266666666666668, 0.1854723699099141]}, "lm_val": {"acc": [0.9666666666666667, 0.0]}}, "0.5": {"em_test": {"acc": [0.8640000000000001, 0.022199099080818595]}, "lm_test": {"acc": [0.776, 0.0]}, "em_val": {"acc": [0.8933333333333333, 0.008164965809277286]}, "lm_val": {"acc": [0.8333333333333334, 0.0]}}, "1": {"em_test": {"acc": [0.8640000000000001, 0.03861605883567094]}, "lm_test": {"acc": [0.776, 0.0]}, "em_val": {"acc": [0.8666666666666668, 0.049999999999999996]}, "lm_val": {"acc": [0.7833333333333333, 0.0]}}}