{"0.0625": {"em_test": {"acc": [0.6612, 0.009346657156438346]}, "lm_test": {"acc": [0.608, 0.0]}, "em_val": {"acc": [0.5612903225806452, 0.02580645161290325]}, "lm_val": {"acc": [0.4838709677419355, 0.0]}}, "0.125": {"em_test": {"acc": [0.6352, 0.022220711059729857]}, "lm_test": {"acc": [0.608, 0.0]}, "em_val": {"acc": [0.6096774193548387, 0.023704739446288797]}, "lm_val": {"acc": [0.5483870967741935, 0.0]}}, "0.25": {"em_test": {"acc": [0.6719999999999999, 0.032149650075856184]}, "lm_test": {"acc": [0.608, 0.0]}, "em_val": {"acc": [0.5552, 0.01483778959279309]}, "lm_val": {"acc": [0.456, 0.0]}}, "0.5": {"em_test": {"acc": [0.6648000000000001, 0.04379223675493181]}, "lm_test": {"acc": [0.608, 0.0]}, "em_val": {"acc": [0.5591999999999999, 0.02775896251663593]}, "lm_val": {"acc": [0.48, 0.0]}}, "1": {"em_test": {"acc": [0.6679999999999999, 0.02015936506936662]}, "lm_test": {"acc": [0.608, 0.0]}, "em_val": {"acc": [0.6008, 0.014455448799674135]}, "lm_val": {"acc": [0.518, 0.0]}}}