{"0.0625": {"em_test": {"f1_binary": [0.17516054878739412, 0.012220239315662]}, "lm_test": {"f1_binary": [0.15531023981728206, 0.0]}, "em_val": {"f1_binary": [0.2288784388062603, 0.023990396883478825]}, "lm_val": {"f1_binary": [0.17073170731707316, 0.0]}}, "0.125": {"em_test": {"f1_binary": [0.16528591919474034, 0.0043572645851349375]}, "lm_test": {"f1_binary": [0.15531023981728206, 0.0]}, "em_val": {"f1_binary": [0.1663360091828857, 0.008471217100947141]}, "lm_val": {"f1_binary": [0.1325301204819277, 0.0]}}, "0.25": {"em_test": {"f1_binary": [0.16517204200330723, 0.004428626272757099]}, "lm_test": {"f1_binary": [0.15531023981728206, 0.0]}, "em_val": {"f1_binary": [0.15685678193110564, 0.004050110683137709]}, "lm_val": {"f1_binary": [0.1268882175226586, 0.0]}}, "0.5": {"em_test": {"f1_binary": [0.17122843459936452, 0.005322908411426705]}, "lm_test": {"f1_binary": [0.15531023981728206, 0.0]}, "em_val": {"f1_binary": [0.16488149935130286, 0.008720932613262546]}, "lm_val": {"f1_binary": [0.13063063063063063, 0.0]}}, "1": {"em_test": {"f1_binary": [0.17218999406862054, 0.003395296559457103]}, "lm_test": {"f1_binary": [0.15531023981728206, 0.0]}, "em_val": {"f1_binary": [0.14708452462228386, 0.0038180821964410674]}, "lm_val": {"f1_binary": [0.13079222720478326, 0.0]}}}