{"0.0625": {"em_test": {"f1_binary": [0.08182723666724599, 0.031016885194547834]}, "lm_test": {"f1_binary": [0.6030513176144244, 0.0]}, "em_val": {"f1_binary": [0.5266666666666666, 0.11999999999999997]}, "lm_val": {"f1_binary": [0.28571428571428575, 0.0]}}, "0.125": {"em_test": {"f1_binary": [0.404192036982819, 0.030148770645938405]}, "lm_test": {"f1_binary": [0.6030513176144244, 0.0]}, "em_val": {"f1_binary": [0.6352941176470589, 0.03842336851424596]}, "lm_val": {"f1_binary": [0.42105263157894735, 0.0]}}, "0.25": {"em_test": {"f1_binary": [0.38692620628979396, 0.05347841336294624]}, "lm_test": {"f1_binary": [0.6030513176144244, 0.0]}, "em_val": {"f1_binary": [0.3804329004329004, 0.030993252463141652]}, "lm_val": {"f1_binary": [0.41379310344827586, 0.0]}}, "0.5": {"em_test": {"f1_binary": [0.4656663121825953, 0.034988717440970554]}, "lm_test": {"f1_binary": [0.6030513176144244, 0.0]}, "em_val": {"f1_binary": [0.7413961674988585, 0.0201416963907299]}, "lm_val": {"f1_binary": [0.4927536231884058, 0.0]}}, "1": {"em_test": {"f1_binary": [0.48305634695300836, 0.01253161214000379]}, "lm_test": {"f1_binary": [0.6030513176144244, 0.0]}, "em_val": {"f1_binary": [0.7511845565522612, 0.009251418989410771]}, "lm_val": {"f1_binary": [0.5294117647058824, 0.0]}}}