{"0.0625": {"em_test": {"acc": [0.7336, 0.004813314866077243]}, "lm_test": {"acc": [0.704, 0.0]}, "em_val": {"acc": [0.7487179487179487, 0.006280742930213255]}, "lm_val": {"acc": [0.6923076923076923, 0.0]}}, "0.125": {"em_test": {"acc": [0.5711999999999999, 0.09310845289231263]}, "lm_test": {"acc": [0.704, 0.0]}, "em_val": {"acc": [0.5717948717948718, 0.08717948717948718]}, "lm_val": {"acc": [0.6826923076923077, 0.0]}}, "0.25": {"em_test": {"acc": [0.74368, 0.005539097399396405]}, "lm_test": {"acc": [0.704, 0.0]}, "em_val": {"acc": [0.73248, 0.008490559463309816]}, "lm_val": {"acc": [0.6976, 0.0]}}, "0.5": {"em_test": {"acc": [0.69744, 0.0987870760777947]}, "lm_test": {"acc": [0.704, 0.0]}, "em_val": {"acc": [0.6908799999999999, 0.09355636589778378]}, "lm_val": {"acc": [0.7104, 0.0]}}, "1": {"em_test": {"acc": [0.7528, 0.0024396721091163092]}, "lm_test": {"acc": [0.704, 0.0]}, "em_val": {"acc": [0.7447999999999999, 0.0035145412218382122]}, "lm_val": {"acc": [0.6972, 0.0]}}}