{
    "0.0625": {
        "em_test": {
            "acc": [
                0.7334222222222222,
                0.022537146291466543
            ]
        },
        "em_val": {
            "acc": [
                0.9985714285714286,
                0.002857142857142847
            ]
        },
        "lm_val": [
            {}
        ],
        "lm_test": {}
    },
    "0.125": {
        "em_test": {
            "acc": [
                0.7879999999999999,
                0.017811079919567888
            ]
        },
        "em_val": {
            "acc": [
                0.9992882562277579,
                0.0014234875444839813
            ]
        },
        "lm_val": [
            {}
        ],
        "lm_test": {}
    },
    "0.25": {
        "em_test": {
            "acc": [
                0.828888888888889,
                0.006234907703733386
            ]
        },
        "em_val": {
            "acc": [
                0.9992882562277579,
                0.0008717045347983083
            ]
        },
        "lm_val": [
            {}
        ],
        "lm_test": {}
    },
    "0.5": {
        "em_test": {
            "acc": [
                0.8560000000000001,
                0.006477310827461937
            ]
        },
        "em_val": {
            "acc": [
                0.9994666666666667,
                0.00043546484316147845
            ]
        },
        "lm_val": [
            {}
        ],
        "lm_test": {}
    },
    "1.0": {
        "em_test": {
            "acc": [
                0.8720000000000001,
                0.003053433606634227
            ]
        },
        "em_val": {
            "acc": [
                0.9995555555555555,
                0.0
            ]
        },
        "lm_val": [
            {}
        ],
        "lm_test": {}
    }
}