{
    "100": {
        "em_test": {
            "acc": [
                0.8546400000000001,
                0.02139996261678978
            ]
        },
        "em_val": {
            "acc": [
                0.93,
                0.0748331477354788
            ]
        },
        "lm_val": [
            {}
        ],
        "lm_test": {}
    }
}