{
    "10": {
        "em_test": {
            "acc": [
                0.84616,
                0.03706564986614965
            ]
        },
        "em_val": {
            "acc": [
                0.9199999999999999,
                0.0748331477354788
            ]
        },
        "lm_val": [
            {
                "acc": [
                    0.6,
                    0.12649110640673517
                ]
            }
        ],
        "lm_test": {
            "acc": [
                0.7104,
                0.0
            ]
        },
        "tuned_em_val": [
            {
                "acc": [
                    0.86,
                    0.14966629547095767
                ]
            }
        ],
        "tuned_em_test": {
            "acc": [
                0.55952,
                0.06927990762118555
            ]
        }
    }
}