{
    "100": {
        "em_test": {
            "acc": [
                0.85512,
                0.012327270581925258
            ]
        },
        "em_val": {
            "acc": [
                0.89,
                0.03847076812334272
            ]
        },
        "lm_val": [
            {
                "acc": [
                    0.6799999999999999,
                    0.04690415759823429
                ]
            }
        ],
        "lm_test": {
            "acc": [
                0.7104,
                0.0
            ]
        },
        "tuned_em_val": [
            {
                "acc": [
                    0.9720000000000001,
                    0.02785677655436823
                ]
            }
        ],
        "tuned_em_test": {
            "acc": [
                0.8424799999999999,
                0.036176810251872665
            ]
        }
    }
}