{
    "0.0625": {
        "em_test": {
            "acc": [
                0.8484,
                0.016291347396701118
            ]
        },
        "em_val": {
            "acc": [
                0.8794871794871796,
                0.013074409009212274
            ]
        },
        "lm_val": [
            {
                "acc": [
                    0.6897435897435897,
                    0.03772804863990297
                ]
            }
        ],
        "lm_test": {
            "acc": [
                0.7104,
                0.0
            ]
        },
        "tuned_em_val": [
            {
                "acc": [
                    1.0,
                    0.0
                ]
            }
        ],
        "tuned_em_test": {
            "acc": [
                0.88856,
                0.0113323607425814
            ]
        }
    },
    "0.125": {
        "em_test": {
            "acc": [
                0.85352,
                0.014862355129655603
            ]
        },
        "em_val": {
            "acc": [
                0.876923076923077,
                0.008974358974358986
            ]
        },
        "lm_val": [
            {
                "acc": [
                    0.6935897435897436,
                    0.03221751762340785
                ]
            }
        ],
        "lm_test": {
            "acc": [
                0.7104,
                0.0
            ]
        },
        "tuned_em_val": [
            {
                "acc": [
                    1.0,
                    0.0
                ]
            }
        ],
        "tuned_em_test": {
            "acc": [
                0.89696,
                0.00311486757342909
            ]
        }
    },
    "0.25": {
        "em_test": {
            "acc": [
                0.85144,
                0.013890082793129796
            ]
        },
        "em_val": {
            "acc": [
                0.86944,
                0.00902831102698615
            ]
        },
        "lm_val": [
            {
                "acc": [
                    0.70592,
                    0.0220405444578849
                ]
            }
        ],
        "lm_test": {
            "acc": [
                0.7104,
                0.0
            ]
        },
        "tuned_em_val": [
            {
                "acc": [
                    1.0,
                    0.0
                ]
            }
        ],
        "tuned_em_test": {
            "acc": [
                0.9141600000000001,
                0.004297720325940252
            ]
        }
    },
    "0.5": {
        "em_test": {
            "acc": [
                0.85512,
                0.016768351141361514
            ]
        },
        "em_val": {
            "acc": [
                0.8640000000000001,
                0.012475896761355477
            ]
        },
        "lm_val": [
            {
                "acc": [
                    0.7003199999999999,
                    0.005174707721214776
                ]
            }
        ],
        "lm_test": {
            "acc": [
                0.7104,
                0.0
            ]
        },
        "tuned_em_val": [
            {
                "acc": [
                    1.0,
                    0.0
                ]
            }
        ],
        "tuned_em_test": {
            "acc": [
                0.9231200000000002,
                0.002597229292919675
            ]
        }
    },
    "1.0": {
        "em_test": {
            "acc": [
                0.85512,
                0.016768351141361514
            ]
        },
        "em_val": {
            "acc": [
                0.86568,
                0.010069836145638136
            ]
        },
        "lm_val": [
            {
                "acc": [
                    0.7060000000000001,
                    0.002219909908081829
                ]
            }
        ],
        "lm_test": {
            "acc": [
                0.7104,
                0.0
            ]
        },
        "tuned_em_val": [
            {
                "acc": [
                    1.0,
                    0.0
                ]
            }
        ],
        "tuned_em_test": {
            "acc": [
                0.93184,
                0.0034742481200973467
            ]
        }
    }
}