{
    "10": {
        "em_test": {
            "acc": [
                0.6527200000000001,
                0.08522099271893048
            ]
        },
        "em_val": {
            "acc": [
                1.0,
                0.0
            ]
        },
        "lm_val": [
            {}
        ],
        "lm_test": {}
    }
}