{
    "10": {
        "em_test": {
            "acc": [
                0.8490400000000001,
                0.02027427927202346
            ]
        },
        "em_val": {
            "acc": [
                0.9,
                0.08944271909999157
            ]
        },
        "lm_val": [
            {
                "acc": [
                    0.6,
                    0.12649110640673517
                ]
            }
        ],
        "lm_test": {
            "acc": [
                0.7104,
                0.0
            ]
        },
        "tuned_em_val": [
            {
                "acc": [
                    1.0,
                    0.0
                ]
            }
        ],
        "tuned_em_test": {
            "acc": [
                0.8019999999999999,
                0.06227577378082108
            ]
        }
    }
}