{
    "10": {
        "em_test": {
            "acc": [
                0.81944,
                0.026800119402719074
            ]
        },
        "em_val": {
            "acc": [
                0.9200000000000002,
                0.0748331477354788
            ]
        },
        "lm_val": [
            {
                "acc": [
                    0.6599999999999999,
                    0.07999999999999999
                ]
            }
        ],
        "lm_test": {
            "acc": [
                0.7104,
                0.0
            ]
        },
        "tuned_em_val": [
            {
                "acc": [
                    1.0,
                    0.0
                ]
            }
        ],
        "tuned_em_test": {
            "acc": [
                0.79416,
                0.05370175416129346
            ]
        }
    }
}