{
    "100": {
        "em_test": {
            "acc": [
                0.8684800000000001,
                0.030213533391511838
            ]
        },
        "em_val": {
            "acc": [
                1.0,
                0.0
            ]
        },
        "lm_val": [
            {}
        ],
        "lm_test": {}
    }
}