{
    "0.5": {
        "em_test": {
            "acc": [
                0.9092799999999999,
                0.0013481839637082072
            ]
        },
        "em_val": {
            "acc": [
                0.91136,
                0.0055919942775363865
            ]
        }
    },
    "0.25": {
        "em_test": {
            "acc": [
                0.90032,
                0.004097999511957021
            ]
        },
        "em_val": {
            "acc": [
                0.9019999999999999,
                0.002771281292110206
            ]
        }
    },
    "0.375": {
        "em_test": {
            "acc": [
                0.9055200000000001,
                0.004105800774514023
            ]
        },
        "em_val": {
            "acc": [
                0.90568,
                0.0039549462701786425
            ]
        }
    },
    "0.3125": {
        "em_test": {
            "acc": [
                0.90472,
                0.003018873962258091
            ]
        },
        "em_val": {
            "acc": [
                0.90736,
                0.004237735244207684
            ]
        }
    },
    "0.34375": {
        "em_test": {
            "acc": [
                0.9056000000000001,
                0.005348644688142969
            ]
        },
        "em_val": {
            "acc": [
                0.9061599999999999,
                0.005586268880030766
            ]
        }
    }
}