{
    "100": {
        "em_test": {
            "acc": [
                0.8455199999999999,
                0.02315222667477147
            ]
        },
        "em_val": {
            "acc": [
                0.8800000000000001,
                0.03847076812334269
            ]
        },
        "lm_val": [
            {
                "acc": [
                    0.72,
                    0.06164414002968975
                ]
            }
        ],
        "lm_test": {
            "acc": [
                0.7104,
                0.0
            ]
        },
        "tuned_em_val": [
            {
                "acc": [
                    1.0,
                    0.0
                ]
            }
        ],
        "tuned_em_test": {
            "acc": [
                0.8895200000000001,
                0.007799076868450536
            ]
        }
    }
}