{
    "10": {
        "em_test": {
            "acc": [
                0.58928,
                0.08742737328777525
            ]
        },
        "em_val": {
            "acc": [
                0.7,
                0.4
            ]
        },
        "lm_val": [
            {}
        ],
        "lm_test": {}
    }
}