{"0.0625": {"lm_val": {"f1_binary": [0.7642473399616256, 0.028052545880109712]}, "lm_test": {"f1_binary": [0.5937752938459584, 0.09211342942282823]}, "em_test": {"f1_binary": [0.5487345726298466, 0.06254339987630879]}, "em_val": {"f1_binary": [0.7779091616265442, 0.015322024849272427]}}, "0.125": {"lm_val": {"f1_binary": [0.6046511627906976, 0.0]}, "lm_test": {"f1_binary": [0.69598635976438, 0.00017538809774915774]}, "em_test": {"f1_binary": [0.5859137700196271, 0.008474380252540369]}, "em_val": {"f1_binary": [0.5975628998440944, 0.01801283218514608]}}, "0.25": {"lm_val": {"f1_binary": [0.6227544910179641, 0.0]}, "lm_test": {"f1_binary": [0.69598635976438, 0.00017538809774915774]}, "em_test": {"f1_binary": [0.5829464041801706, 0.007208662824480244]}, "em_val": {"f1_binary": [0.6368836806016134, 0.007696188783136722]}}, "0.5": {"lm_val": {"f1_binary": [0.6547796313834049, 0.0014511546587018032]}, "lm_test": {"f1_binary": [0.69598635976438, 0.00017538809774915774]}, "em_test": {"f1_binary": [0.5842560266739406, 0.006097246516585195]}, "em_val": {"f1_binary": [0.6295543757265013, 0.009350165832917392]}}, "1.0": {"lm_val": {"f1_binary": [0.6406112889718758, 0.0007693201533832017]}, "lm_test": {"f1_binary": [0.69598635976438, 0.00017538809774915774]}, "em_test": {"f1_binary": [0.5887114077007789, 0.010593191851481783]}, "em_val": {"f1_binary": [0.6073390005716298, 0.012488627072219734]}}}