{
    "0.5": {
        "em_test": {
            "f1_binary": [
                0.6510738089557038,
                0.000986756698076866
            ]
        },
        "em_val": {
            "f1_binary": [
                0.6683016353869226,
                0.016694722058955433
            ]
        }
    },
    "0.25": {
        "em_test": {
            "f1_binary": [
                0.6406953586359075,
                0.008004652406088567
            ]
        },
        "em_val": {
            "f1_binary": [
                0.652582425276268,
                0.014700883308529429
            ]
        }
    },
    "0.125": {
        "em_test": {
            "f1_binary": [
                0.6055162951966198,
                0.01902952720392043
            ]
        },
        "em_val": {
            "f1_binary": [
                0.6342713531335749,
                0.028156657315428553
            ]
        }
    },
    "0.0625": {
        "em_test": {
            "f1_binary": [
                0.577409781654375,
                0.017772537401463055
            ]
        },
        "em_val": {
            "f1_binary": [
                0.5786904412316402,
                0.02640507644265245
            ]
        }
    },
    "0.09375": {
        "em_test": {
            "f1_binary": [
                0.5998133002850894,
                0.013923007828093806
            ]
        },
        "em_val": {
            "f1_binary": [
                0.6023112367308514,
                0.025163405044475406
            ]
        }
    }
}