{
    "0.0625": {
        "em_test": {
            "acc": [
                0.6296536796536797,
                0.011008148151473081
            ]
        },
        "em_val": {
            "acc": [
                0.6397849462365591,
                0.040232875126601536
            ]
        },
        "lm_val": [
            {
                "acc": [
                    0.3548387096774193,
                    0.03484269192692398
                ]
            }
        ],
        "lm_test": {
            "acc": [
                0.437012987012987,
                0.0
            ]
        },
        "tuned_em_val": [
            {
                "acc": [
                    0.9301075268817205,
                    0.030413194889744005
                ]
            }
        ],
        "tuned_em_test": {
            "acc": [
                0.6562770562770562,
                0.006408169412591977
            ]
        }
    },
    "0.125": {
        "em_test": {
            "acc": [
                0.6191558441558441,
                0.02598349394537788
            ]
        },
        "em_val": {
            "acc": [
                0.5946666666666668,
                0.026398653164297747
            ]
        },
        "lm_val": [
            {
                "acc": [
                    0.3466666666666667,
                    0.013597385369580746
                ]
            }
        ],
        "lm_test": {
            "acc": [
                0.437012987012987,
                0.0
            ]
        },
        "tuned_em_val": [
            {
                "acc": [
                    0.8826666666666667,
                    0.04988876515698593
                ]
            }
        ],
        "tuned_em_test": {
            "acc": [
                0.6782467532467532,
                0.0151197874361535
            ]
        }
    },
    "0.25": {
        "em_test": {
            "acc": [
                0.6498917748917749,
                0.00930610079078169
            ]
        },
        "em_val": {
            "acc": [
                0.616,
                0.0032659863237109073
            ]
        },
        "lm_val": [
            {
                "acc": [
                    0.38533333333333336,
                    0.011469767022723513
                ]
            }
        ],
        "lm_test": {
            "acc": [
                0.437012987012987,
                0.0
            ]
        },
        "tuned_em_val": [
            {
                "acc": [
                    0.8586666666666667,
                    0.0938272644573823
                ]
            }
        ],
        "tuned_em_test": {
            "acc": [
                0.7167748917748918,
                0.016191141732275337
            ]
        }
    },
    "0.5": {
        "em_test": {
            "acc": [
                0.6506493506493506,
                0.004339813345403337
            ]
        },
        "em_val": {
            "acc": [
                0.6093333333333333,
                0.018061622912192103
            ]
        },
        "lm_val": [
            {
                "acc": [
                    0.39399999999999996,
                    0.024657656011875907
                ]
            }
        ],
        "lm_test": {
            "acc": [
                0.437012987012987,
                0.0
            ]
        },
        "tuned_em_val": [
            {
                "acc": [
                    0.9653333333333333,
                    0.01309792180292568
                ]
            }
        ],
        "tuned_em_test": {
            "acc": [
                0.7978354978354979,
                0.018824325770631915
            ]
        }
    },
    "1.0": {
        "em_test": {
            "acc": [
                0.6575757575757576,
                0.0071837345347515475
            ]
        },
        "em_val": {
            "acc": [
                0.6303333333333333,
                0.005436502143433369
            ]
        },
        "lm_val": [
            {
                "acc": [
                    0.4096666666666667,
                    0.007542472332656488
                ]
            }
        ],
        "lm_test": {
            "acc": [
                0.437012987012987,
                0.0
            ]
        },
        "tuned_em_val": [
            {
                "acc": [
                    0.9706666666666667,
                    0.004027681991198194
                ]
            }
        ],
        "tuned_em_test": {
            "acc": [
                0.8324675324675325,
                0.0052952942955519534
            ]
        }
    }
}