{
    "0.0625": {
        "em_test": {
            "acc": [
                0.1301948051948052,
                0.0
            ]
        },
        "em_val": {
            "acc": [
                0.185,
                0.0
            ]
        }
    },
    "0.125": {
        "em_test": {
            "acc": [
                0.30454545454545456,
                0.0
            ]
        },
        "em_val": {
            "acc": [
                0.295,
                0.0
            ]
        }
    },
    "0.25": {
        "em_test": {
            "acc": [
                0.4392857142857143,
                0.0
            ]
        },
        "em_val": {
            "acc": [
                0.45,
                0.0
            ]
        }
    },
    "0.5": {
        "em_test": {
            "acc": [
                0.6454545454545455,
                0.0
            ]
        },
        "em_val": {
            "acc": [
                0.67,
                0.0
            ]
        }
    },
    "1.0": {
        "em_test": {
            "acc": [
                0.737987012987013,
                0.0
            ]
        },
        "em_val": {
            "acc": [
                0.795,
                0.0
            ]
        }
    }
}