{
    "0.5": {
        "em_test": {
            "acc": [
                0.6415584415584416,
                0.0
            ]
        },
        "em_val": {
            "acc": [
                0.574,
                0.0
            ]
        },
        "lm_val": [
            {
                "acc": [
                    0.362,
                    0.0
                ]
            }
        ],
        "lm_test": {
            "acc": [
                0.437012987012987,
                0.0
            ]
        },
        "tuned_em_val": [
            {
                "acc": [
                    0.962,
                    0.0
                ]
            }
        ],
        "tuned_em_test": {
            "acc": [
                0.787987012987013,
                0.0
            ]
        }
    }
}