{
    "0.0625": {
        "em_test": {
            "acc": [
                0.21071428571428572,
                0.0
            ]
        },
        "em_val": {
            "acc": [
                0.265,
                0.0
            ]
        }
    },
    "0.125": {
        "em_test": {
            "acc": [
                0.3555194805194805,
                0.0
            ]
        },
        "em_val": {
            "acc": [
                0.395,
                0.0
            ]
        }
    },
    "0.25": {
        "em_test": {
            "acc": [
                0.5506493506493506,
                0.0
            ]
        },
        "em_val": {
            "acc": [
                0.58,
                0.0
            ]
        }
    },
    "0.5": {
        "em_test": {
            "acc": [
                0.6827922077922078,
                0.0
            ]
        },
        "em_val": {
            "acc": [
                0.715,
                0.0
            ]
        }
    },
    "1.0": {
        "em_test": {
            "acc": [
                0.8165584415584416,
                0.0
            ]
        },
        "em_val": {
            "acc": [
                0.825,
                0.0
            ]
        }
    }
}