{
    "0.0625": {
        "em_test": {
            "acc": [
                0.6104978354978355,
                0.015280066901666549
            ]
        },
        "em_val": {
            "acc": [
                0.6129032258064515,
                0.057403646516297376
            ]
        },
        "lm_val": [
            {
                "acc": [
                    0.3118279569892473,
                    0.04023287512660153
                ]
            }
        ],
        "lm_test": [
            {
                "acc": [
                    0.42012987012987013,
                    0.0
                ]
            }
        ]
    },
    "0.125": {
        "em_test": {
            "acc": [
                0.6137445887445887,
                0.020767944270668384
            ]
        },
        "em_val": {
            "acc": [
                0.5573333333333333,
                0.043492017147466894
            ]
        },
        "lm_val": [
            {
                "acc": [
                    0.32266666666666666,
                    0.02472964932132188
                ]
            }
        ],
        "lm_test": [
            {
                "acc": [
                    0.42012987012987013,
                    0.0
                ]
            }
        ]
    },
    "0.25": {
        "em_test": {
            "acc": [
                0.6086580086580086,
                0.021376582173018768
            ]
        },
        "em_val": {
            "acc": [
                0.5773333333333334,
                0.01913693345920975
            ]
        },
        "lm_val": [
            {
                "acc": [
                    0.36000000000000004,
                    0.014236104336041736
                ]
            }
        ],
        "lm_test": [
            {
                "acc": [
                    0.42012987012987013,
                    0.0
                ]
            }
        ]
    },
    "0.5": {
        "em_test": {
            "acc": [
                0.6374458874458875,
                0.008636336512233797
            ]
        },
        "em_val": {
            "acc": [
                0.5953333333333334,
                0.02106075866524177
            ]
        },
        "lm_val": [
            {
                "acc": [
                    0.3733333333333333,
                    0.030390056853443932
                ]
            }
        ],
        "lm_test": [
            {
                "acc": [
                    0.42012987012987013,
                    0.0
                ]
            }
        ]
    },
    "1.0": {
        "em_test": {
            "acc": [
                0.6413419913419913,
                0.004639816257624674
            ]
        },
        "em_val": {
            "acc": [
                0.6093333333333333,
                0.007845734863959886
            ]
        },
        "lm_val": [
            {
                "acc": [
                    0.3953333333333333,
                    0.005906681715556456
                ]
            }
        ],
        "lm_test": [
            {
                "acc": [
                    0.42012987012987013,
                    0.0
                ]
            }
        ]
    }
}