{
    "em_test": {
        "acc": [
            0.8144581082634179,
            0.006234997618780835
        ]
    },
    "em_val": {
        "acc": [
            0.8157450473729544,
            0.007933634802146945
        ]
    }
}