{
    "0.0625": {
        "em_test": {
            "acc": [
                0.697694840834248,
                0.005404405543399009
            ]
        },
        "em_val": {
            "acc": [
                0.6359999999999999,
                0.03261901286060016
            ]
        },
        "lm_val": [
            {
                "acc": [
                    0.558,
                    0.03370459909270542
                ]
            }
        ],
        "lm_test": {
            "acc": [
                0.7014270032930845,
                0.0
            ]
        },
        "tuned_em_val": [
            {
                "acc": [
                    1.0,
                    0.0
                ]
            }
        ],
        "tuned_em_test": {
            "acc": [
                0.7038419319429199,
                0.010985726457252955
            ]
        }
    },
    "0.125": {
        "em_test": {
            "acc": [
                0.6952799121844129,
                0.0022602920177798203
            ]
        },
        "em_val": {
            "acc": [
                0.6050000000000001,
                0.018165902124584965
            ]
        },
        "lm_val": [
            {
                "acc": [
                    0.5269999999999999,
                    0.030430248109405877
                ]
            }
        ],
        "lm_test": {
            "acc": [
                0.7014270032930845,
                0.0
            ]
        },
        "tuned_em_val": [
            {
                "acc": [
                    1.0,
                    0.0
                ]
            }
        ],
        "tuned_em_test": {
            "acc": [
                0.7262349066959385,
                0.012887517120912535
            ]
        }
    },
    "0.25": {
        "em_test": {
            "acc": [
                0.6944017563117454,
                0.0032265507039954283
            ]
        },
        "em_val": {
            "acc": [
                0.5955112219451372,
                0.014744883290867334
            ]
        },
        "lm_val": [
            {
                "acc": [
                    0.5226932668329177,
                    0.029991613722439713
                ]
            }
        ],
        "lm_test": {
            "acc": [
                0.7014270032930845,
                0.0
            ]
        },
        "tuned_em_val": [
            {
                "acc": [
                    1.0,
                    0.0
                ]
            }
        ],
        "tuned_em_test": {
            "acc": [
                0.7585071350164654,
                0.0070457986985208365
            ]
        }
    },
    "0.5": {
        "em_test": {
            "acc": [
                0.6930845225027443,
                0.005404405543399003
            ]
        },
        "em_val": {
            "acc": [
                0.6104607721046078,
                0.009028427875662232
            ]
        },
        "lm_val": [
            {
                "acc": [
                    0.5180572851805728,
                    0.01783910792475218
                ]
            }
        ],
        "lm_test": {
            "acc": [
                0.7014270032930845,
                0.0
            ]
        },
        "tuned_em_val": [
            {
                "acc": [
                    0.9992528019925281,
                    0.0006100846183768837
                ]
            }
        ],
        "tuned_em_test": {
            "acc": [
                0.7945115257958288,
                0.007327472785193693
            ]
        }
    },
    "1.0": {
        "em_test": {
            "acc": [
                0.6930845225027443,
                0.005404405543399003
            ]
        },
        "em_val": {
            "acc": [
                0.6085874299937772,
                0.007802079909723682
            ]
        },
        "lm_val": [
            {
                "acc": [
                    0.5233354075917859,
                    0.006597315883359599
                ]
            }
        ],
        "lm_test": {
            "acc": [
                0.7014270032930845,
                0.0
            ]
        },
        "tuned_em_val": [
            {
                "acc": [
                    0.9993777224642191,
                    0.0
                ]
            }
        ],
        "tuned_em_test": {
            "acc": [
                0.8305159165751921,
                0.006752384851472978
            ]
        }
    }
}