{
    "0.0625": {
        "em_test": {
            "acc": [
                0.5326015367727772,
                0.03563300735942655
            ]
        },
        "em_val": {
            "acc": [
                1.0,
                0.0
            ]
        },
        "lm_val": [
            {}
        ],
        "lm_test": {}
    },
    "0.125": {
        "em_test": {
            "acc": [
                0.6384193194291986,
                0.0223520428297878
            ]
        },
        "em_val": {
            "acc": [
                1.0,
                0.0
            ]
        },
        "lm_val": [
            {}
        ],
        "lm_test": {}
    },
    "0.25": {
        "em_test": {
            "acc": [
                0.7255762897914381,
                0.028641212307004043
            ]
        },
        "em_val": {
            "acc": [
                1.0,
                0.0
            ]
        },
        "lm_val": [
            {}
        ],
        "lm_test": {}
    },
    "0.5": {
        "em_test": {
            "acc": [
                0.792755214050494,
                0.012561773436592748
            ]
        },
        "em_val": {
            "acc": [
                0.9992528019925281,
                0.0006100846183768837
            ]
        },
        "lm_val": [
            {}
        ],
        "lm_test": {}
    },
    "1.0": {
        "em_test": {
            "acc": [
                0.8300768386388583,
                0.005439961226504427
            ]
        },
        "em_val": {
            "acc": [
                0.9993777224642191,
                0.0
            ]
        },
        "lm_val": [
            {}
        ],
        "lm_test": {}
    }
}