{
    "0.0625": {
        "em_test": {
            "acc": [
                0.7495157384987893,
                0.021769560920975137
            ]
        },
        "em_val": {
            "acc": [
                1.0,
                0.0
            ]
        },
        "lm_val": [
            {}
        ],
        "lm_test": {}
    },
    "0.125": {
        "em_test": {
            "acc": [
                0.82590799031477,
                0.010176695246328084
            ]
        },
        "em_val": {
            "acc": [
                1.0,
                0.0
            ]
        },
        "lm_val": [
            {}
        ],
        "lm_test": {}
    },
    "0.25": {
        "em_test": {
            "acc": [
                0.8542372881355933,
                0.0025795733356734243
            ]
        },
        "em_val": {
            "acc": [
                1.0,
                0.0
            ]
        },
        "lm_val": [
            {}
        ],
        "lm_test": {}
    },
    "0.5": {
        "em_test": {
            "acc": [
                0.8704600484261501,
                0.0024213075060532776
            ]
        },
        "em_val": {
            "acc": [
                1.0,
                0.0
            ]
        },
        "lm_val": [
            {}
        ],
        "lm_test": {}
    },
    "1.0": {
        "em_test": {
            "acc": [
                0.885593220338983,
                0.004398523516848666
            ]
        },
        "em_val": {
            "acc": [
                1.0,
                0.0
            ]
        },
        "lm_val": [
            {}
        ],
        "lm_test": {}
    }
}