{
    "0.0625": {
        "em_test": {
            "acc": [
                0.7663438256658595,
                0.007608840853496698
            ]
        },
        "em_val": {
            "acc": [
                0.7883495145631068,
                0.02739172034886578
            ]
        },
        "lm_val": [
            {
                "acc": [
                    0.5320388349514562,
                    0.030793692285735336
                ]
            }
        ],
        "lm_test": {
            "acc": [
                0.5290556900726392,
                0.0
            ]
        },
        "tuned_em_val": [
            {
                "acc": [
                    1.0,
                    0.0
                ]
            }
        ],
        "tuned_em_test": {
            "acc": [
                0.8177966101694917,
                0.0053597926443531615
            ]
        }
    },
    "0.125": {
        "em_test": {
            "acc": [
                0.7638014527845036,
                0.011583116028924919
            ]
        },
        "em_val": {
            "acc": [
                0.7912832929782082,
                0.02215992482062478
            ]
        },
        "lm_val": [
            {
                "acc": [
                    0.535593220338983,
                    0.03132389661752296
                ]
            }
        ],
        "lm_test": {
            "acc": [
                0.5290556900726392,
                0.0
            ]
        },
        "tuned_em_val": [
            {
                "acc": [
                    1.0,
                    0.0
                ]
            }
        ],
        "tuned_em_test": {
            "acc": [
                0.8405569007263922,
                0.00683349433010659
            ]
        }
    },
    "0.25": {
        "em_test": {
            "acc": [
                0.7676755447941889,
                0.008043334257565671
            ]
        },
        "em_val": {
            "acc": [
                0.7876513317191283,
                0.012917170623098438
            ]
        },
        "lm_val": [
            {
                "acc": [
                    0.5307506053268766,
                    0.021853557810259206
                ]
            }
        ],
        "lm_test": {
            "acc": [
                0.5290556900726392,
                0.0
            ]
        },
        "tuned_em_val": [
            {
                "acc": [
                    1.0,
                    0.0
                ]
            }
        ],
        "tuned_em_test": {
            "acc": [
                0.8536319612590798,
                0.007515810264004219
            ]
        }
    },
    "0.5": {
        "em_test": {
            "acc": [
                0.7674334140435837,
                0.008169894827507513
            ]
        },
        "em_val": {
            "acc": [
                0.7819612590799031,
                0.010182454553663109
            ]
        },
        "lm_val": [
            {
                "acc": [
                    0.5208232445520582,
                    0.013053744619064446
                ]
            }
        ],
        "lm_test": {
            "acc": [
                0.5290556900726392,
                0.0
            ]
        },
        "tuned_em_val": [
            {
                "acc": [
                    1.0,
                    0.0
                ]
            }
        ],
        "tuned_em_test": {
            "acc": [
                0.8728813559322033,
                0.003809233104734225
            ]
        }
    },
    "1.0": {
        "em_test": {
            "acc": [
                0.7693704600484261,
                0.006751498059854086
            ]
        },
        "em_val": {
            "acc": [
                0.7797276853252647,
                0.006819623400656352
            ]
        },
        "lm_val": [
            {
                "acc": [
                    0.5197579425113463,
                    0.001661667802450362
                ]
            }
        ],
        "lm_test": {
            "acc": [
                0.5290556900726392,
                0.0
            ]
        },
        "tuned_em_val": [
            {
                "acc": [
                    1.0,
                    0.0
                ]
            }
        ],
        "tuned_em_test": {
            "acc": [
                0.8887409200968523,
                0.003119636495575085
            ]
        }
    }
}