{
    "0.0625": {
        "em_test": {
            "acc": [
                0.7616222760290557,
                0.005747737273834979
            ]
        },
        "em_val": {
            "acc": [
                0.7844660194174757,
                0.0313999254928082
            ]
        },
        "lm_val": [
            {
                "acc": [
                    0.5320388349514562,
                    0.030793692285735336
                ]
            }
        ],
        "lm_test": {
            "acc": [
                0.5290556900726392,
                0.0
            ]
        },
        "tuned_em_val": [
            {
                "acc": [
                    1.0,
                    0.0
                ]
            }
        ],
        "tuned_em_test": {
            "acc": [
                0.8177966101694916,
                0.006933569522167747
            ]
        }
    },
    "0.125": {
        "em_test": {
            "acc": [
                0.7697336561743342,
                0.006251007575508763
            ]
        },
        "em_val": {
            "acc": [
                0.7927360774818402,
                0.025560567981397882
            ]
        },
        "lm_val": [
            {
                "acc": [
                    0.535593220338983,
                    0.03132389661752296
                ]
            }
        ],
        "lm_test": {
            "acc": [
                0.5290556900726392,
                0.0
            ]
        },
        "tuned_em_val": [
            {
                "acc": [
                    1.0,
                    0.0
                ]
            }
        ],
        "tuned_em_test": {
            "acc": [
                0.8391041162227604,
                0.0074472428567698415
            ]
        }
    },
    "0.25": {
        "em_test": {
            "acc": [
                0.7694915254237289,
                0.005486813168825485
            ]
        },
        "em_val": {
            "acc": [
                0.7876513317191284,
                0.015439514350537416
            ]
        },
        "lm_val": [
            {
                "acc": [
                    0.5307506053268766,
                    0.021853557810259206
                ]
            }
        ],
        "lm_test": {
            "acc": [
                0.5290556900726392,
                0.0
            ]
        },
        "tuned_em_val": [
            {
                "acc": [
                    1.0,
                    0.0
                ]
            }
        ],
        "tuned_em_test": {
            "acc": [
                0.8553268765133172,
                0.0075313951646468775
            ]
        }
    },
    "0.5": {
        "em_test": {
            "acc": [
                0.7673123486682808,
                0.005462718727689348
            ]
        },
        "em_val": {
            "acc": [
                0.7805084745762713,
                0.011066726277991708
            ]
        },
        "lm_val": [
            {
                "acc": [
                    0.5208232445520582,
                    0.013053744619064446
                ]
            }
        ],
        "lm_test": {
            "acc": [
                0.5290556900726392,
                0.0
            ]
        },
        "tuned_em_val": [
            {
                "acc": [
                    1.0,
                    0.0
                ]
            }
        ],
        "tuned_em_test": {
            "acc": [
                0.8696125907990314,
                0.005087627455072817
            ]
        }
    },
    "1.0": {
        "em_test": {
            "acc": [
                0.7717917675544794,
                0.0073342039858891005
            ]
        },
        "em_val": {
            "acc": [
                0.7772465960665659,
                0.005764450567799029
            ]
        },
        "lm_val": [
            {
                "acc": [
                    0.5197579425113463,
                    0.001661667802450362
                ]
            }
        ],
        "lm_test": {
            "acc": [
                0.5290556900726392,
                0.0
            ]
        },
        "tuned_em_val": [
            {
                "acc": [
                    1.0,
                    0.0
                ]
            }
        ],
        "tuned_em_test": {
            "acc": [
                0.8859564164648912,
                0.004239017288138417
            ]
        }
    }
}