{
    "0.0625": {
        "em_test": {
            "acc": [
                0.7369249394673124,
                0.0077576364860052335
            ]
        },
        "em_val": {
            "acc": [
                0.7533980582524272,
                0.013522707065227296
            ]
        },
        "lm_val": [
            {
                "acc": [
                    0.5233009708737864,
                    0.027184466019417465
                ]
            }
        ],
        "lm_test": {
            "acc": [
                0.5393462469733656,
                0.0
            ]
        },
        "tuned_em_val": [
            {
                "acc": [
                    1.0,
                    0.0
                ]
            }
        ],
        "tuned_em_test": {
            "acc": [
                0.8135593220338982,
                0.004766348592016853
            ]
        }
    },
    "0.125": {
        "em_test": {
            "acc": [
                0.7458837772397096,
                0.006166020134744239
            ]
        },
        "em_val": {
            "acc": [
                0.7588377723970945,
                0.01192109794197694
            ]
        },
        "lm_val": [
            {
                "acc": [
                    0.5399515738498789,
                    0.03532122523740525
                ]
            }
        ],
        "lm_test": {
            "acc": [
                0.5393462469733656,
                0.0
            ]
        },
        "tuned_em_val": [
            {
                "acc": [
                    1.0,
                    0.0
                ]
            }
        ],
        "tuned_em_test": {
            "acc": [
                0.8331719128329299,
                0.011890321059052512
            ]
        }
    },
    "0.25": {
        "em_test": {
            "acc": [
                0.7443099273607748,
                0.007738720007020288
            ]
        },
        "em_val": {
            "acc": [
                0.7578692493946733,
                0.00980554805390635
            ]
        },
        "lm_val": [
            {
                "acc": [
                    0.5394673123486683,
                    0.016976802075504234
                ]
            }
        ],
        "lm_test": {
            "acc": [
                0.5393462469733656,
                0.0
            ]
        },
        "tuned_em_val": [
            {
                "acc": [
                    1.0,
                    0.0
                ]
            }
        ],
        "tuned_em_test": {
            "acc": [
                0.8570217917675544,
                0.00881701765425334
            ]
        }
    },
    "0.5": {
        "em_test": {
            "acc": [
                0.7426150121065375,
                0.007914750183380713
            ]
        },
        "em_val": {
            "acc": [
                0.7564164648910412,
                0.00562139794975493
            ]
        },
        "lm_val": [
            {
                "acc": [
                    0.5343825665859565,
                    0.013197791840108138
                ]
            }
        ],
        "lm_test": {
            "acc": [
                0.5393462469733656,
                0.0
            ]
        },
        "tuned_em_val": [
            {
                "acc": [
                    0.9998789346246972,
                    0.00024213075060530714
                ]
            }
        ],
        "tuned_em_test": {
            "acc": [
                0.8705811138014529,
                0.008649186973119493
            ]
        }
    },
    "1.0": {
        "em_test": {
            "acc": [
                0.7426150121065375,
                0.007914750183380713
            ]
        },
        "em_val": {
            "acc": [
                0.7596369137670197,
                0.004839636677308865
            ]
        },
        "lm_val": [
            {
                "acc": [
                    0.5348865355521937,
                    0.0013852372940707668
                ]
            }
        ],
        "lm_test": {
            "acc": [
                0.5393462469733656,
                0.0
            ]
        },
        "tuned_em_val": [
            {
                "acc": [
                    0.999697428139183,
                    0.0
                ]
            }
        ],
        "tuned_em_test": {
            "acc": [
                0.8861985472154963,
                0.00412333810312987
            ]
        }
    }
}