{
    "0.0625": {
        "em_test": {
            "acc": [
                0.4280430396772024,
                0.0
            ]
        },
        "em_val": {
            "acc": [
                0.4668304668304668,
                0.0
            ]
        }
    },
    "0.125": {
        "em_test": {
            "acc": [
                0.5551445864156019,
                0.0
            ]
        },
        "em_val": {
            "acc": [
                0.5823095823095823,
                0.0
            ]
        }
    },
    "0.25": {
        "em_test": {
            "acc": [
                0.683591123066577,
                0.0
            ]
        },
        "em_val": {
            "acc": [
                0.7174447174447175,
                0.0
            ]
        }
    },
    "0.5": {
        "em_test": {
            "acc": [
                0.7737054472091459,
                0.0
            ]
        },
        "em_val": {
            "acc": [
                0.7862407862407862,
                0.0
            ]
        }
    },
    "1.0": {
        "em_test": {
            "acc": [
                0.8093476798924009,
                0.0
            ]
        },
        "em_val": {
            "acc": [
                0.8181818181818182,
                0.0
            ]
        }
    }
}