{
    "0.0625": {
        "em_test": {
            "acc": [
                0.6514935064935065,
                0.007037595113551952
            ]
        },
        "em_val": {
            "acc": [
                0.7096774193548387,
                0.05679618342470648
            ]
        },
        "lm_val": [
            {
                "acc": [
                    0.3870967741935484,
                    0.05679618342470649
                ]
            }
        ],
        "lm_test": {
            "acc": [
                0.43701298701298696,
                5.551115123125783e-17
            ]
        },
        "tuned_em_val": [
            {
                "acc": [
                    1.0,
                    0.0
                ]
            }
        ],
        "tuned_em_test": {
            "acc": [
                0.5651948051948052,
                0.026201439514258178
            ]
        }
    },
    "0.125": {
        "em_test": {
            "acc": [
                0.6540259740259741,
                0.007613203681665986
            ]
        },
        "em_val": {
            "acc": [
                0.6495999999999998,
                0.04915933278635908
            ]
        },
        "lm_val": [
            {
                "acc": [
                    0.3856,
                    0.04941902467673761
                ]
            }
        ],
        "lm_test": {
            "acc": [
                0.43701298701298696,
                5.551115123125783e-17
            ]
        },
        "tuned_em_val": [
            {
                "acc": [
                    1.0,
                    0.0
                ]
            }
        ],
        "tuned_em_test": {
            "acc": [
                0.6664935064935065,
                0.015165361638436372
            ]
        }
    },
    "0.25": {
        "em_test": {
            "acc": [
                0.655064935064935,
                0.005781044510144166
            ]
        },
        "em_val": {
            "acc": [
                0.6448,
                0.023103246525109863
            ]
        },
        "lm_val": [
            {
                "acc": [
                    0.3952,
                    0.015051910177781415
                ]
            }
        ],
        "lm_test": {
            "acc": [
                0.43701298701298696,
                5.551115123125783e-17
            ]
        },
        "tuned_em_val": [
            {
                "acc": [
                    1.0,
                    0.0
                ]
            }
        ],
        "tuned_em_test": {
            "acc": [
                0.7519480519480519,
                0.01502233115939869
            ]
        }
    },
    "0.5": {
        "em_test": {
            "acc": [
                0.6549350649350649,
                0.007565422758929986
            ]
        },
        "em_val": {
            "acc": [
                0.6407999999999999,
                0.01699882348870064
            ]
        },
        "lm_val": [
            {
                "acc": [
                    0.406,
                    0.026653329998332295
                ]
            }
        ],
        "lm_test": {
            "acc": [
                0.43701298701298696,
                5.551115123125783e-17
            ]
        },
        "tuned_em_val": [
            {
                "acc": [
                    1.0,
                    0.0
                ]
            }
        ],
        "tuned_em_test": {
            "acc": [
                0.8217532467532468,
                0.00978776295138532
            ]
        }
    },
    "1.0": {
        "em_test": {
            "acc": [
                0.6633116883116884,
                0.005390001550505745
            ]
        },
        "em_val": {
            "acc": [
                0.6352,
                0.003310589071449373
            ]
        },
        "lm_val": [
            {
                "acc": [
                    0.41080000000000005,
                    0.006645299090334445
                ]
            }
        ],
        "lm_test": {
            "acc": [
                0.43701298701298696,
                5.551115123125783e-17
            ]
        },
        "tuned_em_val": [
            {
                "acc": [
                    1.0,
                    0.0
                ]
            }
        ],
        "tuned_em_test": {
            "acc": [
                0.8653896103896104,
                0.002310447646059377
            ]
        }
    }
}