{
    "0.0625": {
        "em_test": {
            "f1_micro": [
                0.5167392657125077,
                0.02176584143506488
            ]
        },
        "em_val": {
            "f1_micro": [
                0.54,
                0.05830951894845301
            ]
        },
        "lm_val": [
            {
                "f1_micro": [
                    0.48599999999999993,
                    0.050833060108555345
                ]
            }
        ],
        "lm_test": {
            "f1_micro": [
                0.46160547604231483,
                0.0365640875845895
            ]
        },
        "tuned_em_val": [
            {
                "f1_micro": [
                    1.0,
                    0.0
                ]
            }
        ],
        "tuned_em_test": {
            "f1_micro": [
                0.6041070317361543,
                0.031601407513942525
            ]
        }
    },
    "0.125": {
        "em_test": {
            "f1_micro": [
                0.5066583696328563,
                0.031611208831563604
            ]
        },
        "em_val": {
            "f1_micro": [
                0.5050000000000001,
                0.029664793948382662
            ]
        },
        "lm_val": [
            {
                "f1_micro": [
                    0.43900000000000006,
                    0.031048349392520023
                ]
            }
        ],
        "lm_test": {
            "f1_micro": [
                0.4227753578095831,
                0.010861194389183038
            ]
        },
        "tuned_em_val": [
            {
                "f1_micro": [
                    1.0,
                    0.0
                ]
            }
        ],
        "tuned_em_test": {
            "f1_micro": [
                0.6433105164903548,
                0.006102128523774152
            ]
        }
    },
    "0.25": {
        "em_test": {
            "f1_micro": [
                0.5112632233976353,
                0.015617058691560822
            ]
        },
        "em_val": {
            "f1_micro": [
                0.5047381546134664,
                0.022942643391521196
            ]
        },
        "lm_val": [
            {
                "f1_micro": [
                    0.41396508728179554,
                    0.027499349131352054
                ]
            }
        ],
        "lm_test": {
            "f1_micro": [
                0.41032980709396394,
                0.0016510888813219176
            ]
        },
        "tuned_em_val": [
            {
                "f1_micro": [
                    1.0,
                    0.0
                ]
            }
        ],
        "tuned_em_test": {
            "f1_micro": [
                0.691599253266957,
                0.013068420883234238
            ]
        }
    },
    "0.5": {
        "em_test": {
            "f1_micro": [
                0.501929060360921,
                0.011758246490535586
            ]
        },
        "em_val": {
            "f1_micro": [
                0.5041095890410958,
                0.012463258782761456
            ]
        },
        "lm_val": [
            {
                "f1_micro": [
                    0.41120797011207966,
                    0.020992585310789996
                ]
            }
        ],
        "lm_test": {
            "f1_micro": [
                0.40497822028624764,
                0.0045285389915768965
            ]
        },
        "tuned_em_val": [
            {
                "f1_micro": [
                    0.9992528019925281,
                    0.0006100846183768837
                ]
            }
        ],
        "tuned_em_test": {
            "f1_micro": [
                0.7667703795892968,
                0.005816214783097907
            ]
        }
    },
    "1.0": {
        "em_test": {
            "f1_micro": [
                0.49894212818917233,
                0.010288489202459415
            ]
        },
        "em_val": {
            "f1_micro": [
                0.4944617299315494,
                0.01104503185181521
            ]
        },
        "lm_val": [
            {
                "f1_micro": [
                    0.41132545115121344,
                    0.0
                ]
            }
        ],
        "lm_test": {
            "f1_micro": [
                0.40634723086496577,
                0.0
            ]
        },
        "tuned_em_val": [
            {
                "f1_micro": [
                    0.9993777224642191,
                    0.0
                ]
            }
        ],
        "tuned_em_test": {
            "f1_micro": [
                0.8133167392657124,
                0.0021912653219239076
            ]
        }
    }
}