{
    "0.0625": {
        "em_test": {
            "f1_micro": [
                0.5800871188550094,
                0.02350661113242238
            ]
        },
        "em_val": {
            "f1_micro": [
                0.634,
                0.03261901286060017
            ]
        },
        "lm_val": [
            {
                "f1_micro": [
                    0.558,
                    0.03370459909270542
                ]
            }
        ],
        "lm_test": {
            "f1_micro": [
                0.5121344119477287,
                0.0
            ]
        },
        "tuned_em_val": [
            {
                "f1_micro": [
                    1.0,
                    0.0
                ]
            }
        ],
        "tuned_em_test": {
            "f1_micro": [
                0.6261356565028002,
                0.01334288415102737
            ]
        }
    },
    "0.125": {
        "em_test": {
            "f1_micro": [
                0.5783447417548226,
                0.016820381648305367
            ]
        },
        "em_val": {
            "f1_micro": [
                0.6100000000000001,
                0.025298221281347056
            ]
        },
        "lm_val": [
            {
                "f1_micro": [
                    0.5269999999999999,
                    0.030430248109405877
                ]
            }
        ],
        "lm_test": {
            "f1_micro": [
                0.5121344119477287,
                0.0
            ]
        },
        "tuned_em_val": [
            {
                "f1_micro": [
                    1.0,
                    0.0
                ]
            }
        ],
        "tuned_em_test": {
            "f1_micro": [
                0.6677037958929684,
                0.008559426939165834
            ]
        }
    },
    "0.25": {
        "em_test": {
            "f1_micro": [
                0.5975108898568762,
                0.01193345963944557
            ]
        },
        "em_val": {
            "f1_micro": [
                0.600498753117207,
                0.00825583309588373
            ]
        },
        "lm_val": [
            {
                "f1_micro": [
                    0.5226932668329177,
                    0.029991613722439713
                ]
            }
        ],
        "lm_test": {
            "f1_micro": [
                0.5121344119477287,
                0.0
            ]
        },
        "tuned_em_val": [
            {
                "f1_micro": [
                    1.0,
                    0.0
                ]
            }
        ],
        "tuned_em_test": {
            "f1_micro": [
                0.7198506533914126,
                0.010098550230292892
            ]
        }
    },
    "0.5": {
        "em_test": {
            "f1_micro": [
                0.6012445550715619,
                0.007982634828039611
            ]
        },
        "em_val": {
            "f1_micro": [
                0.6092154420921544,
                0.006608467826361969
            ]
        },
        "lm_val": [
            {
                "f1_micro": [
                    0.5180572851805728,
                    0.01783910792475218
                ]
            }
        ],
        "lm_test": {
            "f1_micro": [
                0.5121344119477287,
                0.0
            ]
        },
        "tuned_em_val": [
            {
                "f1_micro": [
                    0.9992528019925281,
                    0.0006100846183768837
                ]
            }
        ],
        "tuned_em_test": {
            "f1_micro": [
                0.7804604853764779,
                0.006076692279145577
            ]
        }
    },
    "1.0": {
        "em_test": {
            "f1_micro": [
                0.5892968263845676,
                0.01456182618870319
            ]
        },
        "em_val": {
            "f1_micro": [
                0.6080896079651523,
                0.004001975156394163
            ]
        },
        "lm_val": [
            {
                "f1_micro": [
                    0.5233354075917859,
                    0.006597315883359599
                ]
            }
        ],
        "lm_test": {
            "f1_micro": [
                0.5121344119477287,
                0.0
            ]
        },
        "tuned_em_val": [
            {
                "f1_micro": [
                    0.9993777224642191,
                    0.0
                ]
            }
        ],
        "tuned_em_test": {
            "f1_micro": [
                0.8180460485376478,
                0.005751945243704473
            ]
        }
    }
}