{
    "0.0625": {
        "em_test": {
            "f1_micro": [
                0.4962041070317361,
                0.03253410739513529
            ]
        },
        "em_val": {
            "f1_micro": [
                1.0,
                0.0
            ]
        },
        "lm_val": [
            {}
        ],
        "lm_test": {}
    },
    "0.125": {
        "em_test": {
            "f1_micro": [
                0.5767268201617922,
                0.016094748635048884
            ]
        },
        "em_val": {
            "f1_micro": [
                1.0,
                0.0
            ]
        },
        "lm_val": [
            {}
        ],
        "lm_test": {}
    },
    "0.25": {
        "em_test": {
            "f1_micro": [
                0.6771624144368389,
                0.028444005979141637
            ]
        },
        "em_val": {
            "f1_micro": [
                1.0,
                0.0
            ]
        },
        "lm_val": [
            {}
        ],
        "lm_test": {}
    },
    "0.5": {
        "em_test": {
            "f1_micro": [
                0.7688861232109521,
                0.012548423621174807
            ]
        },
        "em_val": {
            "f1_micro": [
                0.9992528019925281,
                0.0006100846183768837
            ]
        },
        "lm_val": [
            {}
        ],
        "lm_test": {}
    },
    "1.0": {
        "em_test": {
            "f1_micro": [
                0.8210329807093963,
                0.007400656501465373
            ]
        },
        "em_val": {
            "f1_micro": [
                0.9993777224642191,
                0.0
            ]
        },
        "lm_val": [
            {}
        ],
        "lm_test": {}
    }
}