{
    "0.0625": {
        "em_test": {
            "f1_micro": [
                0.5499688861232109,
                0.014148571490849839
            ]
        },
        "em_val": {
            "f1_micro": [
                0.59,
                0.03847076812334267
            ]
        },
        "lm_val": [
            {
                "f1_micro": [
                    0.54,
                    0.07127411872482184
                ]
            }
        ],
        "lm_test": {
            "f1_micro": [
                0.5192283758556316,
                0.04755535964767042
            ]
        },
        "tuned_em_val": [
            {
                "f1_micro": [
                    1.0,
                    0.0
                ]
            }
        ],
        "tuned_em_test": {
            "f1_micro": [
                0.6168014934660858,
                0.01158439455205486
            ]
        }
    },
    "0.125": {
        "em_test": {
            "f1_micro": [
                0.5461107654013689,
                0.03323824261374384
            ]
        },
        "em_val": {
            "f1_micro": [
                0.571,
                0.04586937976471885
            ]
        },
        "lm_val": [
            {
                "f1_micro": [
                    0.518,
                    0.04894895300208167
                ]
            }
        ],
        "lm_test": {
            "f1_micro": [
                0.5115121344119478,
                0.05045439153857994
            ]
        },
        "tuned_em_val": [
            {
                "f1_micro": [
                    1.0,
                    0.0
                ]
            }
        ],
        "tuned_em_test": {
            "f1_micro": [
                0.6485376477909148,
                0.014717357061948466
            ]
        }
    },
    "0.25": {
        "em_test": {
            "f1_micro": [
                0.579215930304916,
                0.017606825768881774
            ]
        },
        "em_val": {
            "f1_micro": [
                0.5955112219451372,
                0.012754824790568003
            ]
        },
        "lm_val": [
            {
                "f1_micro": [
                    0.5461346633416458,
                    0.017277314788717007
                ]
            }
        ],
        "lm_test": {
            "f1_micro": [
                0.5373988799004356,
                0.0018709765249997237
            ]
        },
        "tuned_em_val": [
            {
                "f1_micro": [
                    1.0,
                    0.0
                ]
            }
        ],
        "tuned_em_test": {
            "f1_micro": [
                0.7113876789047915,
                0.016531514541202566
            ]
        }
    },
    "0.5": {
        "em_test": {
            "f1_micro": [
                0.5678904791537025,
                0.029847534057417805
            ]
        },
        "em_val": {
            "f1_micro": [
                0.5711083437110835,
                0.026153116263209757
            ]
        },
        "lm_val": [
            {
                "f1_micro": [
                    0.5198007471980075,
                    0.05792377825513367
                ]
            }
        ],
        "lm_test": {
            "f1_micro": [
                0.5142501555693839,
                0.049596105179404375
            ]
        },
        "tuned_em_val": [
            {
                "f1_micro": [
                    0.9992528019925281,
                    0.0006100846183768837
                ]
            }
        ],
        "tuned_em_test": {
            "f1_micro": [
                0.766894835096453,
                0.00901422225873393
            ]
        }
    },
    "1.0": {
        "em_test": {
            "f1_micro": [
                0.5833229620410704,
                0.01471314668936568
            ]
        },
        "em_val": {
            "f1_micro": [
                0.5892968263845675,
                0.009051946009193868
            ]
        },
        "lm_val": [
            {
                "f1_micro": [
                    0.547355320472931,
                    0.0004978220286247893
                ]
            }
        ],
        "lm_test": {
            "f1_micro": [
                0.5395146235220909,
                0.0
            ]
        },
        "tuned_em_val": [
            {
                "f1_micro": [
                    0.9993777224642191,
                    0.0
                ]
            }
        ],
        "tuned_em_test": {
            "f1_micro": [
                0.8143123833229622,
                0.004101370766218801
            ]
        }
    }
}