{
    "0.0625": {
        "em_test": {
            "acc": [
                0.7661016949152543,
                0.015468914846765266
            ]
        },
        "em_val": {
            "acc": [
                1.0,
                0.0
            ]
        },
        "lm_val": [
            {}
        ],
        "lm_test": {}
    },
    "0.125": {
        "em_test": {
            "acc": [
                0.8228813559322032,
                0.005029679921995394
            ]
        },
        "em_val": {
            "acc": [
                1.0,
                0.0
            ]
        },
        "lm_val": [
            {}
        ],
        "lm_test": {}
    },
    "0.25": {
        "em_test": {
            "acc": [
                0.8513317191283292,
                0.005159146671346848
            ]
        },
        "em_val": {
            "acc": [
                1.0,
                0.0
            ]
        },
        "lm_val": [
            {}
        ],
        "lm_test": {}
    },
    "0.5": {
        "em_test": {
            "acc": [
                0.8702179176755447,
                0.004341506314053545
            ]
        },
        "em_val": {
            "acc": [
                0.9998789346246972,
                0.00024213075060530714
            ]
        },
        "lm_val": [
            {}
        ],
        "lm_test": {}
    },
    "1.0": {
        "em_test": {
            "acc": [
                0.8886198547215496,
                0.0010129056011308128
            ]
        },
        "em_val": {
            "acc": [
                0.999697428139183,
                0.0
            ]
        },
        "lm_val": [
            {}
        ],
        "lm_test": {}
    }
}