{
    "0.0625": {
        "em_test": {
            "acc": [
                0.7371670702179177,
                0.003930431738679892
            ]
        },
        "em_val": {
            "acc": [
                0.7563106796116505,
                0.01720392732686344
            ]
        },
        "lm_val": [
            {
                "acc": [
                    0.5233009708737864,
                    0.027184466019417465
                ]
            }
        ],
        "lm_test": {
            "acc": [
                0.5393462469733656,
                0.0
            ]
        },
        "tuned_em_val": [
            {
                "acc": [
                    1.0,
                    0.0
                ]
            }
        ],
        "tuned_em_test": {
            "acc": [
                0.8117433414043583,
                0.004314413966393576
            ]
        }
    },
    "0.125": {
        "em_test": {
            "acc": [
                0.7401937046004844,
                0.007227511649684894
            ]
        },
        "em_val": {
            "acc": [
                0.7598062953995157,
                0.014479337905787931
            ]
        },
        "lm_val": [
            {
                "acc": [
                    0.5399515738498789,
                    0.03532122523740525
                ]
            }
        ],
        "lm_test": {
            "acc": [
                0.5393462469733656,
                0.0
            ]
        },
        "tuned_em_val": [
            {
                "acc": [
                    1.0,
                    0.0
                ]
            }
        ],
        "tuned_em_test": {
            "acc": [
                0.837409200968523,
                0.007566343821791652
            ]
        }
    },
    "0.25": {
        "em_test": {
            "acc": [
                0.7418886198547215,
                0.006648682914162722
            ]
        },
        "em_val": {
            "acc": [
                0.7581113801452785,
                0.011211464312629765
            ]
        },
        "lm_val": [
            {
                "acc": [
                    0.5394673123486683,
                    0.016976802075504234
                ]
            }
        ],
        "lm_test": {
            "acc": [
                0.5393462469733656,
                0.0
            ]
        },
        "tuned_em_val": [
            {
                "acc": [
                    1.0,
                    0.0
                ]
            }
        ],
        "tuned_em_test": {
            "acc": [
                0.8575060532687651,
                0.006548730429200258
            ]
        }
    },
    "0.5": {
        "em_test": {
            "acc": [
                0.7451573849878935,
                0.004781699190830871
            ]
        },
        "em_val": {
            "acc": [
                0.760048426150121,
                0.005435821869405256
            ]
        },
        "lm_val": [
            {
                "acc": [
                    0.5343825665859565,
                    0.013197791840108138
                ]
            }
        ],
        "lm_test": {
            "acc": [
                0.5393462469733656,
                0.0
            ]
        },
        "tuned_em_val": [
            {
                "acc": [
                    0.9998789346246972,
                    0.00024213075060530714
                ]
            }
        ],
        "tuned_em_test": {
            "acc": [
                0.8720338983050848,
                0.0038015298954255806
            ]
        }
    },
    "1.0": {
        "em_test": {
            "acc": [
                0.7468523002421307,
                0.0050413227151712165
            ]
        },
        "em_val": {
            "acc": [
                0.7633888048411497,
                0.003769418820550044
            ]
        },
        "lm_val": [
            {
                "acc": [
                    0.5348865355521937,
                    0.0013852372940707668
                ]
            }
        ],
        "lm_test": {
            "acc": [
                0.5393462469733656,
                0.0
            ]
        },
        "tuned_em_val": [
            {
                "acc": [
                    0.999697428139183,
                    0.0
                ]
            }
        ],
        "tuned_em_test": {
            "acc": [
                0.8857142857142858,
                0.0023097801487093022
            ]
        }
    }
}