{
    "0.0625": {
        "em_test": {
            "acc": [
                0.7483050847457627,
                0.004004318500857438
            ]
        },
        "em_val": {
            "acc": [
                0.7757281553398058,
                0.022224316781086585
            ]
        },
        "lm_val": [
            {
                "acc": [
                    0.541747572815534,
                    0.028570755280703214
                ]
            }
        ],
        "lm_test": {
            "acc": [
                0.5550847457627118,
                0.0
            ]
        },
        "tuned_em_val": [
            {
                "acc": [
                    1.0,
                    0.0
                ]
            }
        ],
        "tuned_em_test": {
            "acc": [
                0.8227602905569009,
                0.010008233745975979
            ]
        }
    },
    "0.125": {
        "em_test": {
            "acc": [
                0.7506053268765134,
                0.0049769503126136675
            ]
        },
        "em_val": {
            "acc": [
                0.7796610169491526,
                0.020083720439058324
            ]
        },
        "lm_val": [
            {
                "acc": [
                    0.5602905569007264,
                    0.02677050839919664
                ]
            }
        ],
        "lm_test": {
            "acc": [
                0.5550847457627118,
                0.0
            ]
        },
        "tuned_em_val": [
            {
                "acc": [
                    1.0,
                    0.0
                ]
            }
        ],
        "tuned_em_test": {
            "acc": [
                0.8426150121065374,
                0.008637316698177744
            ]
        }
    },
    "0.25": {
        "em_test": {
            "acc": [
                0.7501210653753028,
                0.006842068353968414
            ]
        },
        "em_val": {
            "acc": [
                0.7702179176755448,
                0.010198275878282169
            ]
        },
        "lm_val": [
            {
                "acc": [
                    0.552542372881356,
                    0.017301762794140283
                ]
            }
        ],
        "lm_test": {
            "acc": [
                0.5550847457627118,
                0.0
            ]
        },
        "tuned_em_val": [
            {
                "acc": [
                    1.0,
                    0.0
                ]
            }
        ],
        "tuned_em_test": {
            "acc": [
                0.8651331719128329,
                0.004454811015247965
            ]
        }
    },
    "0.5": {
        "em_test": {
            "acc": [
                0.7526634382566586,
                0.005381624883993435
            ]
        },
        "em_val": {
            "acc": [
                0.7682808716707022,
                0.005184652083623218
            ]
        },
        "lm_val": [
            {
                "acc": [
                    0.5475786924939468,
                    0.00894246262112319
                ]
            }
        ],
        "lm_test": {
            "acc": [
                0.5550847457627118,
                0.0
            ]
        },
        "tuned_em_val": [
            {
                "acc": [
                    1.0,
                    0.0
                ]
            }
        ],
        "tuned_em_test": {
            "acc": [
                0.8807506053268765,
                0.003751073458796551
            ]
        }
    },
    "1.0": {
        "em_test": {
            "acc": [
                0.75363196125908,
                0.005980188394783775
            ]
        },
        "em_val": {
            "acc": [
                0.7694402420574886,
                0.0035953889930439636
            ]
        },
        "lm_val": [
            {
                "acc": [
                    0.550196671709531,
                    0.0025716828273374395
                ]
            }
        ],
        "lm_test": {
            "acc": [
                0.5550847457627118,
                0.0
            ]
        },
        "tuned_em_val": [
            {
                "acc": [
                    1.0,
                    0.0
                ]
            }
        ],
        "tuned_em_test": {
            "acc": [
                0.8947941888619855,
                0.002717910934702652
            ]
        }
    }
}