{"0.0625": {"lm_val": {"acc": [0.9714285714285715, 0.05714285714285716]}, "lm_test": {"acc": [0.7656000000000001, 0.03964643741876441]}, "em_test": {"acc": [0.8416, 0.04522654088032822]}, "em_val": {"acc": [1.0, 0.0]}}, "0.125": {"lm_val": {"acc": [1.0, 0.0]}, "lm_test": {"acc": [0.8240000000000001, 0.026290682760247944]}, "em_test": {"acc": [0.8776000000000002, 0.06106259083923643]}, "em_val": {"acc": [0.9866666666666667, 0.02666666666666666]}}, "0.25": {"lm_val": {"acc": [0.8333333333333334, 0.0]}, "lm_test": {"acc": [0.8008000000000001, 0.009599999999999964]}, "em_test": {"acc": [0.8712, 0.019497692171126322]}, "em_val": {"acc": [0.9266666666666667, 0.01333333333333333]}}, "0.5": {"lm_val": {"acc": [0.8233333333333333, 0.020000000000000018]}, "lm_test": {"acc": [0.8448, 0.005878775382679633]}, "em_test": {"acc": [0.9, 0.024396721091163073]}, "em_val": {"acc": [0.9099999999999999, 0.016996731711975955]}}, "1.0": {"lm_val": {"acc": [0.8416666666666666, 1.1102230246251565e-16]}, "lm_test": {"acc": [0.8400000000000001, 1.1102230246251565e-16]}, "em_test": {"acc": [0.9176, 0.014880860190190599]}, "em_val": {"acc": [0.9200000000000002, 0.010000000000000009]}}}