{
    "0.5": {
        "em_test": {
            "acc": [
                0.9616,
                0.014444376068214203
            ]
        },
        "em_val": {
            "acc": [
                0.9533333333333334,
                0.008498365855987991
            ]
        }
    },
    "0.25": {
        "em_test": {
            "acc": [
                0.9431999999999998,
                0.016473008225579164
            ]
        },
        "em_val": {
            "acc": [
                0.945,
                0.004082482904638615
            ]
        }
    },
    "0.375": {
        "em_test": {
            "acc": [
                0.9583999999999999,
                0.00741889479639657
            ]
        },
        "em_val": {
            "acc": [
                0.9483333333333335,
                0.011055415967851331
            ]
        }
    },
    "0.3125": {
        "em_test": {
            "acc": [
                0.9687999999999999,
                0.008541662601625057
            ]
        },
        "em_val": {
            "acc": [
                0.9450000000000001,
                0.006666666666666643
            ]
        }
    },
    "0.28125": {
        "em_test": {
            "acc": [
                0.9687999999999999,
                0.006881860213634108
            ]
        },
        "em_val": {
            "acc": [
                0.9400000000000001,
                0.006236095644623214
            ]
        }
    }
}