{"0.0625": {"lm_val": {"acc": [0.3870967741935484, 0.0]}, "lm_test": {"acc": [0.5, 0.0]}, "em_test": {"acc": [0.4048, 0.03198999843701154]}, "em_val": {"acc": [0.4258064516129032, 0.012903225806451602]}}, "0.125": {"lm_val": {"acc": [0.5, 0.0]}, "lm_test": {"acc": [0.5, 0.0]}, "em_test": {"acc": [0.49640000000000006, 0.005986651818838311]}, "em_val": {"acc": [0.5225806451612903, 0.0079015798154296]}}, "0.25": {"lm_val": {"acc": [0.472, 0.0]}, "lm_test": {"acc": [0.5, 0.0]}, "em_test": {"acc": [0.496, 0.015231546211727828]}, "em_val": {"acc": [0.4816, 0.005986651818838312]}}, "0.5": {"lm_val": {"acc": [0.548, 0.0]}, "lm_test": {"acc": [0.5, 0.0]}, "em_test": {"acc": [0.4624, 0.04987023160162784]}, "em_val": {"acc": [0.5536000000000001, 0.004079215610874232]}}, "1.0": {"lm_val": {"acc": [0.488, 0.0]}, "lm_test": {"acc": [0.5, 0.0]}, "em_test": {"acc": [0.4960000000000001, 0.03339461034358689]}, "em_val": {"acc": [0.4932, 0.005306599664568644]}}}