{"0.0625": {"lm_val": {"acc": [0.2903225806451613, 0.0]}, "lm_test": {"acc": [0.244, 0.0]}, "em_test": {"acc": [0.30560000000000004, 0.024212393520674495]}, "em_val": {"acc": [0.4580645161290323, 0.06255070783763003]}}, "0.125": {"lm_val": {"acc": [0.25806451612903225, 0.0]}, "lm_test": {"acc": [0.31, 0.0]}, "em_test": {"acc": [0.28280000000000005, 0.08403427872005564]}, "em_val": {"acc": [0.3806451612903226, 0.03620958761394137]}}, "0.25": {"lm_val": {"acc": [0.256, 0.0]}, "lm_test": {"acc": [0.294, 0.0]}, "em_test": {"acc": [0.21480000000000002, 0.07695817045642392]}, "em_val": {"acc": [0.30240000000000006, 0.022285421243494592]}}, "0.5": {"lm_val": {"acc": [0.252, 0.0]}, "lm_test": {"acc": [0.276, 0.0]}, "em_test": {"acc": [0.26239999999999997, 0.11556746947130062]}, "em_val": {"acc": [0.3472, 0.041830132679684384]}}, "1.0": {"lm_val": {"acc": [0.24, 0.0]}, "lm_test": {"acc": [0.314, 0.0]}, "em_test": {"acc": [0.3396, 0.020915066339842192]}, "em_val": {"acc": [0.3444, 0.021959963570097284]}}}