{"0.0625": {"lm_val": {"acc": [0.4129032258064516, 0.012903225806451623]}, "lm_test": {"acc": [0.5644, 0.02932302849297799]}, "em_test": {"acc": [0.5988, 0.02257786526667212]}, "em_val": {"acc": [0.5290322580645161, 0.03289690008769539]}}, "0.125": {"lm_val": {"acc": [0.5161290322580645, 0.0]}, "lm_test": {"acc": [0.5524, 0.027375901811629848]}, "em_test": {"acc": [0.538, 0.042180564244685005]}, "em_val": {"acc": [0.5709677419354838, 0.019354838709677455]}}, "0.25": {"lm_val": {"acc": [0.5072, 0.013948476619330168]}, "lm_test": {"acc": [0.5772, 0.003919183588453088]}, "em_test": {"acc": [0.6128, 0.041963793918090866]}, "em_val": {"acc": [0.5568000000000001, 0.01998399359487484]}}, "0.5": {"lm_val": {"acc": [0.552, 0.0]}, "lm_test": {"acc": [0.576, 0.0]}, "em_test": {"acc": [0.6108, 0.04033063351845592]}, "em_val": {"acc": [0.5824, 0.005425863986500219]}}, "1.0": {"lm_val": {"acc": [0.496, 0.0030983866769659363]}, "lm_test": {"acc": [0.5771999999999999, 0.0024000000000000024]}, "em_test": {"acc": [0.6224000000000001, 0.043806848779614355]}, "em_val": {"acc": [0.5576000000000001, 0.020293841430345287]}}}