{"0.0625": {"lm_val": {"acc": [0.4516129032258064, 5.551115123125783e-17]}, "lm_test": {"acc": [0.608, 0.0]}, "em_test": {"acc": [0.6312, 0.026551082840441765]}, "em_val": {"acc": [0.5612903225806452, 0.052413150997651356]}}, "0.125": {"lm_val": {"acc": [0.5161290322580645, 0.0]}, "lm_test": {"acc": [0.608, 0.0]}, "em_test": {"acc": [0.6264, 0.016119553343687924]}, "em_val": {"acc": [0.6, 0.0064516129032258]}}, "0.25": {"lm_val": {"acc": [0.496, 0.0]}, "lm_test": {"acc": [0.608, 0.0]}, "em_test": {"acc": [0.6376000000000001, 0.035830713082493935]}, "em_val": {"acc": [0.5776, 0.015512575543732242]}}, "0.5": {"lm_val": {"acc": [0.556, 0.0]}, "lm_test": {"acc": [0.608, 0.0]}, "em_test": {"acc": [0.6428, 0.0143443368616329]}, "em_val": {"acc": [0.6008, 0.014176036117335492]}}, "1.0": {"lm_val": {"acc": [0.512, 0.0]}, "lm_test": {"acc": [0.608, 0.0]}, "em_test": {"acc": [0.6636, 0.016847551750922167]}, "em_val": {"acc": [0.5728, 0.010322790320451133]}}}