{
    "em_test": {
        "acc": [
            0.6901541545363432,
            0.009412934031502949
        ]
    },
    "em_val": {
        "acc": [
            0.6965016942681239,
            0.009237113548869889
        ]
    }
}