{
    "0.5": {
        "em_test": {
            "acc": [
                0.9168499999999999,
                0.0017443559779407904
            ]
        },
        "em_val": {
            "acc": [
                0.9128166666666665,
                0.00300989110175841
            ]
        }
    },
    "0.25": {
        "em_test": {
            "acc": [
                0.9132833333333334,
                0.0018897383710744305
            ]
        },
        "em_val": {
            "acc": [
                0.9102666666666666,
                0.0025278449319529254
            ]
        }
    },
    "0.125": {
        "em_test": {
            "acc": [
                0.9103666666666665,
                0.0020706949987330044
            ]
        },
        "em_val": {
            "acc": [
                0.9086333333333332,
                0.001380016102965656
            ]
        }
    },
    "0.1875": {
        "em_test": {
            "acc": [
                0.9156666666666666,
                0.0011571036638473176
            ]
        },
        "em_val": {
            "acc": [
                0.9126333333333333,
                0.0018816364036539004
            ]
        }
    },
    "0.03125": {
        "em_test": {
            "acc": [
                0.8988833333333334,
                0.004234317470908933
            ]
        },
        "em_val": {
            "acc": [
                0.8954333333333333,
                0.0031110912697780123
            ]
        }
    }
}