{"em_val": {"acc": [0.8217666666666666, 0.05275023433333942]}, "em_test": {"acc": [0.8202333333333334, 0.05404058145916311]}}