{"em_val": {"f1_binary": [0.6719618572149096, 0.006579417774332913]}, "em_test": {"f1_binary": [0.6661384334608155, 0.009551824413026546]}}