{"em_val": {"f1_binary": [0.6589778165030428, 0.005293856632520239]}, "em_test": {"f1_binary": [0.6340110469648464, 0.00860430874510978]}}