{"em_val": {"acc": [0.8221530802738022, 0.0026224402620666485]}, "em_test": {"acc": [0.8230242688238955, 0.002445162751012907]}}