{"em_val": {"acc": [0.8776602364654635, 0.013186411908993813]}, "em_test": {"acc": [0.8738021157436217, 0.008296618948350468]}}