{"em_val": {"acc": [0.93536, 0.004176888794306126]}, "em_test": {"acc": [0.9364000000000001, 0.005215361924162129]}}