{"em_val": {"acc": [0.77744, 0.003627450895601469]}, "em_test": {"acc": [0.7854399999999999, 0.004557894250638096]}}