{"em_val": {"acc": [0.9516853932584268, 0.0027522356660485215]}, "em_test": {"acc": [0.9243333333333335, 0.0016996731711976037]}}