{"em_val": {"f1_binary": [0.9762267716535433, 0.00018515827976941368]}, "em_test": {"f1_binary": [0.9582308864429848, 0.004174534721839818]}}