{"em_val": {"f1_binary": [0.8776669622353053, 0.005881613802949565]}, "em_test": {"f1_binary": [0.8203021929768237, 0.011242356822848116]}}