{"em_val": {"acc": [0.9436, 0.00697423830966506]}, "em_test": {"acc": [0.9623999999999999, 0.007525955088890718]}}