{"0.0625": {"lm_val": {"acc": [0.4838709677419355, 0.0]}, "lm_test": {"acc": [0.608, 0.0]}, "em_test": {"acc": [0.6504000000000001, 0.026393938698117774]}, "em_val": {"acc": [0.5612903225806452, 0.015803159630859254]}}, "0.125": {"lm_val": {"acc": [0.5483870967741935, 0.0]}, "lm_test": {"acc": [0.608, 0.0]}, "em_test": {"acc": [0.6084, 0.0974096504459389]}, "em_val": {"acc": [0.6032258064516128, 0.05642856672430935]}}, "0.25": {"lm_val": {"acc": [0.45600000000000007, 5.551115123125783e-17]}, "lm_test": {"acc": [0.608, 0.0]}, "em_test": {"acc": [0.47040000000000004, 0.12636075340072964]}, "em_val": {"acc": [0.48319999999999996, 0.027988569095257442]}}, "0.5": {"lm_val": {"acc": [0.48, 0.0]}, "lm_test": {"acc": [0.608, 0.0]}, "em_test": {"acc": [0.5604, 0.10856445090359919]}, "em_val": {"acc": [0.5768000000000001, 0.031939943644283396]}}, "1": {"lm_val": {"acc": [0.518, 0.0]}, "lm_test": {"acc": [0.608, 0.0]}, "em_test": {"acc": [0.5076, 0.13747086964153532]}, "em_val": {"acc": [0.5664, 0.042828028205837344]}}}