{"em_val": {"acc": [0.8328947368421054, 0.054526925418254296]}, "em_test": {"acc": [0.85, 0.06252091062938846]}}