{"0.0625": {"lm_val": {"acc": [0.9428571428571428, 0.06998542122237654]}, "em_test": {"acc": [0.8624, 0.030209932141598714]}, "lm_test": {"acc": [0.8088000000000001, 0.03193994364428339]}, "em_val": {"acc": [0.9714285714285715, 0.05714285714285716]}}, "0.125": {"lm_val": {"acc": [0.9866666666666667, 0.02666666666666666]}, "em_test": {"acc": [0.7968, 0.13556164649339428]}, "lm_test": {"acc": [0.8056000000000001, 0.01834775190588752]}, "em_val": {"acc": [0.9199999999999999, 0.12927146286443544]}}, "0.25": {"lm_val": {"acc": [1.0, 0.0]}, "em_test": {"acc": [0.8560000000000001, 0.012132600710482493]}, "lm_test": {"acc": [0.8400000000000001, 0.012393546707863745]}, "em_val": {"acc": [0.9866666666666667, 0.016329931618554516]}}, "0.5": {"lm_val": {"acc": [0.9166666666666666, 0.03333333333333335]}, "em_test": {"acc": [0.8528, 0.02658119636133783]}, "lm_test": {"acc": [0.8336, 0.01708332520325007]}, "em_val": {"acc": [0.8833333333333334, 0.025819888974716106]}}, "1": {"lm_val": {"acc": [0.8216666666666667, 0.039999999999999994]}, "em_test": {"acc": [0.7911999999999999, 0.15614147431095943]}, "lm_test": {"acc": [0.8392, 0.0016000000000000014]}, "em_val": {"acc": [0.7733333333333334, 0.1494805821651911]}}}