{"0.0625": {"lm_val": {"acc": [0.8571428571428571, 0.0]}, "em_test": {"acc": [0.8208, 0.09185728060420686]}, "lm_test": {"acc": [0.8400000000000001, 1.1102230246251565e-16]}, "em_val": {"acc": [0.9714285714285715, 0.05714285714285716]}}, "0.125": {"lm_val": {"acc": [0.9333333333333333, 0.0]}, "em_test": {"acc": [0.8880000000000001, 0.014966629547095779]}, "lm_test": {"acc": [0.8400000000000001, 1.1102230246251565e-16]}, "em_val": {"acc": [0.9866666666666667, 0.02666666666666666]}}, "0.25": {"lm_val": {"acc": [0.9666666666666666, 1.1102230246251565e-16]}, "em_test": {"acc": [0.8128, 0.13997485488472564]}, "lm_test": {"acc": [0.8400000000000001, 1.1102230246251565e-16]}, "em_val": {"acc": [0.9066666666666666, 0.13888444437333108]}}, "0.5": {"lm_val": {"acc": [0.85, 0.0]}, "em_test": {"acc": [0.9064, 0.00741889479639657]}, "lm_test": {"acc": [0.8400000000000001, 1.1102230246251565e-16]}, "em_val": {"acc": [0.9199999999999999, 0.006666666666666687]}}, "1": {"lm_val": {"acc": [0.825, 0.0]}, "em_test": {"acc": [0.9016, 0.007838367176906178]}, "lm_test": {"acc": [0.8400000000000001, 1.1102230246251565e-16]}, "em_val": {"acc": [0.9033333333333333, 0.004082482904638616]}}}