{"0.0625": {"em_val": {"acc": [0.9714285714285715, 0.05714285714285716]}, "em_test": {"acc": [0.4904, 0.0274342851191716]}}, "0.125": {"em_val": {"acc": [0.9333333333333333, 0.0]}, "em_test": {"acc": [0.7367999999999999, 0.024053274205396675]}}, "0.25": {"em_val": {"acc": [0.9466666666666667, 0.01632993161855452]}, "em_test": {"acc": [0.7936000000000002, 0.010613199329137289]}}, "0.5": {"em_val": {"acc": [0.89, 0.1866666666666666]}, "em_test": {"acc": [0.7839999999999999, 0.12812493902437572]}}, "1": {"em_val": {"acc": [0.9816666666666667, 0.003333333333333322]}, "em_test": {"acc": [0.8664, 0.006499230723708773]}}}