{"em_val": {"acc": [0.9583333333333334, 0.005270462766947316]}, "em_test": {"acc": [0.9719999999999999, 0.011027239001672188]}}