{
    "0.0625": {
        "em_test": {
            "acc": [
                0.7468444444444444,
                0.010794054147458761
            ]
        },
        "em_val": {
            "acc": [
                0.76,
                0.027701027756664717
            ]
        },
        "lm_val": [
            {
                "acc": [
                    0.5314285714285714,
                    0.027701027756664737
                ]
            }
        ],
        "lm_test": {
            "acc": [
                0.5657777777777778,
                0.0
            ]
        },
        "tuned_em_val": [
            {
                "acc": [
                    0.9985714285714286,
                    0.002857142857142847
                ]
            }
        ],
        "tuned_em_test": {
            "acc": [
                0.8131555555555554,
                0.01349121341859855
            ]
        }
    },
    "0.125": {
        "em_test": {
            "acc": [
                0.7480888888888888,
                0.012824051477450341
            ]
        },
        "em_val": {
            "acc": [
                0.7473309608540925,
                0.014411712976026038
            ]
        },
        "lm_val": [
            {
                "acc": [
                    0.5352313167259786,
                    0.028255420984027346
                ]
            }
        ],
        "lm_test": {
            "acc": [
                0.5657777777777778,
                0.0
            ]
        },
        "tuned_em_val": [
            {
                "acc": [
                    0.9992882562277579,
                    0.0014234875444839813
                ]
            }
        ],
        "tuned_em_test": {
            "acc": [
                0.8446222222222222,
                0.0035732891097318593
            ]
        }
    },
    "0.25": {
        "em_test": {
            "acc": [
                0.7502222222222221,
                0.01095895822750039
            ]
        },
        "em_val": {
            "acc": [
                0.7530249110320284,
                0.012652234046000826
            ]
        },
        "lm_val": [
            {
                "acc": [
                    0.5537366548042705,
                    0.019439858055156814
                ]
            }
        ],
        "lm_test": {
            "acc": [
                0.5657777777777778,
                0.0
            ]
        },
        "tuned_em_val": [
            {
                "acc": [
                    0.9992882562277579,
                    0.0008717045347983083
                ]
            }
        ],
        "tuned_em_test": {
            "acc": [
                0.8621333333333334,
                0.00789761645555241
            ]
        }
    },
    "0.5": {
        "em_test": {
            "acc": [
                0.753511111111111,
                0.007550848206789417
            ]
        },
        "em_val": {
            "acc": [
                0.7557333333333334,
                0.011717160571224211
            ]
        },
        "lm_val": [
            {
                "acc": [
                    0.5584,
                    0.009464058065213289
                ]
            }
        ],
        "lm_test": {
            "acc": [
                0.5657777777777778,
                0.0
            ]
        },
        "tuned_em_val": [
            {
                "acc": [
                    0.9994666666666667,
                    0.00043546484316147845
                ]
            }
        ],
        "tuned_em_test": {
            "acc": [
                0.8841777777777778,
                0.0040206872454750745
            ]
        }
    },
    "1.0": {
        "em_test": {
            "acc": [
                0.7518222222222223,
                0.007958410412657529
            ]
        },
        "em_val": {
            "acc": [
                0.7590222222222222,
                0.005645669158471237
            ]
        },
        "lm_val": [
            {
                "acc": [
                    0.5659555555555555,
                    0.0029427458412883307
                ]
            }
        ],
        "lm_test": {
            "acc": [
                0.5657777777777778,
                0.0
            ]
        },
        "tuned_em_val": [
            {
                "acc": [
                    0.9995555555555555,
                    0.0
                ]
            }
        ],
        "tuned_em_test": {
            "acc": [
                0.8969777777777777,
                0.004077278201308338
            ]
        }
    }
}