{
    "0.0625": {
        "em_test": {
            "acc": [
                0.7400726392251815,
                0.007350173964484523
            ]
        },
        "em_val": {
            "acc": [
                0.7864077669902911,
                0.015350862428001835
            ]
        },
        "lm_val": [
            {
                "acc": [
                    0.541747572815534,
                    0.028570755280703214
                ]
            }
        ],
        "lm_test": {
            "acc": [
                0.5550847457627118,
                0.0
            ]
        },
        "tuned_em_val": [
            {
                "acc": [
                    1.0,
                    0.0
                ]
            }
        ],
        "tuned_em_test": {
            "acc": [
                0.813317191283293,
                0.010205459281214333
            ]
        }
    },
    "0.125": {
        "em_test": {
            "acc": [
                0.7455205811138014,
                0.008751946523935968
            ]
        },
        "em_val": {
            "acc": [
                0.7820823244552058,
                0.020941160591224847
            ]
        },
        "lm_val": [
            {
                "acc": [
                    0.5602905569007264,
                    0.02677050839919664
                ]
            }
        ],
        "lm_test": {
            "acc": [
                0.5550847457627118,
                0.0
            ]
        },
        "tuned_em_val": [
            {
                "acc": [
                    1.0,
                    0.0
                ]
            }
        ],
        "tuned_em_test": {
            "acc": [
                0.8470944309927362,
                0.0071479851908598305
            ]
        }
    },
    "0.25": {
        "em_test": {
            "acc": [
                0.74818401937046,
                0.008085136976786414
            ]
        },
        "em_val": {
            "acc": [
                0.7740920096852301,
                0.015171380336872192
            ]
        },
        "lm_val": [
            {
                "acc": [
                    0.552542372881356,
                    0.017301762794140283
                ]
            }
        ],
        "lm_test": {
            "acc": [
                0.5550847457627118,
                0.0
            ]
        },
        "tuned_em_val": [
            {
                "acc": [
                    1.0,
                    0.0
                ]
            }
        ],
        "tuned_em_test": {
            "acc": [
                0.8686440677966102,
                0.0042112656491346545
            ]
        }
    },
    "0.5": {
        "em_test": {
            "acc": [
                0.7483050847457627,
                0.0062603794062217315
            ]
        },
        "em_val": {
            "acc": [
                0.7697336561743342,
                0.012590799031477003
            ]
        },
        "lm_val": [
            {
                "acc": [
                    0.5475786924939468,
                    0.00894246262112319
                ]
            }
        ],
        "lm_test": {
            "acc": [
                0.5550847457627118,
                0.0
            ]
        },
        "tuned_em_val": [
            {
                "acc": [
                    1.0,
                    0.0
                ]
            }
        ],
        "tuned_em_test": {
            "acc": [
                0.8797820823244553,
                0.0030531525939269982
            ]
        }
    },
    "1.0": {
        "em_test": {
            "acc": [
                0.7473365617433414,
                0.007320201674494418
            ]
        },
        "em_val": {
            "acc": [
                0.7719818456883509,
                0.007014448474840339
            ]
        },
        "lm_val": [
            {
                "acc": [
                    0.550196671709531,
                    0.0025716828273374395
                ]
            }
        ],
        "lm_test": {
            "acc": [
                0.5550847457627118,
                0.0
            ]
        },
        "tuned_em_val": [
            {
                "acc": [
                    1.0,
                    0.0
                ]
            }
        ],
        "tuned_em_test": {
            "acc": [
                0.8955205811138015,
                0.0017376150235360183
            ]
        }
    }
}