{
    "0.0625": {
        "em_test": {
            "acc": [
                0.7478816408876934,
                0.018946463821184104
            ]
        },
        "em_val": {
            "acc": [
                0.7984251968503936,
                0.022602677314027285
            ]
        },
        "lm_val": [
            {
                "acc": [
                    0.5858267716535432,
                    0.047921650565993505
                ]
            }
        ],
        "lm_test": {
            "acc": [
                0.5561533288500337,
                0.0
            ]
        },
        "tuned_em_val": [
            {
                "acc": [
                    1.0,
                    0.0
                ]
            }
        ],
        "tuned_em_test": {
            "acc": [
                0.8093476798924009,
                0.007629187787971347
            ]
        }
    },
    "0.125": {
        "em_test": {
            "acc": [
                0.7702084734364492,
                0.011207890601748316
            ]
        },
        "em_val": {
            "acc": [
                0.7913385826771653,
                0.01778203116635624
            ]
        },
        "lm_val": [
            {
                "acc": [
                    0.5677165354330709,
                    0.024192585032657015
                ]
            }
        ],
        "lm_test": {
            "acc": [
                0.5561533288500337,
                0.0
            ]
        },
        "tuned_em_val": [
            {
                "acc": [
                    1.0,
                    0.0
                ]
            }
        ],
        "tuned_em_test": {
            "acc": [
                0.8325487558843309,
                0.00819506227770942
            ]
        }
    },
    "0.25": {
        "em_test": {
            "acc": [
                0.7732347007397445,
                0.005903417981803573
            ]
        },
        "em_val": {
            "acc": [
                0.7913385826771654,
                0.008351654895904122
            ]
        },
        "lm_val": [
            {
                "acc": [
                    0.5685039370078739,
                    0.01644142757308745
                ]
            }
        ],
        "lm_test": {
            "acc": [
                0.5561533288500337,
                0.0
            ]
        },
        "tuned_em_val": [
            {
                "acc": [
                    1.0,
                    0.0
                ]
            }
        ],
        "tuned_em_test": {
            "acc": [
                0.8527236045729657,
                0.004231911963026824
            ]
        }
    },
    "0.5": {
        "em_test": {
            "acc": [
                0.7734364492266308,
                0.0056039453008741675
            ]
        },
        "em_val": {
            "acc": [
                0.7799212598425196,
                0.010106691065349192
            ]
        },
        "lm_val": [
            {
                "acc": [
                    0.562992125984252,
                    0.011273874852973487
                ]
            }
        ],
        "lm_test": {
            "acc": [
                0.5561533288500337,
                0.0
            ]
        },
        "tuned_em_val": [
            {
                "acc": [
                    1.0,
                    0.0
                ]
            }
        ],
        "tuned_em_test": {
            "acc": [
                0.8722259583053127,
                0.004774240578157082
            ]
        }
    },
    "1.0": {
        "em_test": {
            "acc": [
                0.776193678547411,
                0.006693267671698048
            ]
        },
        "em_val": {
            "acc": [
                0.7784554845056566,
                0.0051551687187698534
            ]
        },
        "lm_val": [
            {
                "acc": [
                    0.5571077225774717,
                    0.0025003964637754675
                ]
            }
        ],
        "lm_test": {
            "acc": [
                0.5561533288500337,
                0.0
            ]
        },
        "tuned_em_val": [
            {
                "acc": [
                    1.0,
                    0.0
                ]
            }
        ],
        "tuned_em_test": {
            "acc": [
                0.8890383322125084,
                0.0015037444367853232
            ]
        }
    }
}