{
    "0.0625": {
        "em_test": {
            "acc": [
                0.744309927360775,
                0.005608346160726626
            ]
        },
        "em_val": {
            "acc": [
                0.7864077669902912,
                0.021048042124930864
            ]
        },
        "lm_val": [
            {
                "acc": [
                    0.541747572815534,
                    0.028570755280703214
                ]
            }
        ],
        "lm_test": {
            "acc": [
                0.5550847457627118,
                0.0
            ]
        },
        "tuned_em_val": [
            {
                "acc": [
                    1.0,
                    0.0
                ]
            }
        ],
        "tuned_em_test": {
            "acc": [
                0.8209443099273608,
                0.010374956554783798
            ]
        }
    },
    "0.125": {
        "em_test": {
            "acc": [
                0.7463680387409202,
                0.0051077537795954095
            ]
        },
        "em_val": {
            "acc": [
                0.7796610169491526,
                0.021925872005175345
            ]
        },
        "lm_val": [
            {
                "acc": [
                    0.5602905569007264,
                    0.02677050839919664
                ]
            }
        ],
        "lm_test": {
            "acc": [
                0.5550847457627118,
                0.0
            ]
        },
        "tuned_em_val": [
            {
                "acc": [
                    1.0,
                    0.0
                ]
            }
        ],
        "tuned_em_test": {
            "acc": [
                0.8468523002421307,
                0.004051622404523378
            ]
        }
    },
    "0.25": {
        "em_test": {
            "acc": [
                0.7498789346246973,
                0.0024633159745006926
            ]
        },
        "em_val": {
            "acc": [
                0.7690072639225181,
                0.012683584361945546
            ]
        },
        "lm_val": [
            {
                "acc": [
                    0.552542372881356,
                    0.017301762794140283
                ]
            }
        ],
        "lm_test": {
            "acc": [
                0.5550847457627118,
                0.0
            ]
        },
        "tuned_em_val": [
            {
                "acc": [
                    1.0,
                    0.0
                ]
            }
        ],
        "tuned_em_test": {
            "acc": [
                0.862953995157385,
                0.006812012056481949
            ]
        }
    },
    "0.5": {
        "em_test": {
            "acc": [
                0.7490314769975787,
                0.007459042034261224
            ]
        },
        "em_val": {
            "acc": [
                0.7639225181598064,
                0.009647322911930536
            ]
        },
        "lm_val": [
            {
                "acc": [
                    0.5475786924939468,
                    0.00894246262112319
                ]
            }
        ],
        "lm_test": {
            "acc": [
                0.5550847457627118,
                0.0
            ]
        },
        "tuned_em_val": [
            {
                "acc": [
                    1.0,
                    0.0
                ]
            }
        ],
        "tuned_em_test": {
            "acc": [
                0.8814769975786925,
                0.004200811518861397
            ]
        }
    },
    "1.0": {
        "em_test": {
            "acc": [
                0.7516949152542373,
                0.006874125698100945
            ]
        },
        "em_val": {
            "acc": [
                0.7684720121028744,
                0.00254879754174312
            ]
        },
        "lm_val": [
            {
                "acc": [
                    0.550196671709531,
                    0.0025716828273374395
                ]
            }
        ],
        "lm_test": {
            "acc": [
                0.5550847457627118,
                0.0
            ]
        },
        "tuned_em_val": [
            {
                "acc": [
                    1.0,
                    0.0
                ]
            }
        ],
        "tuned_em_test": {
            "acc": [
                0.8922518159806294,
                0.0027607153150100094
            ]
        }
    }
}