{
    "0.0625": {
        "em_test": {
            "acc": [
                0.747288888888889,
                0.00925725607960895
            ]
        },
        "em_val": {
            "acc": [
                0.7671428571428571,
                0.01726149424799223
            ]
        },
        "lm_val": [
            {
                "acc": [
                    0.5314285714285714,
                    0.027701027756664737
                ]
            }
        ],
        "lm_test": {
            "acc": [
                0.5657777777777778,
                0.0
            ]
        },
        "tuned_em_val": [
            {
                "acc": [
                    0.9985714285714286,
                    0.002857142857142847
                ]
            }
        ],
        "tuned_em_test": {
            "acc": [
                0.8221333333333334,
                0.003559997225689039
            ]
        }
    },
    "0.125": {
        "em_test": {
            "acc": [
                0.7486222222222222,
                0.0145886138587937
            ]
        },
        "em_val": {
            "acc": [
                0.7508896797153024,
                0.011476523485122502
            ]
        },
        "lm_val": [
            {
                "acc": [
                    0.5352313167259786,
                    0.028255420984027346
                ]
            }
        ],
        "lm_test": {
            "acc": [
                0.5657777777777778,
                0.0
            ]
        },
        "tuned_em_val": [
            {
                "acc": [
                    0.9992882562277579,
                    0.0014234875444839813
                ]
            }
        ],
        "tuned_em_test": {
            "acc": [
                0.8439111111111111,
                0.004201351928212082
            ]
        }
    },
    "0.25": {
        "em_test": {
            "acc": [
                0.7540444444444445,
                0.011097235780828883
            ]
        },
        "em_val": {
            "acc": [
                0.7544483985765125,
                0.013782858883300435
            ]
        },
        "lm_val": [
            {
                "acc": [
                    0.5537366548042705,
                    0.019439858055156814
                ]
            }
        ],
        "lm_test": {
            "acc": [
                0.5657777777777778,
                0.0
            ]
        },
        "tuned_em_val": [
            {
                "acc": [
                    0.9992882562277579,
                    0.0008717045347983083
                ]
            }
        ],
        "tuned_em_test": {
            "acc": [
                0.8590222222222221,
                0.004358275794535558
            ]
        }
    },
    "0.5": {
        "em_test": {
            "acc": [
                0.7490666666666665,
                0.010253478783344403
            ]
        },
        "em_val": {
            "acc": [
                0.7544888888888889,
                0.008076669647360387
            ]
        },
        "lm_val": [
            {
                "acc": [
                    0.5584,
                    0.009464058065213289
                ]
            }
        ],
        "lm_test": {
            "acc": [
                0.5657777777777778,
                0.0
            ]
        },
        "tuned_em_val": [
            {
                "acc": [
                    0.9994666666666667,
                    0.00043546484316147845
                ]
            }
        ],
        "tuned_em_test": {
            "acc": [
                0.8853333333333333,
                0.0038025332686591044
            ]
        }
    },
    "1.0": {
        "em_test": {
            "acc": [
                0.7464888888888888,
                0.011182349407508464
            ]
        },
        "em_val": {
            "acc": [
                0.7586666666666666,
                0.005251219728974929
            ]
        },
        "lm_val": [
            {
                "acc": [
                    0.5659555555555555,
                    0.0029427458412883307
                ]
            }
        ],
        "lm_test": {
            "acc": [
                0.5657777777777778,
                0.0
            ]
        },
        "tuned_em_val": [
            {
                "acc": [
                    0.9995555555555555,
                    0.0
                ]
            }
        ],
        "tuned_em_test": {
            "acc": [
                0.8993777777777778,
                0.002476157915943857
            ]
        }
    }
}