{
    "0.0625": {
        "em_test": {
            "f1_macro": [
                0.4376850797941856,
                0.02317489220278415
            ]
        },
        "em_val": {
            "f1_macro": [
                0.5748537152902595,
                0.05152251724848281
            ]
        },
        "lm_val": [
            {
                "f1_macro": [
                    0.39303086104495427,
                    0.042474791786301036
                ]
            }
        ],
        "lm_test": {
            "f1_macro": [
                0.3822065912131026,
                0.0
            ]
        },
        "tuned_em_val": [
            {
                "f1_macro": [
                    1.0,
                    0.0
                ]
            }
        ],
        "tuned_em_test": {
            "f1_macro": [
                0.48019288765179624,
                0.02716608906540813
            ]
        }
    },
    "0.125": {
        "em_test": {
            "f1_macro": [
                0.43729065577934145,
                0.029370208870172394
            ]
        },
        "em_val": {
            "f1_macro": [
                0.5203016581920943,
                0.055182569715600156
            ]
        },
        "lm_val": [
            {
                "f1_macro": [
                    0.3764710938134542,
                    0.054893767463421124
                ]
            }
        ],
        "lm_test": {
            "f1_macro": [
                0.3822065912131026,
                0.0
            ]
        },
        "tuned_em_val": [
            {
                "f1_macro": [
                    1.0,
                    0.0
                ]
            }
        ],
        "tuned_em_test": {
            "f1_macro": [
                0.567963330639042,
                0.024029542088011988
            ]
        }
    },
    "0.25": {
        "em_test": {
            "f1_macro": [
                0.4578733144236898,
                0.011386065178409318
            ]
        },
        "em_val": {
            "f1_macro": [
                0.5173255982242594,
                0.04154730775767593
            ]
        },
        "lm_val": [
            {
                "f1_macro": [
                    0.39336880649631917,
                    0.03135336993012517
                ]
            }
        ],
        "lm_test": {
            "f1_macro": [
                0.3822065912131026,
                0.0
            ]
        },
        "tuned_em_val": [
            {
                "f1_macro": [
                    1.0,
                    0.0
                ]
            }
        ],
        "tuned_em_test": {
            "f1_macro": [
                0.6204670972011375,
                0.027885971209937382
            ]
        }
    },
    "0.5": {
        "em_test": {
            "f1_macro": [
                0.45775258962224524,
                0.014583666046269086
            ]
        },
        "em_val": {
            "f1_macro": [
                0.5032964861791133,
                0.03265830608241295
            ]
        },
        "lm_val": [
            {
                "f1_macro": [
                    0.38860857326985854,
                    0.028232042148691374
                ]
            }
        ],
        "lm_test": {
            "f1_macro": [
                0.3822065912131026,
                0.0
            ]
        },
        "tuned_em_val": [
            {
                "f1_macro": [
                    0.9929532974258712,
                    0.00598791968808561
                ]
            }
        ],
        "tuned_em_test": {
            "f1_macro": [
                0.679002851625757,
                0.036526074262222305
            ]
        }
    },
    "1.0": {
        "em_test": {
            "f1_macro": [
                0.4605636114006698,
                0.010706007351602338
            ]
        },
        "em_val": {
            "f1_macro": [
                0.49348763851790245,
                0.014663343149889976
            ]
        },
        "lm_val": [
            {
                "f1_macro": [
                    0.3938099835501607,
                    0.007733590702118896
                ]
            }
        ],
        "lm_test": {
            "f1_macro": [
                0.3822065912131026,
                0.0
            ]
        },
        "tuned_em_val": [
            {
                "f1_macro": [
                    0.9942397283033332,
                    0.0003031877471641833
                ]
            }
        ],
        "tuned_em_test": {
            "f1_macro": [
                0.7374340830911977,
                0.013257751688541214
            ]
        }
    }
}