{
    "0.0625": {
        "em_test": {
            "f1_macro": [
                0.10923129408486243,
                0.004688886833493741
            ]
        },
        "em_val": {
            "f1_macro": [
                1.0,
                0.0
            ]
        },
        "lm_val": [
            {}
        ],
        "lm_test": {}
    },
    "0.125": {
        "em_test": {
            "f1_macro": [
                0.11728452190203568,
                0.010821447030056153
            ]
        },
        "em_val": {
            "f1_macro": [
                1.0,
                0.0
            ]
        },
        "lm_val": [
            {}
        ],
        "lm_test": {}
    },
    "0.25": {
        "em_test": {
            "f1_macro": [
                0.17872933267169175,
                0.05740416819799054
            ]
        },
        "em_val": {
            "f1_macro": [
                1.0,
                0.0
            ]
        },
        "lm_val": [
            {}
        ],
        "lm_test": {}
    },
    "0.5": {
        "em_test": {
            "f1_macro": [
                0.2320948256051863,
                0.0542838196111224
            ]
        },
        "em_val": {
            "f1_macro": [
                1.0,
                0.0
            ]
        },
        "lm_val": [
            {}
        ],
        "lm_test": {}
    },
    "1.0": {
        "em_test": {
            "f1_macro": [
                0.36562301111926476,
                0.025105302136131585
            ]
        },
        "em_val": {
            "f1_macro": [
                1.0,
                0.0
            ]
        },
        "lm_val": [
            {}
        ],
        "lm_test": {}
    }
}