{
    "0.0625": {
        "em_test": {
            "f1_macro": [
                0.2876899885245253,
                0.17901044424055051
            ]
        },
        "em_val": {
            "f1_macro": [
                1.0,
                0.0
            ]
        },
        "lm_val": [
            {
                "f1_macro": [
                    0.7619846718244887,
                    0.18096054429627847
                ]
            }
        ],
        "lm_test": {
            "f1_macro": [
                0.5532047763197813,
                0.0
            ]
        },
        "tuned_em_val": [
            {
                "f1_macro": [
                    1.0,
                    0.0
                ]
            }
        ],
        "tuned_em_test": {
            "f1_macro": [
                0.1666695646957556,
                0.049340303323368785
            ]
        }
    },
    "0.125": {
        "em_test": {
            "f1_macro": [
                0.3205279331467046,
                0.1567256846685351
            ]
        },
        "em_val": {
            "f1_macro": [
                1.0,
                0.0
            ]
        },
        "lm_val": [
            {
                "f1_macro": [
                    0.6670108267379312,
                    0.19561075916154927
                ]
            }
        ],
        "lm_test": {
            "f1_macro": [
                0.5532047763197813,
                0.0
            ]
        },
        "tuned_em_val": [
            {
                "f1_macro": [
                    1.0,
                    0.0
                ]
            }
        ],
        "tuned_em_test": {
            "f1_macro": [
                0.2013098954316932,
                0.04143675171321115
            ]
        }
    },
    "0.25": {
        "em_test": {
            "f1_macro": [
                0.5322187242740257,
                0.019060283598570368
            ]
        },
        "em_val": {
            "f1_macro": [
                0.9007891609750679,
                0.07873111274077146
            ]
        },
        "lm_val": [
            {
                "f1_macro": [
                    0.4830485951199024,
                    0.1473849281998713
                ]
            }
        ],
        "lm_test": {
            "f1_macro": [
                0.5532047763197813,
                0.0
            ]
        },
        "tuned_em_val": [
            {
                "f1_macro": [
                    1.0,
                    0.0
                ]
            }
        ],
        "tuned_em_test": {
            "f1_macro": [
                0.3741547255747264,
                0.0734348416239363
            ]
        }
    },
    "0.5": {
        "em_test": {
            "f1_macro": [
                0.5299373659706876,
                0.023842573520828896
            ]
        },
        "em_val": {
            "f1_macro": [
                0.726477047817688,
                0.09975222989175031
            ]
        },
        "lm_val": [
            {
                "f1_macro": [
                    0.3894979267487422,
                    0.03271549120536597
                ]
            }
        ],
        "lm_test": {
            "f1_macro": [
                0.5532047763197813,
                0.0
            ]
        },
        "tuned_em_val": [
            {
                "f1_macro": [
                    1.0,
                    0.0
                ]
            }
        ],
        "tuned_em_test": {
            "f1_macro": [
                0.4651852694823777,
                0.07649599749445024
            ]
        }
    },
    "1.0": {
        "em_test": {
            "f1_macro": [
                0.5308223975386847,
                0.018233808375023107
            ]
        },
        "em_val": {
            "f1_macro": [
                0.640111678595674,
                0.018461632066851766
            ]
        },
        "lm_val": [
            {
                "f1_macro": [
                    0.45979853479853483,
                    0.0
                ]
            }
        ],
        "lm_test": {
            "f1_macro": [
                0.5532047763197813,
                0.0
            ]
        },
        "tuned_em_val": [
            {
                "f1_macro": [
                    1.0,
                    0.0
                ]
            }
        ],
        "tuned_em_test": {
            "f1_macro": [
                0.5549177755758,
                0.02026699507229154
            ]
        }
    }
}