{
    "0.0625": {
        "em_test": {
            "f1_macro": [
                0.06611152119217438,
                0.04854952932501998
            ]
        },
        "em_val": {
            "f1_macro": [
                0.4070707070707071,
                0.31938365293717447
            ]
        },
        "lm_val": [
            {
                "f1_macro": [
                    0.3822843822843823,
                    0.3404604263747667
                ]
            }
        ],
        "lm_test": {
            "f1_macro": [
                0.0980357891609478,
                0.015521603641658915
            ]
        },
        "tuned_em_val": [
            {
                "f1_macro": [
                    1.0,
                    0.0
                ]
            }
        ],
        "tuned_em_test": {
            "f1_macro": [
                0.10898122816406874,
                0.004628247296953413
            ]
        }
    },
    "0.125": {
        "em_test": {
            "f1_macro": [
                0.06509616512223573,
                0.04976832986087965
            ]
        },
        "em_val": {
            "f1_macro": [
                0.2813928289992119,
                0.13265362297634595
            ]
        },
        "lm_val": [
            {
                "f1_macro": [
                    0.2225654664484452,
                    0.1686003952550673
                ]
            }
        ],
        "lm_test": {
            "f1_macro": [
                0.13627454083033758,
                0.018511659527822476
            ]
        },
        "tuned_em_val": [
            {
                "f1_macro": [
                    1.0,
                    0.0
                ]
            }
        ],
        "tuned_em_test": {
            "f1_macro": [
                0.12390563756964723,
                0.014253247041852126
            ]
        }
    },
    "0.25": {
        "em_test": {
            "f1_macro": [
                0.10573111337637331,
                0.0
            ]
        },
        "em_val": {
            "f1_macro": [
                0.2119983326925904,
                0.06353461394681767
            ]
        },
        "lm_val": [
            {
                "f1_macro": [
                    0.18627592165898615,
                    0.046318520096083796
                ]
            }
        ],
        "lm_test": {
            "f1_macro": [
                0.14525941590221217,
                0.009039259747828241
            ]
        },
        "tuned_em_val": [
            {
                "f1_macro": [
                    1.0,
                    0.0
                ]
            }
        ],
        "tuned_em_test": {
            "f1_macro": [
                0.16995936320010338,
                0.024804488024977738
            ]
        }
    },
    "0.5": {
        "em_test": {
            "f1_macro": [
                0.10573111337637331,
                0.0
            ]
        },
        "em_val": {
            "f1_macro": [
                0.14798136237101273,
                0.0110996660147843
            ]
        },
        "lm_val": [
            {
                "f1_macro": [
                    0.13299437852944382,
                    0.014595775258053875
                ]
            }
        ],
        "lm_test": {
            "f1_macro": [
                0.13844693155349594,
                0.006231906402568556
            ]
        },
        "tuned_em_val": [
            {
                "f1_macro": [
                    1.0,
                    0.0
                ]
            }
        ],
        "tuned_em_test": {
            "f1_macro": [
                0.2319326086868368,
                0.05646713759035605
            ]
        }
    },
    "1.0": {
        "em_test": {
            "f1_macro": [
                0.11286218588079547,
                0.014262145008844306
            ]
        },
        "em_val": {
            "f1_macro": [
                0.1428501069458516,
                0.0502504784419678
            ]
        },
        "lm_val": [
            {
                "f1_macro": [
                    0.10514513610625129,
                    0.0001116190404524986
                ]
            }
        ],
        "lm_test": {
            "f1_macro": [
                0.13051687663793377,
                0.0
            ]
        },
        "tuned_em_val": [
            {
                "f1_macro": [
                    1.0,
                    0.0
                ]
            }
        ],
        "tuned_em_test": {
            "f1_macro": [
                0.35213311510828504,
                0.03742359004664334
            ]
        }
    }
}