{
    "0.0625": {
        "em_test": {
            "f1_macro": [
                0.24594832181927112,
                0.12811349515944148
            ]
        },
        "em_val": {
            "f1_macro": [
                0.9361737677527151,
                0.08057833582944848
            ]
        },
        "lm_val": [
            {
                "f1_macro": [
                    0.7619846718244887,
                    0.18096054429627847
                ]
            }
        ],
        "lm_test": {
            "f1_macro": [
                0.5532047763197813,
                0.0
            ]
        },
        "tuned_em_val": [
            {
                "f1_macro": [
                    1.0,
                    0.0
                ]
            }
        ],
        "tuned_em_test": {
            "f1_macro": [
                0.14928558002589293,
                0.023449662519585846
            ]
        }
    },
    "0.125": {
        "em_test": {
            "f1_macro": [
                0.27485679652559003,
                0.10793023688488525
            ]
        },
        "em_val": {
            "f1_macro": [
                0.9408353033884949,
                0.07480826566141709
            ]
        },
        "lm_val": [
            {
                "f1_macro": [
                    0.6670108267379312,
                    0.19561075916154927
                ]
            }
        ],
        "lm_test": {
            "f1_macro": [
                0.5532047763197813,
                0.0
            ]
        },
        "tuned_em_val": [
            {
                "f1_macro": [
                    1.0,
                    0.0
                ]
            }
        ],
        "tuned_em_test": {
            "f1_macro": [
                0.1829280126879218,
                0.027303112969171175
            ]
        }
    },
    "0.25": {
        "em_test": {
            "f1_macro": [
                0.4915088962175502,
                0.05256480182043844
            ]
        },
        "em_val": {
            "f1_macro": [
                0.8322284405975425,
                0.13103564369869367
            ]
        },
        "lm_val": [
            {
                "f1_macro": [
                    0.4830485951199024,
                    0.1473849281998713
                ]
            }
        ],
        "lm_test": {
            "f1_macro": [
                0.5532047763197813,
                0.0
            ]
        },
        "tuned_em_val": [
            {
                "f1_macro": [
                    1.0,
                    0.0
                ]
            }
        ],
        "tuned_em_test": {
            "f1_macro": [
                0.40352274246614694,
                0.09974871753562124
            ]
        }
    },
    "0.5": {
        "em_test": {
            "f1_macro": [
                0.4697582452497753,
                0.10923077403780619
            ]
        },
        "em_val": {
            "f1_macro": [
                0.7233735252599871,
                0.08783793001610496
            ]
        },
        "lm_val": [
            {
                "f1_macro": [
                    0.3894979267487422,
                    0.03271549120536597
                ]
            }
        ],
        "lm_test": {
            "f1_macro": [
                0.5532047763197813,
                0.0
            ]
        },
        "tuned_em_val": [
            {
                "f1_macro": [
                    1.0,
                    0.0
                ]
            }
        ],
        "tuned_em_test": {
            "f1_macro": [
                0.4436994049195537,
                0.04047486261007374
            ]
        }
    },
    "1.0": {
        "em_test": {
            "f1_macro": [
                0.5041449210748346,
                0.03993034028252737
            ]
        },
        "em_val": {
            "f1_macro": [
                0.653958339487343,
                0.027515858083480442
            ]
        },
        "lm_val": [
            {
                "f1_macro": [
                    0.45979853479853483,
                    0.0
                ]
            }
        ],
        "lm_test": {
            "f1_macro": [
                0.5532047763197813,
                0.0
            ]
        },
        "tuned_em_val": [
            {
                "f1_macro": [
                    1.0,
                    0.0
                ]
            }
        ],
        "tuned_em_test": {
            "f1_macro": [
                0.5663546530742475,
                0.012904547026903846
            ]
        }
    }
}