{
    "0.0625": {
        "em_test": {
            "f1_macro": [
                0.11425243714723851,
                0.0099675453652691
            ]
        },
        "em_val": {
            "f1_macro": [
                1.0,
                0.0
            ]
        },
        "lm_val": [
            {}
        ],
        "lm_test": {}
    },
    "0.125": {
        "em_test": {
            "f1_macro": [
                0.14393506654849744,
                0.04454916866864645
            ]
        },
        "em_val": {
            "f1_macro": [
                1.0,
                0.0
            ]
        },
        "lm_val": [
            {}
        ],
        "lm_test": {}
    },
    "0.25": {
        "em_test": {
            "f1_macro": [
                0.22186715657699474,
                0.06239700006976874
            ]
        },
        "em_val": {
            "f1_macro": [
                1.0,
                0.0
            ]
        },
        "lm_val": [
            {}
        ],
        "lm_test": {}
    },
    "0.5": {
        "em_test": {
            "f1_macro": [
                0.28726505563693305,
                0.04805331146956281
            ]
        },
        "em_val": {
            "f1_macro": [
                1.0,
                0.0
            ]
        },
        "lm_val": [
            {}
        ],
        "lm_test": {}
    },
    "1.0": {
        "em_test": {
            "f1_macro": [
                0.4284769762519283,
                0.01267257123051407
            ]
        },
        "em_val": {
            "f1_macro": [
                1.0,
                0.0
            ]
        },
        "lm_val": [
            {}
        ],
        "lm_test": {}
    }
}