{
    "0.0625": {
        "em_test": {
            "f1_macro": [
                0.2698071697479879,
                0.16745202603120204
            ]
        },
        "em_val": {
            "f1_macro": [
                0.8956521739130434,
                0.20869565217391303
            ]
        },
        "lm_val": [
            {
                "f1_macro": [
                    0.7619846718244887,
                    0.1809605442962785
                ]
            }
        ],
        "lm_test": {
            "f1_macro": [
                0.4152717086688553,
                0.18062942030939827
            ]
        },
        "tuned_em_val": [
            {
                "f1_macro": [
                    1.0,
                    0.0
                ]
            }
        ],
        "tuned_em_test": {
            "f1_macro": [
                0.13217835732758615,
                0.021671898287498034
            ]
        }
    },
    "0.125": {
        "em_test": {
            "f1_macro": [
                0.23966079445600114,
                0.15928974337209745
            ]
        },
        "em_val": {
            "f1_macro": [
                0.826950354609929,
                0.2664477749575704
            ]
        },
        "lm_val": [
            {
                "f1_macro": [
                    0.6316406171883904,
                    0.21052203644014378
                ]
            }
        ],
        "lm_test": {
            "f1_macro": [
                0.4239218279266027,
                0.16631649360166825
            ]
        },
        "tuned_em_val": [
            {
                "f1_macro": [
                    1.0,
                    0.0
                ]
            }
        ],
        "tuned_em_test": {
            "f1_macro": [
                0.15650753372522802,
                0.015907984938529008
            ]
        }
    },
    "0.25": {
        "em_test": {
            "f1_macro": [
                0.34445077967284626,
                0.14756435846258284
            ]
        },
        "em_val": {
            "f1_macro": [
                0.6675989607449709,
                0.307718303661438
            ]
        },
        "lm_val": [
            {
                "f1_macro": [
                    0.4071484862210669,
                    0.191737034321385
                ]
            }
        ],
        "lm_test": {
            "f1_macro": [
                0.42510067929149986,
                0.16527495297090064
            ]
        },
        "tuned_em_val": [
            {
                "f1_macro": [
                    1.0,
                    0.0
                ]
            }
        ],
        "tuned_em_test": {
            "f1_macro": [
                0.3027679657585466,
                0.08980615217340197
            ]
        }
    },
    "0.5": {
        "em_test": {
            "f1_macro": [
                0.43320917511325774,
                0.14666372297064384
            ]
        },
        "em_val": {
            "f1_macro": [
                0.6233446193480676,
                0.21348023135671954
            ]
        },
        "lm_val": [
            {
                "f1_macro": [
                    0.33725972409265836,
                    0.08372375287486786
                ]
            }
        ],
        "lm_test": {
            "f1_macro": [
                0.43341720046282006,
                0.1667010769338659
            ]
        },
        "tuned_em_val": [
            {
                "f1_macro": [
                    1.0,
                    0.0
                ]
            }
        ],
        "tuned_em_test": {
            "f1_macro": [
                0.4623591968043653,
                0.06487647405850668
            ]
        }
    },
    "1.0": {
        "em_test": {
            "f1_macro": [
                0.4626397498078923,
                0.11108058201857912
            ]
        },
        "em_val": {
            "f1_macro": [
                0.5741381693920827,
                0.1278192742834186
            ]
        },
        "lm_val": [
            {
                "f1_macro": [
                    0.35785400239816867,
                    0.07824176689316038
                ]
            }
        ],
        "lm_test": {
            "f1_macro": [
                0.48923700236986933,
                0.12985488718890972
            ]
        },
        "tuned_em_val": [
            {
                "f1_macro": [
                    1.0,
                    0.0
                ]
            }
        ],
        "tuned_em_test": {
            "f1_macro": [
                0.5573038222019788,
                0.019504689879816926
            ]
        }
    }
}