{
    "0.0625": {
        "em_test": {
            "f1_macro": [
                0.20217947861212499,
                0.1284364442605421
            ]
        },
        "em_val": {
            "f1_macro": [
                0.9619047619047618,
                0.07619047619047618
            ]
        },
        "lm_val": [
            {
                "f1_macro": [
                    0.7619846718244887,
                    0.18096054429627847
                ]
            }
        ],
        "lm_test": {
            "f1_macro": [
                0.5532047763197813,
                0.0
            ]
        },
        "tuned_em_val": [
            {
                "f1_macro": [
                    1.0,
                    0.0
                ]
            }
        ],
        "tuned_em_test": {
            "f1_macro": [
                0.15323278948352792,
                0.025555385923035124
            ]
        }
    },
    "0.125": {
        "em_test": {
            "f1_macro": [
                0.2966464469844532,
                0.13070439589855126
            ]
        },
        "em_val": {
            "f1_macro": [
                0.9645390070921985,
                0.07092198581560284
            ]
        },
        "lm_val": [
            {
                "f1_macro": [
                    0.6670108267379312,
                    0.19561075916154927
                ]
            }
        ],
        "lm_test": {
            "f1_macro": [
                0.5532047763197813,
                0.0
            ]
        },
        "tuned_em_val": [
            {
                "f1_macro": [
                    1.0,
                    0.0
                ]
            }
        ],
        "tuned_em_test": {
            "f1_macro": [
                0.17475443572422122,
                0.01981024143103513
            ]
        }
    },
    "0.25": {
        "em_test": {
            "f1_macro": [
                0.37715994003815584,
                0.10878114336394548
            ]
        },
        "em_val": {
            "f1_macro": [
                0.85469082369861,
                0.13772819349616203
            ]
        },
        "lm_val": [
            {
                "f1_macro": [
                    0.4830485951199024,
                    0.1473849281998713
                ]
            }
        ],
        "lm_test": {
            "f1_macro": [
                0.5532047763197813,
                0.0
            ]
        },
        "tuned_em_val": [
            {
                "f1_macro": [
                    1.0,
                    0.0
                ]
            }
        ],
        "tuned_em_test": {
            "f1_macro": [
                0.34484261978946273,
                0.11360443288725258
            ]
        }
    },
    "0.5": {
        "em_test": {
            "f1_macro": [
                0.5239756863695705,
                0.0740700283164733
            ]
        },
        "em_val": {
            "f1_macro": [
                0.6929496955914909,
                0.10739096646062583
            ]
        },
        "lm_val": [
            {
                "f1_macro": [
                    0.3894979267487422,
                    0.03271549120536597
                ]
            }
        ],
        "lm_test": {
            "f1_macro": [
                0.5532047763197813,
                0.0
            ]
        },
        "tuned_em_val": [
            {
                "f1_macro": [
                    1.0,
                    0.0
                ]
            }
        ],
        "tuned_em_test": {
            "f1_macro": [
                0.4830136083798987,
                0.07142462853377199
            ]
        }
    },
    "1.0": {
        "em_test": {
            "f1_macro": [
                0.49541332035524804,
                0.07379217648028495
            ]
        },
        "em_val": {
            "f1_macro": [
                0.6212491627561605,
                0.02033643565200425
            ]
        },
        "lm_val": [
            {
                "f1_macro": [
                    0.45979853479853483,
                    0.0
                ]
            }
        ],
        "lm_test": {
            "f1_macro": [
                0.5532047763197813,
                0.0
            ]
        },
        "tuned_em_val": [
            {
                "f1_macro": [
                    1.0,
                    0.0
                ]
            }
        ],
        "tuned_em_test": {
            "f1_macro": [
                0.5819451384434178,
                0.035732414177946245
            ]
        }
    }
}