{
    "0.0625": {
        "em_test": {
            "f1_micro": [
                0.9067574137092855,
                0.0012825382555442584
            ]
        },
        "em_val": {
            "f1_micro": [
                1.0,
                0.0
            ]
        },
        "lm_val": [
            {}
        ],
        "lm_test": {}
    },
    "0.125": {
        "em_test": {
            "f1_micro": [
                0.908507535245503,
                0.001388707521350052
            ]
        },
        "em_val": {
            "f1_micro": [
                1.0,
                0.0
            ]
        },
        "lm_val": [
            {}
        ],
        "lm_test": {}
    },
    "0.25": {
        "em_test": {
            "f1_micro": [
                0.9060768108896451,
                0.005248563763253606
            ]
        },
        "em_val": {
            "f1_micro": [
                1.0,
                0.0
            ]
        },
        "lm_val": [
            {}
        ],
        "lm_test": {}
    },
    "0.5": {
        "em_test": {
            "f1_micro": [
                0.9100631988332522,
                0.0008134759616277259
            ]
        },
        "em_val": {
            "f1_micro": [
                1.0,
                0.0
            ]
        },
        "lm_val": [
            {}
        ],
        "lm_test": {}
    },
    "1.0": {
        "em_test": {
            "f1_micro": [
                0.9146329606222654,
                0.003567124225151997
            ]
        },
        "em_val": {
            "f1_micro": [
                1.0,
                0.0
            ]
        },
        "lm_val": [
            {}
        ],
        "lm_test": {}
    }
}