{
    "0.0625": {
        "em_test": {
            "f1_macro": [
<<<<<<< HEAD
                0.10938261125729531,
                0.004773641019086925
=======
                0.10923129408486243,
                0.004688886833493741
>>>>>>> b85abe4edfca232f3bdc6dd90de0476683682e2e
            ]
        },
        "em_val": {
            "f1_macro": [
                1.0,
                0.0
            ]
        },
        "lm_val": [
            {}
        ],
        "lm_test": {}
    },
    "0.125": {
        "em_test": {
            "f1_macro": [
<<<<<<< HEAD
                0.1232110871237871,
                0.014950312200323888
=======
                0.11728452190203568,
                0.010821447030056153
>>>>>>> b85abe4edfca232f3bdc6dd90de0476683682e2e
            ]
        },
        "em_val": {
            "f1_macro": [
                1.0,
                0.0
            ]
        },
        "lm_val": [
            {}
        ],
        "lm_test": {}
    },
    "0.25": {
        "em_test": {
            "f1_macro": [
<<<<<<< HEAD
                0.16525188263156657,
                0.052102749138603355
=======
                0.17872933267169175,
                0.05740416819799054
>>>>>>> b85abe4edfca232f3bdc6dd90de0476683682e2e
            ]
        },
        "em_val": {
            "f1_macro": [
                1.0,
                0.0
            ]
        },
        "lm_val": [
            {}
        ],
        "lm_test": {}
    },
    "0.5": {
        "em_test": {
            "f1_macro": [
<<<<<<< HEAD
                0.2530772475683845,
                0.04289402664346143
=======
                0.2320948256051863,
                0.0542838196111224
>>>>>>> b85abe4edfca232f3bdc6dd90de0476683682e2e
            ]
        },
        "em_val": {
            "f1_macro": [
                1.0,
                0.0
            ]
        },
        "lm_val": [
            {}
        ],
        "lm_test": {}
    },
    "1.0": {
        "em_test": {
            "f1_macro": [
<<<<<<< HEAD
                0.3473686268674951,
                0.020081635857349775
=======
                0.36562301111926476,
                0.025105302136131585
>>>>>>> b85abe4edfca232f3bdc6dd90de0476683682e2e
            ]
        },
        "em_val": {
            "f1_macro": [
                1.0,
                0.0
            ]
        },
        "lm_val": [
            {}
        ],
        "lm_test": {}
    }
}