{
    "0.0625": {
        "em_test": {
            "f1_micro": [
                0.9086047642197375,
                0.007308359931148727
            ]
        },
        "em_val": {
            "f1_micro": [
                0.9833333333333332,
                0.03333333333333335
            ]
        },
        "lm_val": [
            {
                "f1_micro": [
                    0.9333333333333332,
                    0.03333333333333335
                ]
            }
        ],
        "lm_test": {
            "f1_micro": [
                0.9120077783179388,
                0.0
            ]
        },
        "tuned_em_val": [
            {
                "f1_micro": [
                    1.0,
                    0.0
                ]
            }
        ],
        "tuned_em_test": {
            "f1_micro": [
                0.9035488575595527,
                0.0063653426556472235
            ]
        }
    },
    "0.125": {
        "em_test": {
            "f1_micro": [
                0.9110354885755955,
                0.007988175364683993
            ]
        },
        "em_val": {
            "f1_micro": [
                0.992,
                0.016000000000000014
            ]
        },
        "lm_val": [
            {
                "f1_micro": [
                    0.944,
                    0.019595917942265388
                ]
            }
        ],
        "lm_test": {
            "f1_micro": [
                0.9120077783179388,
                0.0
            ]
        },
        "tuned_em_val": [
            {
                "f1_micro": [
                    1.0,
                    0.0
                ]
            }
        ],
        "tuned_em_test": {
            "f1_micro": [
                0.9058823529411765,
                0.004658881303144734
            ]
        }
    },
    "0.25": {
        "em_test": {
            "f1_micro": [
                0.9087019931939718,
                0.00360403558441439
            ]
        },
        "em_val": {
            "f1_micro": [
                0.968,
                0.02039607805437116
            ]
        },
        "lm_val": [
            {
                "f1_micro": [
                    0.916,
                    0.014966629547095742
                ]
            }
        ],
        "lm_test": {
            "f1_micro": [
                0.9120077783179388,
                0.0
            ]
        },
        "tuned_em_val": [
            {
                "f1_micro": [
                    1.0,
                    0.0
                ]
            }
        ],
        "tuned_em_test": {
            "f1_micro": [
                0.9117160913952358,
                0.011838800491728085
            ]
        }
    },
    "0.5": {
        "em_test": {
            "f1_micro": [
                0.9075352455031599,
                0.0029071300705350036
            ]
        },
        "em_val": {
            "f1_micro": [
                0.9460000000000001,
                0.013564659966250503
            ]
        },
        "lm_val": [
            {
                "f1_micro": [
                    0.892,
                    0.01720465053408531
                ]
            }
        ],
        "lm_test": {
            "f1_micro": [
                0.9120077783179388,
                0.0
            ]
        },
        "tuned_em_val": [
            {
                "f1_micro": [
                    1.0,
                    0.0
                ]
            }
        ],
        "tuned_em_test": {
            "f1_micro": [
                0.9147301895964999,
                0.006099907492992945
            ]
        }
    },
    "1.0": {
        "em_test": {
            "f1_micro": [
                0.907826932425863,
                0.007763719894089306
            ]
        },
        "em_val": {
            "f1_micro": [
                0.9349999999999999,
                0.009486832980505134
            ]
        },
        "lm_val": [
            {
                "f1_micro": [
                    0.9,
                    0.0
                ]
            }
        ],
        "lm_test": {
            "f1_micro": [
                0.9120077783179388,
                0.0
            ]
        },
        "tuned_em_val": [
            {
                "f1_micro": [
                    1.0,
                    0.0
                ]
            }
        ],
        "tuned_em_test": {
            "f1_micro": [
                0.9149246475449685,
                0.003478569532328323
            ]
        }
    }
}