{
    "0.0625": {
        "em_test": {
            "f1_macro": [
                0.19512734265385343,
                0.1070496384569665
            ]
        },
        "em_val": {
            "f1_macro": [
                0.9619047619047618,
                0.07619047619047618
            ]
        },
        "lm_val": [
            {
                "f1_macro": [
                    0.7619846718244887,
                    0.18096054429627847
                ]
            }
        ],
        "lm_test": {
            "f1_macro": [
                0.5314025727176019,
                0.0
            ]
        },
        "tuned_em_val": [
            {
                "f1_macro": [
                    1.0,
                    0.0
                ]
            }
        ],
        "tuned_em_test": {
            "f1_macro": [
                0.1532699781266293,
                0.025128806265431975
            ]
        }
    },
    "0.125": {
        "em_test": {
            "f1_macro": [
                0.25201804801377364,
                0.09469083666431843
            ]
        },
        "em_val": {
            "f1_macro": [
                0.9645390070921985,
                0.07092198581560284
            ]
        },
        "lm_val": [
            {
                "f1_macro": [
                    0.6670108267379312,
                    0.19561075916154927
                ]
            }
        ],
        "lm_test": {
            "f1_macro": [
                0.5314025727176019,
                0.0
            ]
        },
        "tuned_em_val": [
            {
                "f1_macro": [
                    1.0,
                    0.0
                ]
            }
        ],
        "tuned_em_test": {
            "f1_macro": [
                0.18405255749817415,
                0.022027746044590537
            ]
        }
    },
    "0.25": {
        "em_test": {
            "f1_macro": [
                0.48442839047611236,
                0.08771562939886257
            ]
        },
        "em_val": {
            "f1_macro": [
                0.8220333547844791,
                0.13920237986757278
            ]
        },
        "lm_val": [
            {
                "f1_macro": [
                    0.4830485951199024,
                    0.1473849281998713
                ]
            }
        ],
        "lm_test": {
            "f1_macro": [
                0.5314025727176019,
                0.0
            ]
        },
        "tuned_em_val": [
            {
                "f1_macro": [
                    1.0,
                    0.0
                ]
            }
        ],
        "tuned_em_test": {
            "f1_macro": [
                0.362321086865484,
                0.1074134495768381
            ]
        }
    },
    "0.5": {
        "em_test": {
            "f1_macro": [
                0.5306218049371589,
                0.05730865355704411
            ]
        },
        "em_val": {
            "f1_macro": [
                0.7023180542439025,
                0.1296112442357822
            ]
        },
        "lm_val": [
            {
                "f1_macro": [
                    0.373307450558266,
                    0.05679870381783442
                ]
            }
        ],
        "lm_test": {
            "f1_macro": [
                0.5314025727176019,
                0.0
            ]
        },
        "tuned_em_val": [
            {
                "f1_macro": [
                    1.0,
                    0.0
                ]
            }
        ],
        "tuned_em_test": {
            "f1_macro": [
                0.47685548377000064,
                0.07439029392438266
            ]
        }
    },
    "1.0": {
        "em_test": {
            "f1_macro": [
                0.5176223286962193,
                0.047441645091567654
            ]
        },
        "em_val": {
            "f1_macro": [
                0.6335313240645852,
                0.03801261398511534
            ]
        },
        "lm_val": [
            {
                "f1_macro": [
                    0.392581790355763,
                    0.004553264812876646
                ]
            }
        ],
        "lm_test": {
            "f1_macro": [
                0.5314025727176019,
                0.0
            ]
        },
        "tuned_em_val": [
            {
                "f1_macro": [
                    1.0,
                    0.0
                ]
            }
        ],
        "tuned_em_test": {
            "f1_macro": [
                0.572404006823246,
                0.03775962421282144
            ]
        }
    }
}