{
    "em_test": {
        "acc": [
            0.9685127566894834,
            0.0041202104187298
        ]
    },
    "em_val": {
        "acc": [
            0.9671904462602138,
            0.0035421754377386564
        ]
    }
}