{
    "0.5": {
        "em_test": {
            "acc": [
                0.9635345364032359,
                0.0073375994887286515
            ]
        },
        "em_val": {
            "acc": [
                0.9655562539283469,
                0.007702060933772664
            ]
        }
    },
    "0.25": {
        "em_test": {
            "acc": [
                0.9499688861232111,
                0.0045319580475502354
            ]
        },
        "em_val": {
            "acc": [
                0.9532369578881207,
                0.0024375511539491386
            ]
        }
    },
    "0.375": {
        "em_test": {
            "acc": [
                0.9619166148102053,
                0.003762592771084274
            ]
        },
        "em_val": {
            "acc": [
                0.9631678189817725,
                0.004006883079952047
            ]
        }
    },
    "0.4375": {
        "em_test": {
            "acc": [
                0.9611698817672683,
                0.007955423429743301
            ]
        },
        "em_val": {
            "acc": [
                0.9621621621621621,
                0.005112432283510451
            ]
        }
    },
    "0.40625": {
        "em_test": {
            "acc": [
                0.9601742377100188,
                0.005716830903724142
            ]
        },
        "em_val": {
            "acc": [
                0.9602765556253928,
                0.005354001116039437
            ]
        }
    }
}