{
    "0.0625": {
        "em_test": {
            "acc": [
                0.7343825665859564,
                0.007830974154380702
            ]
        },
        "em_val": {
            "acc": [
                0.7543689320388349,
                0.0164189655585318
            ]
        },
        "lm_val": [
            {
                "acc": [
                    0.5233009708737864,
                    0.027184466019417465
                ]
            }
        ],
        "lm_test": {
            "acc": [
                0.5393462469733656,
                0.0
            ]
        },
        "tuned_em_val": [
            {
                "acc": [
                    1.0,
                    0.0
                ]
            }
        ],
        "tuned_em_test": {
            "acc": [
                0.8081113801452785,
                0.010150737925546995
            ]
        }
    },
    "0.125": {
        "em_test": {
            "acc": [
                0.7424939467312348,
                0.008718388323190747
            ]
        },
        "em_val": {
            "acc": [
                0.7583535108958837,
                0.015267683070638699
            ]
        },
        "lm_val": [
            {
                "acc": [
                    0.5399515738498789,
                    0.03532122523740525
                ]
            }
        ],
        "lm_test": {
            "acc": [
                0.5393462469733656,
                0.0
            ]
        },
        "tuned_em_val": [
            {
                "acc": [
                    1.0,
                    0.0
                ]
            }
        ],
        "tuned_em_test": {
            "acc": [
                0.8337772397094432,
                0.00787018061169249
            ]
        }
    },
    "0.25": {
        "em_test": {
            "acc": [
                0.7446731234866828,
                0.00543312486012515
            ]
        },
        "em_val": {
            "acc": [
                0.7525423728813558,
                0.01040317242563723
            ]
        },
        "lm_val": [
            {
                "acc": [
                    0.5394673123486683,
                    0.016976802075504234
                ]
            }
        ],
        "lm_test": {
            "acc": [
                0.5393462469733656,
                0.0
            ]
        },
        "tuned_em_val": [
            {
                "acc": [
                    1.0,
                    0.0
                ]
            }
        ],
        "tuned_em_test": {
            "acc": [
                0.8566585956416466,
                0.006701381357432487
            ]
        }
    },
    "0.5": {
        "em_test": {
            "acc": [
                0.7435835351089588,
                0.005876349200732009
            ]
        },
        "em_val": {
            "acc": [
                0.7491525423728814,
                0.0047601944918492615
            ]
        },
        "lm_val": [
            {
                "acc": [
                    0.5343825665859565,
                    0.013197791840108138
                ]
            }
        ],
        "lm_test": {
            "acc": [
                0.5393462469733656,
                0.0
            ]
        },
        "tuned_em_val": [
            {
                "acc": [
                    0.9998789346246972,
                    0.00024213075060530714
                ]
            }
        ],
        "tuned_em_test": {
            "acc": [
                0.87227602905569,
                0.005035504683555788
            ]
        }
    },
    "1.0": {
        "em_test": {
            "acc": [
                0.7446731234866828,
                0.005605732156314894
            ]
        },
        "em_val": {
            "acc": [
                0.7547352496217853,
                0.0031010294645250043
            ]
        },
        "lm_val": [
            {
                "acc": [
                    0.5348865355521937,
                    0.0013852372940707668
                ]
            }
        ],
        "lm_test": {
            "acc": [
                0.5393462469733656,
                0.0
            ]
        },
        "tuned_em_val": [
            {
                "acc": [
                    0.999697428139183,
                    0.0
                ]
            }
        ],
        "tuned_em_test": {
            "acc": [
                0.8854721549636804,
                0.0029256769911851417
            ]
        }
    }
}