{
    "0.0625": {
        "em_test": {
            "acc": [
                0.640314769975787,
                0.01863148532998609
            ]
        },
        "em_val": {
            "acc": [
                0.6592233009708738,
                0.010366095390321656
            ]
        },
        "lm_val": [
            {
                "acc": [
                    0.24466019417475726,
                    0.02633914556553502
                ]
            }
        ],
        "lm_test": {
            "acc": [
                0.23244552058111384,
                2.7755575615628914e-17
            ]
        },
        "tuned_em_val": [
            {
                "acc": [
                    1.0,
                    0.0
                ]
            }
        ],
        "tuned_em_test": {
            "acc": [
                0.8019370460048426,
                0.002579573335673427
            ]
        }
    },
    "0.125": {
        "em_test": {
            "acc": [
                0.640677966101695,
                0.020122361942241013
            ]
        },
        "em_val": {
            "acc": [
                0.6677966101694915,
                0.021406330368329656
            ]
        },
        "lm_val": [
            {
                "acc": [
                    0.24939467312348668,
                    0.008103244809046728
                ]
            }
        ],
        "lm_test": {
            "acc": [
                0.23244552058111384,
                2.7755575615628914e-17
            ]
        },
        "tuned_em_val": [
            {
                "acc": [
                    1.0,
                    0.0
                ]
            }
        ],
        "tuned_em_test": {
            "acc": [
                0.823365617433414,
                0.004287150413952992
            ]
        }
    },
    "0.25": {
        "em_test": {
            "acc": [
                0.6407990314769976,
                0.01706807123348872
            ]
        },
        "em_val": {
            "acc": [
                0.6668280871670703,
                0.013726913107078334
            ]
        },
        "lm_val": [
            {
                "acc": [
                    0.25157384987893455,
                    0.007785925031870962
                ]
            }
        ],
        "lm_test": {
            "acc": [
                0.23244552058111384,
                2.7755575615628914e-17
            ]
        },
        "tuned_em_val": [
            {
                "acc": [
                    1.0,
                    0.0
                ]
            }
        ],
        "tuned_em_test": {
            "acc": [
                0.8547215496368039,
                0.006173147110887165
            ]
        }
    },
    "0.5": {
        "em_test": {
            "acc": [
                0.6426150121065375,
                0.017089525940947096
            ]
        },
        "em_val": {
            "acc": [
                0.6619854721549637,
                0.01559160354363016
            ]
        },
        "lm_val": [
            {
                "acc": [
                    0.25145278450363195,
                    0.007860863477359762
                ]
            }
        ],
        "lm_test": {
            "acc": [
                0.23244552058111384,
                2.7755575615628914e-17
            ]
        },
        "tuned_em_val": [
            {
                "acc": [
                    0.9998789346246972,
                    0.00024213075060530714
                ]
            }
        ],
        "tuned_em_test": {
            "acc": [
                0.8693704600484262,
                0.0022778314433688656
            ]
        }
    },
    "1.0": {
        "em_test": {
            "acc": [
                0.6444309927360775,
                0.017996033100302216
            ]
        },
        "em_val": {
            "acc": [
                0.6619667170953101,
                0.01221791018592168
            ]
        },
        "lm_val": [
            {
                "acc": [
                    0.2520423600605144,
                    0.0023280343796273826
                ]
            }
        ],
        "lm_test": {
            "acc": [
                0.23244552058111384,
                2.7755575615628914e-17
            ]
        },
        "tuned_em_val": [
            {
                "acc": [
                    0.999697428139183,
                    0.0
                ]
            }
        ],
        "tuned_em_test": {
            "acc": [
                0.8832929782082324,
                0.00409480254849582
            ]
        }
    }
}