{
    "0.0625": {
        "em_test": {
            "acc": [
                0.756,
                0.005670804589417435
            ]
        },
        "em_val": {
            "acc": [
                0.7614285714285713,
                0.009689042833036102
            ]
        },
        "lm_val": [
            {
                "acc": [
                    0.5171428571428571,
                    0.02806697529198358
                ]
            }
        ],
        "lm_test": {
            "acc": [
                0.5488888888888889,
                0.0
            ]
        },
        "tuned_em_val": [
            {
                "acc": [
                    1.0,
                    0.0
                ]
            }
        ],
        "tuned_em_test": {
            "acc": [
                0.8146666666666667,
                0.009073635665902106
            ]
        }
    },
    "0.125": {
        "em_test": {
            "acc": [
                0.7527999999999999,
                0.005998518335574386
            ]
        },
        "em_val": {
            "acc": [
                0.7530249110320284,
                0.018229535195538382
            ]
        },
        "lm_val": [
            {
                "acc": [
                    0.5231316725978649,
                    0.02381950253477794
                ]
            }
        ],
        "lm_test": {
            "acc": [
                0.5488888888888889,
                0.0
            ]
        },
        "tuned_em_val": [
            {
                "acc": [
                    1.0,
                    0.0
                ]
            }
        ],
        "tuned_em_test": {
            "acc": [
                0.8345777777777779,
                0.0025204350006680664
            ]
        }
    },
    "0.25": {
        "em_test": {
            "acc": [
                0.7555555555555556,
                0.006266509060271833
            ]
        },
        "em_val": {
            "acc": [
                0.7572953736654805,
                0.010532845969358544
            ]
        },
        "lm_val": [
            {
                "acc": [
                    0.5341637010676157,
                    0.013476225073851596
                ]
            }
        ],
        "lm_test": {
            "acc": [
                0.5488888888888889,
                0.0
            ]
        },
        "tuned_em_val": [
            {
                "acc": [
                    1.0,
                    0.0
                ]
            }
        ],
        "tuned_em_test": {
            "acc": [
                0.8504888888888888,
                0.004396182406712267
            ]
        }
    },
    "0.5": {
        "em_test": {
            "acc": [
                0.7585777777777778,
                0.009653349703280559
            ]
        },
        "em_val": {
            "acc": [
                0.7575111111111111,
                0.008477595745824986
            ]
        },
        "lm_val": [
            {
                "acc": [
                    0.5393777777777778,
                    0.009261522686315436
                ]
            }
        ],
        "lm_test": {
            "acc": [
                0.5488888888888889,
                0.0
            ]
        },
        "tuned_em_val": [
            {
                "acc": [
                    0.9998222222222222,
                    0.0003555555555555756
                ]
            }
        ],
        "tuned_em_test": {
            "acc": [
                0.8744888888888889,
                0.006673182001466109
            ]
        }
    },
    "1.0": {
        "em_test": {
            "acc": [
                0.7602666666666666,
                0.009299834061973706
            ]
        },
        "em_val": {
            "acc": [
                0.7601777777777776,
                0.004791762478913242
            ]
        },
        "lm_val": [
            {
                "acc": [
                    0.5469333333333333,
                    0.002600664682369405
                ]
            }
        ],
        "lm_test": {
            "acc": [
                0.5488888888888889,
                0.0
            ]
        },
        "tuned_em_val": [
            {
                "acc": [
                    0.9995555555555555,
                    0.0
                ]
            }
        ],
        "tuned_em_test": {
            "acc": [
                0.8889777777777776,
                0.004173046966864176
            ]
        }
    }
}