{
    "0.0625": {
        "em_test": {
            "acc": [
                0.7440035866397668,
                0.0069037720665476475
            ]
        },
        "em_val": {
            "acc": [
                0.8136482939632544,
                0.024340206024923115
            ]
        },
        "lm_val": [
            {
                "acc": [
                    0.5984251968503936,
                    0.05714315238078016
                ]
            }
        ],
        "lm_test": {
            "acc": [
                0.5561533288500337,
                0.0
            ]
        },
        "tuned_em_val": [
            {
                "acc": [
                    0.9501312335958004,
                    0.01484738648160727
                ]
            }
        ],
        "tuned_em_test": {
            "acc": [
                0.7765075095270119,
                0.026439592469321833
            ]
        }
    },
    "0.125": {
        "em_test": {
            "acc": [
                0.7602555480833894,
                0.0022472469912310296
            ]
        },
        "em_val": {
            "acc": [
                0.7965879265091864,
                0.010333343666682149
            ]
        },
        "lm_val": [
            {
                "acc": [
                    0.573490813648294,
                    0.026958843286317747
                ]
            }
        ],
        "lm_test": {
            "acc": [
                0.5561533288500337,
                0.0
            ]
        },
        "tuned_em_val": [
            {
                "acc": [
                    0.963254593175853,
                    0.015191387011535754
                ]
            }
        ],
        "tuned_em_test": {
            "acc": [
                0.8110289172831204,
                0.013801173870180376
            ]
        }
    },
    "0.25": {
        "em_test": {
            "acc": [
                0.7577897332436674,
                0.00293562000755631
            ]
        },
        "em_val": {
            "acc": [
                0.7834645669291339,
                0.011250937138767904
            ]
        },
        "lm_val": [
            {
                "acc": [
                    0.573490813648294,
                    0.013383253316516472
                ]
            }
        ],
        "lm_test": {
            "acc": [
                0.5561533288500337,
                0.0
            ]
        },
        "tuned_em_val": [
            {
                "acc": [
                    0.9711286089238845,
                    0.014847386481607322
                ]
            }
        ],
        "tuned_em_test": {
            "acc": [
                0.841179107823358,
                0.007166270954111546
            ]
        }
    },
    "0.5": {
        "em_test": {
            "acc": [
                0.7598072181125307,
                0.013190542810961468
            ]
        },
        "em_val": {
            "acc": [
                0.765748031496063,
                0.011393540258651778
            ]
        },
        "lm_val": [
            {
                "acc": [
                    0.5580708661417323,
                    0.00894893812138178
                ]
            }
        ],
        "lm_test": {
            "acc": [
                0.5561533288500337,
                0.0
            ]
        },
        "tuned_em_val": [
            {
                "acc": [
                    0.943241469816273,
                    0.012484447237821794
                ]
            }
        ],
        "tuned_em_test": {
            "acc": [
                0.8457744900246582,
                0.012030999715932491
            ]
        }
    },
    "1.0": {
        "em_test": {
            "acc": [
                0.770006724949563,
                0.0066630190305769195
            ]
        },
        "em_val": {
            "acc": [
                0.7697983275946877,
                0.005267217053355946
            ]
        },
        "lm_val": [
            {
                "acc": [
                    0.557796360059026,
                    0.0024429684252748724
                ]
            }
        ],
        "lm_test": {
            "acc": [
                0.5561533288500337,
                0.0
            ]
        },
        "tuned_em_val": [
            {
                "acc": [
                    0.9481882275782915,
                    0.012702504638954979
                ]
            }
        ],
        "tuned_em_test": {
            "acc": [
                0.8746917731450347,
                0.001654878173081491
            ]
        }
    }
}