{"0.0625": {"em_test": {"acc": [0.5696328562538893, 0.014655131403164798]}, "lm_test": {"acc": [0.4903546981953951, 0.0]}, "em_val": {"acc": [0.6039999999999999, 0.008000000000000007]}, "lm_val": {"acc": [0.5, 0.0]}}, "0.125": {"em_test": {"acc": [0.527317983820784, 0.10297638487341855]}, "lm_test": {"acc": [0.4903546981953951, 0.0]}, "em_val": {"acc": [0.5469999999999999, 0.09244457799135652]}, "lm_val": {"acc": [0.49, 0.0]}}, "0.25": {"em_test": {"acc": [0.5858120721841942, 0.012204257047548227]}, "lm_test": {"acc": [0.4903546981953951, 0.0]}, "em_val": {"acc": [0.5920199501246882, 0.01227783902752236]}, "lm_val": {"acc": [0.47880299251870323, 0.0]}}, "0.5": {"em_test": {"acc": [0.5738643434971997, 0.009505989522801888]}, "lm_test": {"acc": [0.4903546981953951, 0.0]}, "em_val": {"acc": [0.5872976338729764, 0.007579140251408679]}, "lm_val": {"acc": [0.48194271481942713, 0.0]}}, "1": {"em_test": {"acc": [0.5825762289981332, 0.011334337344146815]}, "lm_test": {"acc": [0.4903546981953951, 0.0]}, "em_val": {"acc": [0.5865588052271312, 0.008849477951278745]}, "lm_val": {"acc": [0.5009334163036714, 0.0]}}}