{"0.0625": {"em_test": {"acc": [0.836, 0.017982293537989733]}, "lm_test": {"acc": [0.7144736842105263, 0.0]}, "em_val": {"acc": [0.79915611814346, 0.007825838392823404]}, "lm_val": {"acc": [0.70042194092827, 0.0]}}, "0.125": {"em_test": {"acc": [0.8486842105263157, 0.004954082789789524]}, "lm_test": {"acc": [0.7144736842105263, 0.0]}, "em_val": {"acc": [0.8353684210526318, 0.005225125745680359]}, "lm_val": {"acc": [0.72, 0.0]}}, "0.25": {"em_test": {"acc": [0.8476842105263158, 0.005971771082475944]}, "lm_test": {"acc": [0.7144736842105263, 0.0]}, "em_val": {"acc": [0.8347368421052632, 0.006950557481776478]}, "lm_val": {"acc": [0.7294736842105263, 0.0]}}, "0.5": {"em_test": {"acc": [0.7893157894736842, 0.12191121150371986]}, "lm_test": {"acc": [0.7144736842105263, 0.0]}, "em_val": {"acc": [0.7749473684210526, 0.11011281044878815]}, "lm_val": {"acc": [0.7347368421052631, 0.0]}}, "1": {"em_test": {"acc": [0.8588947368421053, 0.002628419155617623]}, "lm_test": {"acc": [0.7144736842105263, 0.0]}, "em_val": {"acc": [0.8296842105263158, 0.0007139294719079013]}, "lm_val": {"acc": [0.7242105263157895, 0.0]}}}