{"0.0625": {"em_test": {"acc": [0.5271935283136279, 0.009651522573909816]}, "lm_test": {"acc": [0.4903546981953951, 0.0]}, "em_val": {"acc": [0.642, 0.016000000000000014]}, "lm_val": {"acc": [0.5, 0.0]}}, "0.125": {"em_test": {"acc": [0.5278158058494088, 0.008759758235105298]}, "lm_test": {"acc": [0.4903546981953951, 0.0]}, "em_val": {"acc": [0.581, 0.008602325267042634]}, "lm_val": {"acc": [0.49, 0.0]}}, "0.25": {"em_test": {"acc": [0.536403235843186, 0.006058823370074937]}, "lm_test": {"acc": [0.4903546981953951, 0.0]}, "em_val": {"acc": [0.5825436408977556, 0.006425984402356664]}, "lm_val": {"acc": [0.47880299251870323, 0.0]}}, "0.5": {"em_test": {"acc": [0.5354075917859366, 0.00839129201296208]}, "lm_test": {"acc": [0.4903546981953951, 0.0]}, "em_val": {"acc": [0.5825653798256538, 0.004551847293274505]}, "lm_val": {"acc": [0.48194271481942713, 0.0]}}, "1": {"em_test": {"acc": [0.5505911636589917, 0.004264304094340206]}, "lm_test": {"acc": [0.4903546981953951, 0.0]}, "em_val": {"acc": [0.5858120721841941, 0.006426051347069385]}, "lm_val": {"acc": [0.5009334163036714, 0.0]}}}