{"0.0625": {"em_test": {"acc": [0.8088000000000001, 0.08430041518284473]}, "lm_test": {"acc": [0.84, 0.0]}, "em_val": {"acc": [0.9428571428571428, 0.06998542122237654]}, "lm_val": {"acc": [0.8571428571428571, 0.0]}}, "0.125": {"em_test": {"acc": [0.8656, 0.012800000000000011]}, "lm_test": {"acc": [0.84, 0.0]}, "em_val": {"acc": [0.96, 0.03265986323710903]}, "lm_val": {"acc": [0.9333333333333333, 0.0]}}, "0.25": {"em_test": {"acc": [0.8976000000000001, 0.015304901175767206]}, "lm_test": {"acc": [0.84, 0.0]}, "em_val": {"acc": [0.9666666666666666, 1.1102230246251565e-16]}, "lm_val": {"acc": [0.9666666666666667, 0.0]}}, "0.5": {"em_test": {"acc": [0.8888, 0.01778088861671431]}, "lm_test": {"acc": [0.84, 0.0]}, "em_val": {"acc": [0.9166666666666666, 0.014907119849998594]}, "lm_val": {"acc": [0.85, 0.0]}}, "1": {"em_test": {"acc": [0.908, 0.01991983935678199]}, "lm_test": {"acc": [0.84, 0.0]}, "em_val": {"acc": [0.8933333333333333, 0.009718253158075512]}, "lm_val": {"acc": [0.825, 0.0]}}}