{"0.0625": {"em_test": {"acc": [0.71512, 0.01082929360577134]}, "lm_test": {"acc": [0.7092, 0.0]}, "em_val": {"acc": [0.7448717948717949, 0.007475579352365742]}, "lm_val": {"acc": [0.6923076923076923, 0.0]}}, "0.125": {"em_test": {"acc": [0.69472, 0.0980760194950835]}, "lm_test": {"acc": [0.7148, 0.0]}, "em_val": {"acc": [0.6891025641025641, 0.09344474190457214]}, "lm_val": {"acc": [0.717948717948718, 0.0]}}, "0.25": {"em_test": {"acc": [0.74272, 0.002137662274541973]}, "lm_test": {"acc": [0.7092, 0.0]}, "em_val": {"acc": [0.7343999999999999, 0.0017527121840165414]}, "lm_val": {"acc": [0.7152, 0.0]}}, "0.5": {"em_test": {"acc": [0.7148800000000001, 0.061770879870696335]}, "lm_test": {"acc": [0.7152, 0.0]}, "em_val": {"acc": [0.7153599999999999, 0.058085509380567564]}, "lm_val": {"acc": [0.7136, 0.0]}}, "1": {"em_test": {"acc": [0.745, 0.0010603140229565]}, "lm_test": {"acc": [0.7036, 0.0]}, "em_val": {"acc": [0.74123452, 0.1232141234]}, "lm_val": {"acc": [0.7028, 0.0]}}}