{"0.0625": {"em_test": {"acc": [0.4652, 0.08306720171042238]}, "lm_test": {"acc": [0.362, 0.0]}, "em_val": {"acc": [0.5870967741935484, 0.03761904448287292]}, "lm_val": {"acc": [0.5483870967741935, 0.0]}}, "0.125": {"em_test": {"acc": [0.614, 0.015126136320951241]}, "lm_test": {"acc": [0.576, 0.0]}, "em_val": {"acc": [0.5387096774193548, 0.0129032258064516]}, "lm_val": {"acc": [0.532258064516129, 0.0]}}, "0.25": {"em_test": {"acc": [0.6304000000000001, 0.02064558064090232]}, "lm_test": {"acc": [0.576, 0.0]}, "em_val": {"acc": [0.4816, 0.011757550765359266]}, "lm_val": {"acc": [0.464, 0.0]}}, "0.5": {"em_test": {"acc": [0.5784, 0.015357083056361947]}, "lm_test": {"acc": [0.54, 0.0]}, "em_val": {"acc": [0.5296000000000001, 0.008236504112789608]}, "lm_val": {"acc": [0.472, 0.0]}}, "1": {"em_test": {"acc": [0.6268, 0.011426285485668571]}, "lm_test": {"acc": [0.582, 0.0]}, "em_val": {"acc": [0.5568000000000001, 0.004489988864128698]}, "lm_val": {"acc": [0.498, 0.0]}}}