{"0.0625": {"em_test": {"acc": [0.4524, 0.052784846310281144]}, "lm_test": {"acc": [0.5, 0.0]}, "em_val": {"acc": [0.4709677419354839, 0.015803159630859227]}, "lm_val": {"acc": [0.5161290322580645, 0.0]}}, "0.125": {"em_test": {"acc": [0.4008, 0.07348033750602946]}, "lm_test": {"acc": [0.5, 0.0]}, "em_val": {"acc": [0.564516129032258, 0.017668469596940867]}, "lm_val": {"acc": [0.5645161290322581, 0.0]}}, "0.25": {"em_test": {"acc": [0.4364, 0.04697914430893778]}, "lm_test": {"acc": [0.5, 0.0]}, "em_val": {"acc": [0.496, 0.01131370849898477]}, "lm_val": {"acc": [0.48, 0.0]}}, "0.5": {"em_test": {"acc": [0.4372, 0.04921138079753503]}, "lm_test": {"acc": [0.5, 0.0]}, "em_val": {"acc": [0.4936, 0.010613199329137289]}, "lm_val": {"acc": [0.484, 0.0]}}, "1": {"em_test": {"acc": [0.45640000000000003, 0.026484712571594963]}, "lm_test": {"acc": [0.5, 0.0]}, "em_val": {"acc": [0.5039999999999999, 0.0070427267446636094]}, "lm_val": {"acc": [0.486, 0.0]}}}