{"0.0625": {"em_test": {"acc": [0.5136000000000001, 0.014164744967700631]}, "lm_test": {"acc": [0.5, 0.0]}, "em_val": {"acc": [0.5096774193548387, 0.0129032258064516]}, "lm_val": {"acc": [0.5161290322580645, 0.0]}}, "0.125": {"em_test": {"acc": [0.4984, 0.012862348152650832]}, "lm_test": {"acc": [0.5, 0.0]}, "em_val": {"acc": [0.5580645161290323, 0.007901579815429655]}, "lm_val": {"acc": [0.5645161290322581, 0.0]}}, "0.25": {"em_test": {"acc": [0.48279999999999995, 0.01562561998769969]}, "lm_test": {"acc": [0.5, 0.0]}, "em_val": {"acc": [0.48319999999999996, 0.00960000000000001]}, "lm_val": {"acc": [0.48, 0.0]}}, "0.5": {"em_test": {"acc": [0.4808, 0.025285569006846573]}, "lm_test": {"acc": [0.5, 0.0]}, "em_val": {"acc": [0.4808, 0.0029933259094191557]}, "lm_val": {"acc": [0.484, 0.0]}}, "1": {"em_test": {"acc": [0.49640000000000006, 0.017681628884240293]}, "lm_test": {"acc": [0.5, 0.0]}, "em_val": {"acc": [0.4944, 0.0051224993899462844]}, "lm_val": {"acc": [0.486, 0.0]}}}