{
    "0.5": {
        "em_test": {
            "acc": [
                0.9547894736842105,
                0.004033790790812578
            ]
        },
        "em_val": {
            "acc": [
                0.952,
                0.003191053977099809
            ]
        }
    },
    "0.25": {
        "em_test": {
            "acc": [
                0.9489473684210527,
                0.0033946348413888567
            ]
        },
        "em_val": {
            "acc": [
                0.9463684210526317,
                0.003992375003897446
            ]
        }
    },
    "0.375": {
        "em_test": {
            "acc": [
                0.9532631578947368,
                0.003841023640109247
            ]
        },
        "em_val": {
            "acc": [
                0.9487368421052631,
                0.00307523392799823
            ]
        }
    },
    "0.3125": {
        "em_test": {
            "acc": [
                0.9554736842105264,
                0.002127513992779779
            ]
        },
        "em_val": {
            "acc": [
                0.951578947368421,
                0.000984646680729964
            ]
        }
    },
    "0.34375": {
        "em_test": {
            "acc": [
                0.9555789473684211,
                0.0018110158456931852
            ]
        },
        "em_val": {
            "acc": [
                0.9521578947368422,
                0.002223022324415031
            ]
        }
    }
}