{
    "10": {
        "em_test": {
            "acc": [
                0.7671578947368421,
                0.05655125393242526
            ]
        },
        "em_val": {
            "acc": [
                1.0,
                0.0
            ]
        },
        "lm_val": [
            {}
        ],
        "lm_test": {}
    }
}