{
    "100": {
        "em_test": {
            "acc": [
                0.8682631578947368,
                0.04320331371306456
            ]
        },
        "em_val": {
            "acc": [
                0.8460000000000001,
                0.05003998401278722
            ]
        },
        "lm_val": [
            {
                "acc": [
                    0.664,
                    0.01019803902718558
                ]
            }
        ],
        "lm_test": {
            "acc": [
                0.7021052631578948,
                0.0
            ]
        },
        "tuned_em_val": [
            {
                "acc": [
                    1.0,
                    0.0
                ]
            }
        ],
        "tuned_em_test": {
            "acc": [
                0.9425263157894737,
                0.0074610716407029045
            ]
        }
    }
}