{
    "10": {
        "em_test": {
            "acc": [
                0.5816315789473684,
                0.022193682812609156
            ]
        },
        "em_val": {
            "acc": [
                0.8,
                0.2449489742783178
            ]
        },
        "lm_val": [
            {}
        ],
        "lm_test": {}
    }
}