{
    "0.0625": {
        "em_test": {
            "acc": [
                0.8631052631578948,
                0.05281452415026415
            ]
        },
        "em_val": {
            "acc": [
                0.8455696202531644,
                0.041906190777840135
            ]
        },
        "lm_val": [
            {
                "acc": [
                    0.6675105485232068,
                    0.03503888521861045
                ]
            }
        ],
        "lm_test": {
            "acc": [
                0.7021052631578948,
                0.0
            ]
        },
        "tuned_em_val": [
            {
                "acc": [
                    1.0,
                    0.0
                ]
            }
        ],
        "tuned_em_test": {
            "acc": [
                0.9415263157894737,
                0.002454009100394682
            ]
        }
    },
    "0.125": {
        "em_test": {
            "acc": [
                0.8685789473684211,
                0.04307424499300539
            ]
        },
        "em_val": {
            "acc": [
                0.8517894736842105,
                0.039735413010203065
            ]
        },
        "lm_val": [
            {
                "acc": [
                    0.6783157894736842,
                    0.016055306075736936
                ]
            }
        ],
        "lm_test": {
            "acc": [
                0.7021052631578948,
                0.0
            ]
        },
        "tuned_em_val": [
            {
                "acc": [
                    1.0,
                    0.0
                ]
            }
        ],
        "tuned_em_test": {
            "acc": [
                0.9593684210526316,
                0.005036157353223437
            ]
        }
    },
    "0.25": {
        "em_test": {
            "acc": [
                0.8682631578947368,
                0.04320331371306456
            ]
        },
        "em_val": {
            "acc": [
                0.8570526315789474,
                0.04231212343375933
            ]
        },
        "lm_val": [
            {
                "acc": [
                    0.6787368421052632,
                    0.012725963166069382
                ]
            }
        ],
        "lm_test": {
            "acc": [
                0.7021052631578948,
                0.0
            ]
        },
        "tuned_em_val": [
            {
                "acc": [
                    1.0,
                    0.0
                ]
            }
        ],
        "tuned_em_test": {
            "acc": [
                0.9613684210526315,
                0.001965068916062558
            ]
        }
    },
    "0.5": {
        "em_test": {
            "acc": [
                0.8685789473684211,
                0.04307424499300539
            ]
        },
        "em_val": {
            "acc": [
                0.8582105263157894,
                0.04463406149997311
            ]
        },
        "lm_val": [
            {
                "acc": [
                    0.6813684210526316,
                    0.005010791678068166
                ]
            }
        ],
        "lm_test": {
            "acc": [
                0.7021052631578948,
                0.0
            ]
        },
        "tuned_em_val": [
            {
                "acc": [
                    1.0,
                    0.0
                ]
            }
        ],
        "tuned_em_test": {
            "acc": [
                0.966421052631579,
                0.0008421052631578898
            ]
        }
    },
    "1.0": {
        "em_test": {
            "acc": [
                0.8685789473684211,
                0.04307424499300539
            ]
        },
        "em_val": {
            "acc": [
                0.8565263157894737,
                0.04412598432981173
            ]
        },
        "lm_val": [
            {
                "acc": [
                    0.6855789473684211,
                    0.0019295055557708876
                ]
            }
        ],
        "lm_test": {
            "acc": [
                0.7021052631578948,
                0.0
            ]
        },
        "tuned_em_val": [
            {
                "acc": [
                    1.0,
                    0.0
                ]
            }
        ],
        "tuned_em_test": {
            "acc": [
                0.969578947368421,
                0.0016776186790009692
            ]
        }
    }
}