{
    "100": {
        "em_test": {
            "acc": [
                0.9172105263157896,
                0.030347297223203652
            ]
        },
        "em_val": {
            "acc": [
                0.95,
                0.05477225575051661
            ]
        },
        "lm_val": [
            {}
        ],
        "lm_test": {}
    }
}