{
    "100": {
        "em_test": {
            "acc": [
                0.9478947368421053,
                0.0065314071821004635
            ]
        },
        "em_val": {
            "acc": [
                1.0,
                0.0
            ]
        },
        "lm_val": [
            {}
        ],
        "lm_test": {}
    }
}