{
    "10": {
        "em_test": {
            "acc": [
                0.8426315789473684,
                0.07253636016306834
            ]
        },
        "em_val": {
            "acc": [
                0.8,
                0.0632455532033676
            ]
        },
        "lm_val": [
            {
                "acc": [
                    0.6,
                    0.06324555320336757
                ]
            }
        ],
        "lm_test": {
            "acc": [
                0.7021052631578948,
                0.0
            ]
        },
        "tuned_em_val": [
            {
                "acc": [
                    1.0,
                    0.0
                ]
            }
        ],
        "tuned_em_test": {
            "acc": [
                0.9149473684210525,
                0.01423817972118812
            ]
        }
    }
}