{
    "100": {
        "em_test": {
            "acc": [
                0.8578421052631577,
                0.04935074310357796
            ]
        },
        "em_val": {
            "acc": [
                0.8459999999999999,
                0.055353410012392204
            ]
        },
        "lm_val": [
            {
                "acc": [
                    0.64,
                    0.0782304288624318
                ]
            }
        ],
        "lm_test": {
            "acc": [
                0.7021052631578948,
                0.0
            ]
        },
        "tuned_em_val": [
            {
                "acc": [
                    0.986,
                    0.013564659966250548
                ]
            }
        ],
        "tuned_em_test": {
            "acc": [
                0.9299473684210525,
                0.025772497097646528
            ]
        }
    }
}