{"em_val": {"acc": [0.9681578947368422, 0.002789970164357603]}, "em_test": {"acc": [0.9695789473684211, 0.0021992192016606444]}}