{
    "10": {
        "em_test": {
            "acc": [
                0.784,
                0.09354830473375536
            ]
        },
        "em_val": {
            "acc": [
                0.8400000000000001,
                0.10198039027185571
            ]
        },
        "lm_val": [
            {
                "acc": [
                    0.64,
                    0.20591260281974
                ]
            }
        ],
        "lm_test": {
            "acc": [
                0.7021052631578948,
                0.0
            ]
        },
        "tuned_em_val": [
            {
                "acc": [
                    0.8400000000000001,
                    0.19595917942265426
                ]
            }
        ],
        "tuned_em_test": {
            "acc": [
                0.5644736842105263,
                0.08472670746847628
            ]
        }
    }
}