{
    "0.0625": {
        "em_test": {
            "acc": [
                0.8938166666666666,
                0.0038171397086765994
            ]
        },
        "em_val": {
            "acc": [
                1.0,
                0.0
            ]
        },
        "lm_val": [
            {}
        ],
        "lm_test": {}
    },
    "0.125": {
        "em_test": {
            "acc": [
                0.9023666666666665,
                0.0011311253000638108
            ]
        },
        "em_val": {
            "acc": [
                1.0,
                0.0
            ]
        },
        "lm_val": [
            {}
        ],
        "lm_test": {}
    },
    "0.25": {
        "em_test": {
            "acc": [
                0.9102833333333333,
                0.0018466185312619255
            ]
        },
        "em_val": {
            "acc": [
                0.9997333333333334,
                0.00024944382578493757
            ]
        },
        "lm_val": [
            {}
        ],
        "lm_test": {}
    },
    "0.5": {
        "em_test": {
            "acc": [
                0.9179333333333334,
                0.00046666666666666124
            ]
        },
        "em_val": {
            "acc": [
                0.9992666666666666,
                0.00029059326290273307
            ]
        },
        "lm_val": [
            {}
        ],
        "lm_test": {}
    },
    "1.0": {
        "em_test": {
            "acc": [
                0.9231666666666667,
                0.0012156388352540176
            ]
        },
        "em_val": {
            "acc": [
                0.9985333333333335,
                0.00015456030825828542
            ]
        },
        "lm_val": [
            {}
        ],
        "lm_test": {}
    }
}