{
    "20": {
        "em_test": {
            "acc": [
                0.8611000000000001,
                0.01654433437766538
            ]
        },
        "em_val": {
            "acc": [
                0.93,
                0.05099019513592784
            ]
        },
        "lm_val": [
            {
                "acc": [
                    0.6399999999999999,
                    0.058309518948453015
                ]
            }
        ],
        "lm_test": {
            "acc": [
                0.6384166666666666,
                0.0
            ]
        },
        "tuned_em_val": [
            {
                "acc": [
                    0.95,
                    0.05477225575051661
                ]
            }
        ],
        "tuned_em_test": {
            "acc": [
                0.6276333333333334,
                0.10747739555625432
            ]
        }
    }
}