{
    "200": {
        "em_test": {
            "acc": [
                0.86395,
                0.002584999462712175
            ]
        },
        "em_val": {
            "acc": [
                0.8949999999999999,
                0.016733200530681527
            ]
        },
        "lm_val": [
            {
                "acc": [
                    0.652,
                    0.00979795897113272
                ]
            }
        ],
        "lm_test": {
            "acc": [
                0.6384166666666666,
                0.0
            ]
        },
        "tuned_em_val": [
            {
                "acc": [
                    0.9480000000000001,
                    0.02521904042583695
                ]
            }
        ],
        "tuned_em_test": {
            "acc": [
                0.8619166666666667,
                0.013491149362122996
            ]
        }
    }
}