{
    "200": {
        "em_test": {
            "acc": [
                0.8635333333333334,
                0.008185624255024447
            ]
        },
        "em_val": {
            "acc": [
                0.9199999999999999,
                0.045825756949558386
            ]
        },
        "lm_val": [
            {}
        ],
        "lm_test": {}
    }
}