{
    "200": {
        "em_test": {
            "acc": [
                0.8597999999999999,
                0.010077009035974468
            ]
        },
        "em_val": {
            "acc": [
                0.876,
                0.016248076809271934
            ]
        },
        "lm_val": [
            {
                "acc": [
                    0.6200000000000001,
                    0.025298221281347056
                ]
            }
        ],
        "lm_test": {
            "acc": [
                0.6384166666666666,
                0.0
            ]
        },
        "tuned_em_val": [
            {
                "acc": [
                    1.0,
                    0.0
                ]
            }
        ],
        "tuned_em_test": {
            "acc": [
                0.8717666666666666,
                0.017273968854898375
            ]
        }
    }
}