{
    "20": {
        "em_test": {
            "acc": [
                0.86295,
                0.009576678849046673
            ]
        },
        "em_val": {
            "acc": [
                0.9099999999999999,
                0.037416573867739396
            ]
        },
        "lm_val": [
            {
                "acc": [
                    0.5599999999999999,
                    0.037416573867739396
                ]
            }
        ],
        "lm_test": {
            "acc": [
                0.6384166666666666,
                0.0
            ]
        },
        "tuned_em_val": [
            {
                "acc": [
                    1.0,
                    0.0
                ]
            }
        ],
        "tuned_em_test": {
            "acc": [
                0.8274166666666668,
                0.034459597921172674
            ]
        }
    }
}