{
    "20": {
        "em_test": {
            "acc": [
                0.5907666666666667,
                0.1007913328504876
            ]
        },
        "em_val": {
            "acc": [
                0.7,
                0.291547594742265
            ]
        },
        "lm_val": [
            {}
        ],
        "lm_test": {}
    }
}