{
    "20": {
        "em_test": {
            "acc": [
                0.7689666666666666,
                0.04448600279238902
            ]
        },
        "em_val": {
            "acc": [
                1.0,
                0.0
            ]
        },
        "lm_val": [
            {}
        ],
        "lm_test": {}
    }
}