{
    "200": {
        "em_test": {
            "acc": [
                0.86545,
                0.007151845138765875
            ]
        },
        "em_val": {
            "acc": [
                0.9099999999999999,
                0.05612486080160913
            ]
        },
        "lm_val": [
            {}
        ],
        "lm_test": {}
    }
}