{
    "200": {
        "em_test": {
            "acc": [
                0.8749833333333333,
                0.007143061901827059
            ]
        },
        "em_val": {
            "acc": [
                1.0,
                0.0
            ]
        },
        "lm_val": [
            {}
        ],
        "lm_test": {}
    }
}