{"em_val": {"acc": [0.9126333333333333, 0.0009539392014169461]}, "em_test": {"acc": [0.9166666666666666, 0.0016591497152993145]}}