{
    "0.0625": {
        "em_test": {
            "acc": [
                0.86295,
                0.009813765841918183
            ]
        },
        "em_val": {
            "acc": [
                0.8709333333333333,
                0.009776161482572456
            ]
        },
        "lm_val": [
            {
                "acc": [
                    0.6186666666666667,
                    0.011438725647747871
                ]
            }
        ],
        "lm_test": {
            "acc": [
                0.6384166666666666,
                0.0
            ]
        },
        "tuned_em_val": [
            {
                "acc": [
                    1.0,
                    0.0
                ]
            }
        ],
        "tuned_em_test": {
            "acc": [
                0.8925333333333334,
                0.00389108668055025
            ]
        }
    },
    "0.125": {
        "em_test": {
            "acc": [
                0.8667166666666667,
                0.007818176826401972
            ]
        },
        "em_val": {
            "acc": [
                0.8693333333333333,
                0.010267532431028526
            ]
        },
        "lm_val": [
            {
                "acc": [
                    0.6229333333333333,
                    0.007478561953269422
                ]
            }
        ],
        "lm_test": {
            "acc": [
                0.6384166666666666,
                0.0
            ]
        },
        "tuned_em_val": [
            {
                "acc": [
                    1.0,
                    0.0
                ]
            }
        ],
        "tuned_em_test": {
            "acc": [
                0.9025333333333334,
                0.0022660538387249377
            ]
        }
    },
    "0.25": {
        "em_test": {
            "acc": [
                0.8668666666666667,
                0.007571254115989548
            ]
        },
        "em_val": {
            "acc": [
                0.8695333333333333,
                0.007419493843173476
            ]
        },
        "lm_val": [
            {
                "acc": [
                    0.6240666666666665,
                    0.004682829154356256
                ]
            }
        ],
        "lm_test": {
            "acc": [
                0.6384166666666666,
                0.0
            ]
        },
        "tuned_em_val": [
            {
                "acc": [
                    0.9997333333333334,
                    0.00024944382578493757
                ]
            }
        ],
        "tuned_em_test": {
            "acc": [
                0.9108,
                0.0011384687571958955
            ]
        }
    },
    "0.5": {
        "em_test": {
            "acc": [
                0.8683833333333333,
                0.0072819411331503155
            ]
        },
        "em_val": {
            "acc": [
                0.8686999999999999,
                0.006901207623790676
            ]
        },
        "lm_val": [
            {
                "acc": [
                    0.6283000000000001,
                    0.0004521553322083538
                ]
            }
        ],
        "lm_test": {
            "acc": [
                0.6384166666666666,
                0.0
            ]
        },
        "tuned_em_val": [
            {
                "acc": [
                    0.9993000000000001,
                    0.0001943650631615343
                ]
            }
        ],
        "tuned_em_test": {
            "acc": [
                0.9166833333333333,
                0.0015980891367157629
            ]
        }
    },
    "1.0": {
        "em_test": {
            "acc": [
                0.8683833333333333,
                0.0072819411331503155
            ]
        },
        "em_val": {
            "acc": [
                0.8672833333333333,
                0.005379126323112353
            ]
        },
        "lm_val": [
            {
                "acc": [
                    0.6281000000000001,
                    0.0017562586496426076
                ]
            }
        ],
        "lm_test": {
            "acc": [
                0.6384166666666666,
                0.0
            ]
        },
        "tuned_em_val": [
            {
                "acc": [
                    0.9986333333333335,
                    8.49836585598704e-05
                ]
            }
        ],
        "tuned_em_test": {
            "acc": [
                0.92355,
                0.0015515225496982874
            ]
        }
    }
}