{
    "200": {
        "em_test": {
            "acc": [
                0.8482666666666667,
                0.01055296166959777
            ]
        },
        "em_val": {
            "acc": [
                0.8870000000000001,
                0.01691153452528778
            ]
        },
        "lm_val": [
            {
                "acc": [
                    0.652,
                    0.00979795897113272
                ]
            }
        ],
        "lm_test": {
            "acc": [
                0.6384166666666666,
                0.0
            ]
        },
        "tuned_em_val": [
            {
                "acc": [
                    0.9709999999999999,
                    0.014628738838327807
                ]
            }
        ],
        "tuned_em_test": {
            "acc": [
                0.8624333333333333,
                0.020746110746622148
            ]
        }
    }
}