{
    "0.0625": {
        "em_test": {
            "acc": [
                0.7464888888888889,
                0.029101576046583165
            ]
        },
        "em_val": {
            "acc": [
                1.0,
                0.0
            ]
        },
        "lm_val": [
            {}
        ],
        "lm_test": {}
    },
    "0.125": {
        "em_test": {
            "acc": [
                0.8092444444444444,
                0.015038781143151322
            ]
        },
        "em_val": {
            "acc": [
                0.9992882562277579,
                0.0014234875444839813
            ]
        },
        "lm_val": [
            {}
        ],
        "lm_test": {}
    },
    "0.25": {
        "em_test": {
            "acc": [
                0.8448,
                0.01007389978062733
            ]
        },
        "em_val": {
            "acc": [
                0.998932384341637,
                0.0014234875444839867
            ]
        },
        "lm_val": [
            {}
        ],
        "lm_test": {}
    },
    "0.5": {
        "em_test": {
            "acc": [
                0.8677333333333334,
                0.004268518116815254
            ]
        },
        "em_val": {
            "acc": [
                0.9994666666666667,
                0.0007111111111111123
            ]
        },
        "lm_val": [
            {}
        ],
        "lm_test": {}
    },
    "1.0": {
        "em_test": {
            "acc": [
                0.8838222222222223,
                0.002361836489882036
            ]
        },
        "em_val": {
            "acc": [
                0.999111111111111,
                1.1102230246251565e-16
            ]
        },
        "lm_val": [
            {}
        ],
        "lm_test": {}
    }
}