{
    "0.0625": {
        "em_test": {
            "acc": [
                0.768,
                0.007656837499505082
            ]
        },
        "em_val": {
            "acc": [
                0.787142857142857,
                0.015252968931473328
            ]
        },
        "lm_val": [
            {
                "acc": [
                    0.5314285714285714,
                    0.027701027756664737
                ]
            }
        ],
        "lm_test": {
            "acc": [
                0.5657777777777778,
                0.0
            ]
        },
        "tuned_em_val": [
            {
                "acc": [
                    1.0,
                    0.0
                ]
            }
        ],
        "tuned_em_test": {
            "acc": [
                0.8126222222222221,
                0.011747466235872426
            ]
        }
    },
    "0.125": {
        "em_test": {
            "acc": [
                0.7698666666666666,
                0.008387645235260777
            ]
        },
        "em_val": {
            "acc": [
                0.7822064056939502,
                0.019543815256577897
            ]
        },
        "lm_val": [
            {
                "acc": [
                    0.5352313167259786,
                    0.028255420984027346
                ]
            }
        ],
        "lm_test": {
            "acc": [
                0.5657777777777778,
                0.0
            ]
        },
        "tuned_em_val": [
            {
                "acc": [
                    0.9992882562277579,
                    0.0014234875444839813
                ]
            }
        ],
        "tuned_em_test": {
            "acc": [
                0.8367111111111111,
                0.005737294066881748
            ]
        }
    },
    "0.25": {
        "em_test": {
            "acc": [
                0.7691555555555556,
                0.008331881354987027
            ]
        },
        "em_val": {
            "acc": [
                0.7882562277580071,
                0.011309785467665995
            ]
        },
        "lm_val": [
            {
                "acc": [
                    0.5537366548042705,
                    0.019439858055156814
                ]
            }
        ],
        "lm_test": {
            "acc": [
                0.5657777777777778,
                0.0
            ]
        },
        "tuned_em_val": [
            {
                "acc": [
                    0.998932384341637,
                    0.0014234875444839867
                ]
            }
        ],
        "tuned_em_test": {
            "acc": [
                0.8509333333333334,
                0.007752211950369832
            ]
        }
    },
    "0.5": {
        "em_test": {
            "acc": [
                0.7749333333333334,
                0.007716456680608239
            ]
        },
        "em_val": {
            "acc": [
                0.7829333333333334,
                0.012935089609657799
            ]
        },
        "lm_val": [
            {
                "acc": [
                    0.5584,
                    0.009464058065213289
                ]
            }
        ],
        "lm_test": {
            "acc": [
                0.5657777777777778,
                0.0
            ]
        },
        "tuned_em_val": [
            {
                "acc": [
                    0.9994666666666667,
                    0.0007111111111111123
                ]
            }
        ],
        "tuned_em_test": {
            "acc": [
                0.8725333333333334,
                0.0032828773889101003
            ]
        }
    },
    "1.0": {
        "em_test": {
            "acc": [
                0.7780444444444444,
                0.007246489145667129
            ]
        },
        "em_val": {
            "acc": [
                0.7840888888888888,
                0.006771910028352312
            ]
        },
        "lm_val": [
            {
                "acc": [
                    0.5659555555555555,
                    0.0029427458412883307
                ]
            }
        ],
        "lm_test": {
            "acc": [
                0.5657777777777778,
                0.0
            ]
        },
        "tuned_em_val": [
            {
                "acc": [
                    0.999111111111111,
                    1.1102230246251565e-16
                ]
            }
        ],
        "tuned_em_test": {
            "acc": [
                0.8834666666666667,
                0.001497982181898026
            ]
        }
    }
}