{
    "0.0625": {
        "em_test": {
            "acc": [
                0.7684019370460049,
                0.01088646350913625
            ]
        },
        "em_val": {
            "acc": [
                0.7864077669902912,
                0.017093996953066994
            ]
        },
        "lm_val": [
            {
                "acc": [
                    0.541747572815534,
                    0.028570755280703214
                ]
            }
        ],
        "lm_test": {
            "acc": [
                0.5550847457627118,
                0.0
            ]
        },
        "tuned_em_val": [
            {
                "acc": [
                    1.0,
                    0.0
                ]
            }
        ],
        "tuned_em_test": {
            "acc": [
                0.8196125907990315,
                0.006664096341173325
            ]
        }
    },
    "0.125": {
        "em_test": {
            "acc": [
                0.7715496368038741,
                0.00968976891223427
            ]
        },
        "em_val": {
            "acc": [
                0.7849878934624697,
                0.015496368038740925
            ]
        },
        "lm_val": [
            {
                "acc": [
                    0.5602905569007264,
                    0.02677050839919664
                ]
            }
        ],
        "lm_test": {
            "acc": [
                0.5550847457627118,
                0.0
            ]
        },
        "tuned_em_val": [
            {
                "acc": [
                    1.0,
                    0.0
                ]
            }
        ],
        "tuned_em_test": {
            "acc": [
                0.8421307506053269,
                0.0062720745021736645
            ]
        }
    },
    "0.25": {
        "em_test": {
            "acc": [
                0.7725181598062953,
                0.008572591267361002
            ]
        },
        "em_val": {
            "acc": [
                0.7857142857142858,
                0.010637231300963106
            ]
        },
        "lm_val": [
            {
                "acc": [
                    0.552542372881356,
                    0.017301762794140283
                ]
            }
        ],
        "lm_test": {
            "acc": [
                0.5550847457627118,
                0.0
            ]
        },
        "tuned_em_val": [
            {
                "acc": [
                    1.0,
                    0.0
                ]
            }
        ],
        "tuned_em_test": {
            "acc": [
                0.8538740920096852,
                0.007710258270261825
            ]
        }
    },
    "0.5": {
        "em_test": {
            "acc": [
                0.7725181598062953,
                0.008572591267361002
            ]
        },
        "em_val": {
            "acc": [
                0.779176755447942,
                0.01305262176459423
            ]
        },
        "lm_val": [
            {
                "acc": [
                    0.5475786924939468,
                    0.00894246262112319
                ]
            }
        ],
        "lm_test": {
            "acc": [
                0.5550847457627118,
                0.0
            ]
        },
        "tuned_em_val": [
            {
                "acc": [
                    1.0,
                    0.0
                ]
            }
        ],
        "tuned_em_test": {
            "acc": [
                0.8702179176755449,
                0.0018598415854403272
            ]
        }
    },
    "1.0": {
        "em_test": {
            "acc": [
                0.7734866828087166,
                0.007318199157243316
            ]
        },
        "em_val": {
            "acc": [
                0.7815431164901664,
                0.010404249222553676
            ]
        },
        "lm_val": [
            {
                "acc": [
                    0.550196671709531,
                    0.0025716828273374395
                ]
            }
        ],
        "lm_test": {
            "acc": [
                0.5550847457627118,
                0.0
            ]
        },
        "tuned_em_val": [
            {
                "acc": [
                    1.0,
                    0.0
                ]
            }
        ],
        "tuned_em_test": {
            "acc": [
                0.8840193704600484,
                0.0014628384955925637
            ]
        }
    }
}