{
    "0.0625": {
        "em_test": {
            "acc": [
                0.7359111111111112,
                0.012910020990506121
            ]
        },
        "em_val": {
            "acc": [
                1.0,
                0.0
            ]
        },
        "lm_val": [
            {}
        ],
        "lm_test": {}
    },
    "0.125": {
        "em_test": {
            "acc": [
                0.804711111111111,
                0.015802734565672053
            ]
        },
        "em_val": {
            "acc": [
                1.0,
                0.0
            ]
        },
        "lm_val": [
            {}
        ],
        "lm_test": {}
    },
    "0.25": {
        "em_test": {
            "acc": [
                0.8464,
                0.008561066046460085
            ]
        },
        "em_val": {
            "acc": [
                1.0,
                0.0
            ]
        },
        "lm_val": [
            {}
        ],
        "lm_test": {}
    },
    "0.5": {
        "em_test": {
            "acc": [
                0.8798222222222222,
                0.004000987532418447
            ]
        },
        "em_val": {
            "acc": [
                0.9998222222222222,
                0.0003555555555555756
            ]
        },
        "lm_val": [
            {}
        ],
        "lm_test": {}
    },
    "1.0": {
        "em_test": {
            "acc": [
                0.8934222222222223,
                0.0011030821018658786
            ]
        },
        "em_val": {
            "acc": [
                0.9995555555555555,
                0.0
            ]
        },
        "lm_val": [
            {}
        ],
        "lm_test": {}
    }
}