{
    "0.0625": {
        "em_test": {
            "acc": [
                0.7548426150121066,
                0.004562092901069419
            ]
        },
        "em_val": {
            "acc": [
                0.7776699029126213,
                0.020225889957281213
            ]
        },
        "lm_val": [
            {
                "acc": [
                    0.541747572815534,
                    0.028570755280703214
                ]
            }
        ],
        "lm_test": {
            "acc": [
                0.5550847457627118,
                0.0
            ]
        },
        "tuned_em_val": [
            {
                "acc": [
                    1.0,
                    0.0
                ]
            }
        ],
        "tuned_em_test": {
            "acc": [
                0.818401937046005,
                0.004902774026953162
            ]
        }
    },
    "0.125": {
        "em_test": {
            "acc": [
                0.7548426150121066,
                0.005613570517854543
            ]
        },
        "em_val": {
            "acc": [
                0.7767554479418886,
                0.018401937046004825
            ]
        },
        "lm_val": [
            {
                "acc": [
                    0.5602905569007264,
                    0.02677050839919664
                ]
            }
        ],
        "lm_test": {
            "acc": [
                0.5550847457627118,
                0.0
            ]
        },
        "tuned_em_val": [
            {
                "acc": [
                    1.0,
                    0.0
                ]
            }
        ],
        "tuned_em_test": {
            "acc": [
                0.8382566585956417,
                0.0063302258897827215
            ]
        }
    },
    "0.25": {
        "em_test": {
            "acc": [
                0.7599273607748185,
                0.00681201205648192
            ]
        },
        "em_val": {
            "acc": [
                0.772639225181598,
                0.011647470673903834
            ]
        },
        "lm_val": [
            {
                "acc": [
                    0.552542372881356,
                    0.017301762794140283
                ]
            }
        ],
        "lm_test": {
            "acc": [
                0.5550847457627118,
                0.0
            ]
        },
        "tuned_em_val": [
            {
                "acc": [
                    1.0,
                    0.0
                ]
            }
        ],
        "tuned_em_test": {
            "acc": [
                0.859322033898305,
                0.005763017063153481
            ]
        }
    },
    "0.5": {
        "em_test": {
            "acc": [
                0.7588377723970945,
                0.010744168393381985
            ]
        },
        "em_val": {
            "acc": [
                0.7681598062953995,
                0.006965205745105309
            ]
        },
        "lm_val": [
            {
                "acc": [
                    0.5475786924939468,
                    0.00894246262112319
                ]
            }
        ],
        "lm_test": {
            "acc": [
                0.5550847457627118,
                0.0
            ]
        },
        "tuned_em_val": [
            {
                "acc": [
                    0.9998789346246972,
                    0.00024213075060530714
                ]
            }
        ],
        "tuned_em_test": {
            "acc": [
                0.8763922518159806,
                0.0038551291351309296
            ]
        }
    },
    "1.0": {
        "em_test": {
            "acc": [
                0.7634382566585958,
                0.010978967601699387
            ]
        },
        "em_val": {
            "acc": [
                0.7729500756429653,
                0.004494389017277415
            ]
        },
        "lm_val": [
            {
                "acc": [
                    0.550196671709531,
                    0.0025716828273374395
                ]
            }
        ],
        "lm_test": {
            "acc": [
                0.5550847457627118,
                0.0
            ]
        },
        "tuned_em_val": [
            {
                "acc": [
                    0.999697428139183,
                    0.0
                ]
            }
        ],
        "tuned_em_test": {
            "acc": [
                0.8846246973365618,
                0.003053152593927006
            ]
        }
    }
}