{
    "0.0625": {
        "em_test": {
            "acc": [
                0.7584888888888889,
                0.004136916010033807
            ]
        },
        "em_val": {
            "acc": [
                0.7757142857142856,
                0.007284313590846845
            ]
        },
        "lm_val": [
            {
                "acc": [
                    0.5314285714285714,
                    0.027701027756664737
                ]
            }
        ],
        "lm_test": {
            "acc": [
                0.5657777777777778,
                0.0
            ]
        },
        "tuned_em_val": [
            {
                "acc": [
                    1.0,
                    0.0
                ]
            }
        ],
        "tuned_em_test": {
            "acc": [
                0.8129777777777779,
                0.006485844034472778
            ]
        }
    },
    "0.125": {
        "em_test": {
            "acc": [
                0.7685333333333333,
                0.005972116278130061
            ]
        },
        "em_val": {
            "acc": [
                0.7736654804270463,
                0.0160102802550918
            ]
        },
        "lm_val": [
            {
                "acc": [
                    0.5352313167259786,
                    0.028255420984027346
                ]
            }
        ],
        "lm_test": {
            "acc": [
                0.5657777777777778,
                0.0
            ]
        },
        "tuned_em_val": [
            {
                "acc": [
                    1.0,
                    0.0
                ]
            }
        ],
        "tuned_em_test": {
            "acc": [
                0.8431111111111111,
                0.005486684217603892
            ]
        }
    },
    "0.25": {
        "em_test": {
            "acc": [
                0.7656888888888889,
                0.01053023864525047
            ]
        },
        "em_val": {
            "acc": [
                0.7750889679715302,
                0.007845340813184557
            ]
        },
        "lm_val": [
            {
                "acc": [
                    0.5537366548042705,
                    0.019439858055156814
                ]
            }
        ],
        "lm_test": {
            "acc": [
                0.5657777777777778,
                0.0
            ]
        },
        "tuned_em_val": [
            {
                "acc": [
                    1.0,
                    0.0
                ]
            }
        ],
        "tuned_em_test": {
            "acc": [
                0.8534222222222223,
                0.003909090387074843
            ]
        }
    },
    "0.5": {
        "em_test": {
            "acc": [
                0.7690666666666668,
                0.008430866276536438
            ]
        },
        "em_val": {
            "acc": [
                0.7722666666666667,
                0.010906923840126556
            ]
        },
        "lm_val": [
            {
                "acc": [
                    0.5584,
                    0.009464058065213289
                ]
            }
        ],
        "lm_test": {
            "acc": [
                0.5657777777777778,
                0.0
            ]
        },
        "tuned_em_val": [
            {
                "acc": [
                    0.9998222222222222,
                    0.0003555555555555756
                ]
            }
        ],
        "tuned_em_test": {
            "acc": [
                0.8730666666666667,
                0.006487062147740051
            ]
        }
    },
    "1.0": {
        "em_test": {
            "acc": [
                0.7708444444444444,
                0.006238708318352582
            ]
        },
        "em_val": {
            "acc": [
                0.7792,
                0.008177777777777794
            ]
        },
        "lm_val": [
            {
                "acc": [
                    0.5659555555555555,
                    0.0029427458412883307
                ]
            }
        ],
        "lm_test": {
            "acc": [
                0.5657777777777778,
                0.0
            ]
        },
        "tuned_em_val": [
            {
                "acc": [
                    0.9995555555555555,
                    0.0
                ]
            }
        ],
        "tuned_em_test": {
            "acc": [
                0.8918222222222223,
                0.002259247115935802
            ]
        }
    }
}