{"0.0625": {"lm_val": {"acc": [1.0, 0.0]}, "lm_test": {"acc": [0.8400000000000001, 1.1102230246251565e-16]}, "em_test": {"acc": [0.7768, 0.08913450510324271]}, "em_val": {"acc": [1.0, 0.0]}}, "0.125": {"lm_val": {"acc": [0.7333333333333333, 0.0]}, "lm_test": {"acc": [0.8400000000000001, 1.1102230246251565e-16]}, "em_test": {"acc": [0.9016, 0.027550680572356125]}, "em_val": {"acc": [0.9600000000000002, 0.03265986323710904]}}, "0.25": {"lm_val": {"acc": [0.7666666666666667, 0.0]}, "lm_test": {"acc": [0.8400000000000001, 1.1102230246251565e-16]}, "em_test": {"acc": [0.9272, 0.020614557962760183]}, "em_val": {"acc": [0.9533333333333334, 0.026666666666666658]}}, "0.5": {"lm_val": {"acc": [0.8166666666666667, 0.0]}, "lm_test": {"acc": [0.8400000000000001, 1.1102230246251565e-16]}, "em_test": {"acc": [0.9335999999999999, 0.021105449533236644]}, "em_val": {"acc": [0.95, 0.018257418583505554]}}, "1.0": {"lm_val": {"acc": [0.8166666666666667, 0.0]}, "lm_test": {"acc": [0.8400000000000001, 1.1102230246251565e-16]}, "em_test": {"acc": [0.9495999999999999, 0.010613199329137261]}, "em_val": {"acc": [0.9349999999999999, 0.009718253158075466]}}}