{"0.0625": {"lm_val": {"acc": [1.0, 0.0]}, "lm_test": {"acc": [0.8400000000000001, 1.1102230246251565e-16]}, "em_test": {"acc": [0.8288, 0.06690411048657624]}, "em_val": {"acc": [1.0, 0.0]}}, "0.125": {"lm_val": {"acc": [0.7333333333333333, 0.0]}, "lm_test": {"acc": [0.8400000000000001, 1.1102230246251565e-16]}, "em_test": {"acc": [0.8952, 0.027874002224294977]}, "em_val": {"acc": [0.9866666666666667, 0.02666666666666666]}}, "0.25": {"lm_val": {"acc": [0.7666666666666667, 0.0]}, "lm_test": {"acc": [0.8400000000000001, 1.1102230246251565e-16]}, "em_test": {"acc": [0.916, 0.019099738218101306]}, "em_val": {"acc": [0.9333333333333333, 0.0]}}, "0.5": {"lm_val": {"acc": [0.8166666666666667, 0.0]}, "lm_test": {"acc": [0.8400000000000001, 1.1102230246251565e-16]}, "em_test": {"acc": [0.9343999999999999, 0.01611955334368787]}, "em_val": {"acc": [0.9233333333333332, 0.013333333333333336]}}, "1.0": {"lm_val": {"acc": [0.8166666666666667, 0.0]}, "lm_test": {"acc": [0.8400000000000001, 1.1102230246251565e-16]}, "em_test": {"acc": [0.9359999999999999, 0.025298221281347007]}, "em_val": {"acc": [0.9349999999999999, 0.01433720877840439]}}}