{"0.0625": {"lm_val": {"acc": [1.0, 0.0]}, "lm_test": {"acc": [0.8320000000000001, 1.1102230246251565e-16]}, "em_test": {"acc": [0.8, 0.07581028953908567]}, "em_val": {"acc": [1.0, 0.0]}}, "0.125": {"lm_val": {"acc": [1.0, 0.0]}, "lm_test": {"acc": [0.8320000000000001, 1.1102230246251565e-16]}, "em_test": {"acc": [0.8792, 0.026701310829245845]}, "em_val": {"acc": [1.0, 0.0]}}, "0.25": {"lm_val": {"acc": [0.8333333333333334, 0.0]}, "lm_test": {"acc": [0.8320000000000001, 1.1102230246251565e-16]}, "em_test": {"acc": [0.8688, 0.03350462654619507]}, "em_val": {"acc": [0.9333333333333333, 0.0]}}, "0.5": {"lm_val": {"acc": [0.8166666666666667, 0.0]}, "lm_test": {"acc": [0.8320000000000001, 1.1102230246251565e-16]}, "em_test": {"acc": [0.9048, 0.018486752013266165]}, "em_val": {"acc": [0.9166666666666666, 0.033333333333333326]}}, "1.0": {"lm_val": {"acc": [0.8333333333333334, 0.0]}, "lm_test": {"acc": [0.8320000000000001, 1.1102230246251565e-16]}, "em_test": {"acc": [0.9232000000000001, 0.020143485299222656]}, "em_val": {"acc": [0.9116666666666667, 0.011303883305208791]}}}