{
    "0.0625": {
        "em_test": {
            "acc": [
                0.9,
                0.030039973368829766
            ]
        },
        "em_val": {
            "acc": [
                0.9714285714285715,
                0.05714285714285716
            ]
        },
        "lm_val": [
            {
                "acc": [
                    0.8571428571428571,
                    0.12777531299998796
                ]
            }
        ],
        "lm_test": {
            "acc": [
                0.8400000000000001,
                1.1102230246251565e-16
            ]
        }
    },
    "0.125": {
        "em_test": {
            "acc": [
                0.908,
                0.020238577025077607
            ]
        },
        "em_val": {
            "acc": [
                0.96,
                0.03265986323710903
            ]
        },
        "lm_val": [
            {
                "acc": [
                    0.8666666666666668,
                    0.059628479399994376
                ]
            }
        ],
        "lm_test": {
            "acc": [
                0.8400000000000001,
                1.1102230246251565e-16
            ]
        }
    },
    "0.25": {
        "em_test": {
            "acc": [
                0.9128000000000001,
                0.023378622713923918
            ]
        },
        "em_val": {
            "acc": [
                0.9466666666666667,
                0.03399346342395189
            ]
        },
        "lm_val": [
            {
                "acc": [
                    0.82,
                    0.08589399151150087
                ]
            }
        ],
        "lm_test": {
            "acc": [
                0.8400000000000001,
                1.1102230246251565e-16
            ]
        }
    },
    "0.5": {
        "em_test": {
            "acc": [
                0.9256,
                0.01030727898138007
            ]
        },
        "em_val": {
            "acc": [
                0.9466666666666667,
                0.01943650631615101
            ]
        },
        "lm_val": [
            {
                "acc": [
                    0.8200000000000001,
                    0.03399346342395189
                ]
            }
        ],
        "lm_test": {
            "acc": [
                0.8400000000000001,
                1.1102230246251565e-16
            ]
        }
    },
    "1.0": {
        "em_test": {
            "acc": [
                0.9423999999999999,
                0.01148216007552582
            ]
        },
        "em_val": {
            "acc": [
                0.9349999999999999,
                0.009718253158075509
            ]
        },
        "lm_val": [
            {
                "acc": [
                    0.8233333333333335,
                    0.014337208778404371
                ]
            }
        ],
        "lm_test": {
            "acc": [
                0.8400000000000001,
                1.1102230246251565e-16
            ]
        }
    }
}