{"0.0625": {"em_val": {"acc": [1.0, 0.0]}, "em_test": {"acc": [0.6224, 0.07583561168738599]}}, "0.125": {"em_val": {"acc": [0.9733333333333334, 0.03265986323710904]}, "em_test": {"acc": [0.7712, 0.059080961400437636]}}, "0.25": {"em_val": {"acc": [0.9800000000000001, 0.016329931618554516]}, "em_test": {"acc": [0.8368, 0.0421350210632438]}}, "0.5": {"em_val": {"acc": [0.99, 0.008164965809277286]}, "em_test": {"acc": [0.8712, 0.05720978937209959]}}, "1.0": {"em_val": {"acc": [0.9916666666666668, 0.007453559924999322]}, "em_test": {"acc": [0.9368000000000001, 0.014837789592793095]}}}