{"0.0625": {"lm_val": {"acc": [0.9714285714285713, 0.05714285714285716]}, "lm_test": {"acc": [0.7352000000000001, 0.06719047551550743]}, "em_test": {"acc": [0.76, 0.1302551342558135]}, "em_val": {"acc": [1.0, 0.0]}}, "0.125": {"lm_val": {"acc": [1.0, 0.0]}, "lm_test": {"acc": [0.8192, 0.022399999999999965]}, "em_test": {"acc": [0.8792, 0.03203997503120128]}, "em_val": {"acc": [1.0, 0.0]}}, "0.25": {"lm_val": {"acc": [0.82, 0.02666666666666666]}, "lm_test": {"acc": [0.8055999999999999, 0.011757550765359212]}, "em_test": {"acc": [0.8744, 0.022712111306525444]}, "em_val": {"acc": [0.9333333333333333, 0.0]}}, "0.5": {"lm_val": {"acc": [0.8300000000000001, 0.006666666666666687]}, "lm_test": {"acc": [0.8368, 0.0029933259094191557]}, "em_test": {"acc": [0.9087999999999999, 0.0414458683103636]}, "em_val": {"acc": [0.9133333333333333, 0.019436506316150973]}}, "1.0": {"lm_val": {"acc": [0.8216666666666667, 0.039999999999999994]}, "lm_test": {"acc": [0.8392, 0.0016000000000000014]}, "em_test": {"acc": [0.9304, 0.00741889479639654]}, "em_val": {"acc": [0.9133333333333333, 0.02013840995599096]}}}