{"em_val": {"acc": [0.9533333333333334, 0.01545603082582617]}, "em_test": {"acc": [0.9696, 0.011482160075525868]}}