{"0.0625": {"lm_val": {"acc": [1.0, 0.0]}, "lm_test": {"acc": [0.8400000000000001, 1.1102230246251565e-16]}, "em_test": {"acc": [0.7872, 0.07039999999999998]}, "em_val": {"acc": [1.0, 0.0]}}, "0.125": {"lm_val": {"acc": [0.7333333333333333, 0.0]}, "lm_test": {"acc": [0.8400000000000001, 1.1102230246251565e-16]}, "em_test": {"acc": [0.8944000000000001, 0.026363611285254555]}, "em_val": {"acc": [1.0, 0.0]}}, "0.25": {"lm_val": {"acc": [0.7666666666666667, 0.0]}, "lm_test": {"acc": [0.8400000000000001, 1.1102230246251565e-16]}, "em_test": {"acc": [0.9168000000000001, 0.018829763673503728]}, "em_val": {"acc": [0.9333333333333333, 0.0]}}, "0.5": {"lm_val": {"acc": [0.8166666666666667, 0.0]}, "lm_test": {"acc": [0.8400000000000001, 1.1102230246251565e-16]}, "em_test": {"acc": [0.9248, 0.028888752136428435]}, "em_val": {"acc": [0.9366666666666668, 0.012472191289246462]}}, "1.0": {"lm_val": {"acc": [0.8166666666666667, 0.0]}, "lm_test": {"acc": [0.8400000000000001, 1.1102230246251565e-16]}, "em_test": {"acc": [0.952, 0.018242806801586176]}, "em_val": {"acc": [0.9383333333333332, 0.008498365855987945]}}}