{"0.0625": {"lm_val": {"acc": [1.0, 0.0]}, "lm_test": {"acc": [0.8400000000000001, 1.1102230246251565e-16]}, "em_test": {"acc": [0.8624, 0.044297178239702806]}, "em_val": {"acc": [1.0, 0.0]}}, "0.125": {"lm_val": {"acc": [0.7333333333333333, 0.0]}, "lm_test": {"acc": [0.8400000000000001, 1.1102230246251565e-16]}, "em_test": {"acc": [0.8968, 0.052908978444116635]}, "em_val": {"acc": [0.9733333333333334, 0.03265986323710904]}}, "0.25": {"lm_val": {"acc": [0.7666666666666667, 0.0]}, "lm_test": {"acc": [0.8400000000000001, 1.1102230246251565e-16]}, "em_test": {"acc": [0.9239999999999998, 0.02439672109116302]}, "em_val": {"acc": [0.9733333333333334, 0.024944382578492935]}}, "0.5": {"lm_val": {"acc": [0.8166666666666667, 0.0]}, "lm_test": {"acc": [0.8400000000000001, 1.1102230246251565e-16]}, "em_test": {"acc": [0.9368000000000001, 0.00890842298052799]}, "em_val": {"acc": [0.95, 0.02788866755113583]}}, "1.0": {"lm_val": {"acc": [0.8166666666666667, 0.0]}, "lm_test": {"acc": [0.8400000000000001, 1.1102230246251565e-16]}, "em_test": {"acc": [0.9423999999999999, 0.017816845961056038]}, "em_val": {"acc": [0.9400000000000001, 0.01615893285805444]}}}