{"0.0625": {"lm_val": {"acc": [1.0, 0.0]}, "lm_test": {"acc": [0.8320000000000001, 1.1102230246251565e-16]}, "em_test": {"acc": [0.8168, 0.05567908045217701]}, "em_val": {"acc": [1.0, 0.0]}}, "0.125": {"lm_val": {"acc": [1.0, 0.0]}, "lm_test": {"acc": [0.8320000000000001, 1.1102230246251565e-16]}, "em_test": {"acc": [0.8855999999999999, 0.0286886737232658]}, "em_val": {"acc": [0.9333333333333333, 0.0]}}, "0.25": {"lm_val": {"acc": [0.8333333333333334, 0.0]}, "lm_test": {"acc": [0.8320000000000001, 1.1102230246251565e-16]}, "em_test": {"acc": [0.8712, 0.02014348529922269]}, "em_val": {"acc": [0.9333333333333333, 0.0]}}, "0.5": {"lm_val": {"acc": [0.8166666666666667, 0.0]}, "lm_test": {"acc": [0.8320000000000001, 1.1102230246251565e-16]}, "em_test": {"acc": [0.8912000000000001, 0.02030172406471925]}, "em_val": {"acc": [0.9066666666666666, 0.027080128015453203]}}, "1.0": {"lm_val": {"acc": [0.8333333333333334, 0.0]}, "lm_test": {"acc": [0.8320000000000001, 1.1102230246251565e-16]}, "em_test": {"acc": [0.9072000000000001, 0.014620533505997665]}, "em_val": {"acc": [0.9016666666666666, 0.021343747458109498]}}}