{"0.0625": {"lm_val": {"acc": [0.8571428571428571, 0.0]}, "lm_test": {"acc": [0.628, 0.0]}, "em_test": {"acc": [0.652, 0.027364210202379304]}, "em_val": {"acc": [1.0, 0.0]}}, "0.125": {"lm_val": {"acc": [0.8666666666666668, 1.1102230246251565e-16]}, "lm_test": {"acc": [0.72, 0.0]}, "em_test": {"acc": [0.8112, 0.036608195803672146]}, "em_val": {"acc": [0.9466666666666667, 0.02666666666666666]}}, "0.25": {"lm_val": {"acc": [0.7666666666666667, 0.0]}, "lm_test": {"acc": [0.784, 0.0]}, "em_test": {"acc": [0.8728, 0.03721505071876162]}, "em_val": {"acc": [0.9266666666666667, 0.01333333333333333]}}, "0.5": {"lm_val": {"acc": [0.75, 0.0]}, "lm_test": {"acc": [0.776, 0.0]}, "em_test": {"acc": [0.9144, 0.02512050954897212]}, "em_val": {"acc": [0.9200000000000002, 0.016329931618554516]}}, "1.0": {"lm_val": {"acc": [0.7833333333333333, 0.0]}, "lm_test": {"acc": [0.776, 0.0]}, "em_test": {"acc": [0.8968, 0.0249671784549236]}, "em_val": {"acc": [0.9, 0.01054092553389456]}}}