{
    "0.5": {
        "em_test": {
            "acc": [
                0.9640000000000001,
                0.016395121225535336
            ]
        },
        "em_val": {
            "acc": [
                0.9483333333333335,
                0.0062360956446232485
            ]
        }
    },
    "0.25": {
        "em_test": {
            "acc": [
                0.968,
                0.007589466384404117
            ]
        },
        "em_val": {
            "acc": [
                0.9433333333333334,
                0.008164965809277272
            ]
        }
    },
    "0.125": {
        "em_test": {
            "acc": [
                0.9576,
                0.009666436778875666
            ]
        },
        "em_val": {
            "acc": [
                0.9400000000000001,
                0.016996731711975955
            ]
        }
    },
    "0.0625": {
        "em_test": {
            "acc": [
                0.9384,
                0.01329059818066888
            ]
        },
        "em_val": {
            "acc": [
                0.9183333333333333,
                0.013333333333333336
            ]
        }
    },
    "0.03125": {
        "em_test": {
            "acc": [
                0.8904,
                0.0307349963396777
            ]
        },
        "em_val": {
            "acc": [
                0.8916666666666666,
                0.027386127875258317
            ]
        }
    }
}