{"0.0625": {"lm_val": {"acc": [0.8571428571428571, 0.0]}, "lm_test": {"acc": [0.628, 0.0]}, "em_test": {"acc": [0.6792, 0.05533317269052987]}, "em_val": {"acc": [1.0, 0.0]}}, "0.125": {"lm_val": {"acc": [0.8666666666666668, 1.1102230246251565e-16]}, "lm_test": {"acc": [0.72, 0.0]}, "em_test": {"acc": [0.8320000000000001, 0.02359660992600419]}, "em_val": {"acc": [0.9866666666666667, 0.02666666666666666]}}, "0.25": {"lm_val": {"acc": [0.7666666666666667, 0.0]}, "lm_test": {"acc": [0.784, 0.0]}, "em_test": {"acc": [0.8800000000000001, 0.016970562748477157]}, "em_val": {"acc": [0.9400000000000001, 0.01333333333333333]}}, "0.5": {"lm_val": {"acc": [0.75, 0.0]}, "lm_test": {"acc": [0.776, 0.0]}, "em_test": {"acc": [0.9272, 0.009260669522232149]}, "em_val": {"acc": [0.9, 0.02357022603955158]}}, "1.0": {"lm_val": {"acc": [0.7833333333333333, 0.0]}, "lm_test": {"acc": [0.776, 0.0]}, "em_test": {"acc": [0.9040000000000001, 0.01959591794226544]}, "em_val": {"acc": [0.9066666666666666, 0.009718253158075467]}}}