{
    "4": {
        "em_test": {
            "acc": [
                0.6344000000000001,
                0.13697532624527672
            ]
        },
        "em_val": {
            "acc": [
                0.9,
                0.2
            ]
        },
        "lm_val": [
            {}
        ],
        "lm_test": {}
    }
}