{"0.0625": {"lm_val": {"f1_binary": [0.5238095238095238, 0.0]}, "em_test": {"f1_binary": [0.5422261973129017, 0.027408894784238066]}, "lm_test": {"f1_binary": [0.6030513176144244, 0.0]}, "em_val": {"f1_binary": [0.48756278820359455, 0.024767000283847027]}}, "0.125": {"lm_val": {"f1_binary": [0.6136363636363636, 0.0]}, "em_test": {"f1_binary": [0.5570950752603306, 0.009360209768513645]}, "lm_test": {"f1_binary": [0.6030513176144244, 0.0]}, "em_val": {"f1_binary": [0.537103846364053, 0.013873944510826316]}}, "0.25": {"lm_val": {"f1_binary": [0.5842696629213483, 0.0]}, "em_test": {"f1_binary": [0.5491078388948659, 0.03075947077244647]}, "lm_test": {"f1_binary": [0.6030513176144244, 0.0]}, "em_val": {"f1_binary": [0.5447576057426908, 0.03502606447467332]}}, "0.5": {"lm_val": {"f1_binary": [0.5646437994722955, 0.0]}, "em_test": {"f1_binary": [0.5713853496995311, 0.005204483133964241]}, "lm_test": {"f1_binary": [0.6030513176144244, 0.0]}, "em_val": {"f1_binary": [0.5947555696461998, 0.009182339388866168]}}, "1": {"lm_val": {"f1_binary": [0.5718349928876245, 0.0]}, "em_test": {"f1_binary": [0.5733019240136429, 0.006959727272714464]}, "lm_test": {"f1_binary": [0.6030513176144244, 0.0]}, "em_val": {"f1_binary": [0.5784290321711958, 0.007642589451216653]}}}