{"em_val": {"f1_binary": [0.6700629970796783, 0.0018375731424063878]}, "em_test": {"f1_binary": [0.6708423492343483, 0.0035660783983332374]}}